city,year,season,lat,lon,records,avg_temp,avg_temp_max,avg_temp_min,avg_temp_range,avg_apparent_temp,avg_apparent_gap,avg_humidity,total_precipitation,avg_precipitation,rainy_days,heavy_rain_days,avg_wind,avg_wind_gust,windy_days,gusty_days,avg_sunshine_hour,sunny_days,low_sunshine_days,avg_shortwave,hot_days,extreme_hot_days,cold_days,freezing_days,avg_pm25,avg_pm10,avg_co,avg_no2,avg_so2,avg_ozone,avg_dust,good_air_days,polluted_days,dusty_days,ozone_high_days,climate_comfort_index,air_quality_score,tourism_comfort_index,pollution_index,summer_escape_index,winter_retirement_index,city_type
三亚,2016,秋季,18.2528,109.5119,91,26.357142857142858,28.603296703296703,24.626373626373628,3.976923076923077,30.04725274725275,3.6901098901098894,84.12087912087912,604.6,6.643956043956044,70,5,20.021978021978025,35.46263736263736,12,12,9.14821053113553,74,7,15.034175824175824,23,0,0,0,,,,,,,,0.0,0.0,0.0,0.0,72.35560151043836,,,,,,滨海暖冬度假型
三亚,2016,春季,18.2528,109.5119,92,25.98913043478261,28.82608695652174,23.918478260869566,4.907608695652174,30.280434782608697,4.291304347826086,84.3586956521739,135.8,1.4760869565217392,46,0,15.368478260869566,27.93586956521739,0,0,10.566938375603865,83,4,20.32282608695652,44,0,0,0,,,,,,,,0.0,0.0,0.0,0.0,71.88738264077469,,,,,,滨海暖冬度假型
三亚,2016,夏季,18.2528,109.5119,92,28.483695652173918,30.567391304347822,26.73478260869565,3.832608695652174,34.042391304347824,5.558695652173912,85.56521739130434,875.1,9.511956521739132,90,4,18.84130434782609,34.625,8,8,10.25191560990338,77,7,19.602065217391303,71,0,0,0,,,,,,,,0.0,0.0,0.0,0.0,64.98407873961078,,,,36.75104320356129,,滨海暖冬度假型
三亚,2016,冬季,18.2528,109.5119,91,21.353846153846156,24.140659340659344,19.052747252747253,5.087912087912088,21.986813186813187,0.6329670329670332,79.38461538461539,120.6,1.3252747252747252,36,0,20.732967032967032,36.24505494505495,6,7,8.29612268009768,63,8,12.757912087912088,0,0,0,0,,,,,,,,0.0,0.0,0.0,0.0,81.11886135269185,,,,,84.77107661398001,滨海暖冬度假型
三亚,2017,秋季,18.2528,109.5119,91,26.352747252747253,28.73076923076923,24.4978021978022,4.232967032967033,29.834065934065936,3.4813186813186814,80.65934065934066,542.9,5.965934065934066,69,4,21.11868131868132,45.2010989010989,10,26,9.353317032967032,73,6,16.726263736263736,26,0,0,0,,,,,,,,0.0,0.0,0.0,0.0,72.91024326466868,,,,,,滨海暖冬度假型
三亚,2017,春季,18.2528,109.5119,92,25.88804347826087,28.330434782608695,23.969565217391303,4.360869565217391,30.02717391304348,4.139130434782609,83.71739130434783,210.5,2.2880434782608696,69,0,16.01086956521739,36.73804347826087,2,9,10.878282155797102,84,1,20.289239130434783,12,0,0,0,,,,,,,,0.0,0.0,0.0,0.0,72.63244261785236,,,,,,滨海暖冬度假型
三亚,2017,夏季,18.2528,109.5119,92,28.355434782608693,30.1,26.73586956521739,3.364130434782609,34.00760869565217,5.652173913043479,85.1195652173913,711.6,7.734782608695652,87,3,18.03369565217391,40.43804347826087,2,12,10.189775120772946,79,7,19.79217391304348,54,0,0,0,,,,,,,,0.0,0.0,0.0,0.0,65.23157802469215,,,,38.7826903487618,,滨海暖冬度假型
三亚,2017,冬季,18.2528,109.5119,90,21.813333333333333,24.813333333333333,19.68,5.133333333333334,21.832222222222224,0.0188888888888889,74.46666666666667,20.0,0.2222222222222222,22,0,23.921111111111117,49.90555555555556,10,45,9.233150185185185,72,4,15.169444444444444,0,0,0,0,,,,,,,,0.0,0.0,0.0,0.0,83.54536093164704,,,,,86.43190468542751,滨海暖冬度假型
三亚,2018,秋季,18.2528,109.5119,91,26.31648351648352,28.882417582417585,24.2,4.682417582417583,29.85604395604396,3.53956043956044,79.75824175824175,159.8,1.7560439560439562,58,1,18.23736263736264,39.66263736263736,0,18,10.384488522588525,84,1,18.618901098901095,10,0,0,0,,,,,,,,0.0,0.0,0.0,0.0,73.82988560160177,,,,,,滨海暖冬度假型
三亚,2018,春季,18.2528,109.5119,92,25.721739130434784,28.27608695652174,23.631521739130434,4.644565217391304,29.407608695652176,3.685869565217391,80.82608695652173,98.9,1.075,58,0,16.196739130434782,36.89347826086957,1,7,11.47147518115942,91,0,21.34,30,0,0,0,,,,,,,,0.0,0.0,0.0,0.0,73.4907468572353,,,,,,滨海暖冬度假型
三亚,2018,夏季,18.2528,109.5119,92,27.972826086956523,29.61521739130435,26.51086956521739,3.104347826086957,33.21195652173913,5.239130434782608,85.97826086956522,1068.0,11.608695652173912,91,12,20.55434782608696,45.69021739130435,12,31,8.293101358695653,57,18,17.566847826086956,43,0,0,0,,,,,,,,0.0,0.0,0.0,0.0,65.81419782341953,,,,39.97875821418702,,滨海暖冬度假型
三亚,2018,冬季,18.2528,109.5119,90,21.7,24.66555555555556,19.506666666666664,5.158888888888889,22.04888888888889,0.3488888888888891,76.34444444444445,14.4,0.16,21,0,22.75555555555556,47.3,10,33,9.14112225308642,72,5,15.255888888888888,0,0,0,0,,,,,,,,0.0,0.0,0.0,0.0,81.30763740681225,,,,,86.10435720277486,滨海暖冬度假型
三亚,2019,秋季,18.2528,109.5119,91,26.284615384615385,29.026373626373623,24.068131868131868,4.958241758241758,29.32747252747253,3.0428571428571427,77.72527472527473,205.7,2.2604395604395604,64,2,21.096703296703296,45.24175824175824,12,32,10.32315637973138,84,3,18.575054945054944,24,0,0,0,,,,,,,,0.0,0.0,0.0,0.0,74.5635842471123,,,,,,滨海暖冬度假型
三亚,2019,春季,18.2528,109.5119,92,27.143478260869564,29.43260869565217,25.319565217391304,4.113043478260869,32.1445652173913,5.001086956521739,84.6304347826087,185.8,2.019565217391305,69,1,15.33695652173913,35.52391304347826,0,4,11.02878300120773,89,0,20.691739130434783,41,0,0,0,,,,,,,,0.0,0.0,0.0,0.0,69.27488795680553,,,,,,滨海暖冬度假型
三亚,2019,夏季,18.2528,109.5119,92,28.975,30.664130434782606,27.428260869565214,3.235869565217392,34.96304347826087,5.988043478260869,84.42391304347827,412.3,4.481521739130435,89,1,18.867391304347827,42.33152173913044,4,21,10.48031083937198,74,4,20.81445652173913,70,0,0,0,,,,,,,,0.0,0.0,0.0,0.0,63.84537235649504,,,,35.68165746398768,,滨海暖冬度假型
三亚,2019,冬季,18.2528,109.5119,90,22.84777777777778,25.90111111111111,20.564444444444444,5.336666666666666,23.91333333333333,1.065555555555556,76.34444444444445,61.1,0.6788888888888889,35,0,20.96555555555556,44.824444444444445,2,32,10.225061296296296,86,0,16.675444444444445,0,0,0,0,,,,,,,,0.0,0.0,0.0,0.0,81.71725049999054,,,,,87.889636432366,滨海暖冬度假型
三亚,2020,秋季,18.2528,109.5119,91,26.224175824175827,28.42967032967033,24.46923076923077,3.960439560439561,29.507692307692302,3.283516483516484,81.7032967032967,730.1,8.023076923076923,70,8,22.17032967032967,47.21868131868131,21,41,8.780016483516484,66,11,15.95131868131868,21,0,0,0,,,,,,,,0.0,0.0,0.0,0.0,72.87849072396536,,,,,,滨海暖冬度假型
三亚,2020,春季,18.2528,109.5119,92,26.710869565217397,29.331521739130437,24.686956521739127,4.644565217391304,30.76413043478261,4.053260869565217,80.95652173913044,85.8,0.932608695652174,60,0,17.402173913043477,39.90978260869565,3,12,11.156891243961352,87,0,20.90043478260869,31,0,0,0,,,,,,,,0.0,0.0,0.0,0.0,71.79482686002477,,,,,,滨海暖冬度假型
三亚,2020,夏季,18.2528,109.5119,92,28.830434782608695,30.59021739130435,27.25,3.340217391304348,34.80652173913043,5.97608695652174,83.55434782608695,579.4,6.297826086956522,88,5,15.355434782608697,35.4195652173913,1,5,10.802518810386474,77,4,20.94836956521739,75,0,0,0,,,,,,,,0.0,0.0,0.0,0.0,64.53464535648087,,,,35.84873744820213,,滨海暖冬度假型
三亚,2020,冬季,18.2528,109.5119,91,21.924175824175823,24.912087912087912,19.71648351648352,5.195604395604396,22.36043956043956,0.4362637362637362,76.01098901098901,84.7,0.9307692307692308,28,1,21.83076923076923,45.86483516483516,6,28,9.710462698412698,81,3,16.054725274725275,0,0,0,0,,,,,,,,0.0,0.0,0.0,0.0,83.15167147282885,,,,,86.83927396006219,滨海暖冬度假型
三亚,2021,秋季,18.2528,109.5119,91,26.07362637362637,28.51868131868132,24.14395604395604,4.374725274725275,29.24065934065934,3.167032967032967,80.34065934065934,498.1,5.473626373626374,56,6,20.78131868131868,43.71648351648352,7,24,9.403033943833943,73,9,17.145604395604394,13,0,0,0,,,,,,,,0.0,0.0,0.0,0.0,74.0916790419361,,,,,,滨海暖冬度假型
三亚,2021,春季,18.2528,109.5119,92,26.546739130434784,28.95434782608696,24.655434782608697,4.298913043478261,30.507608695652173,3.960869565217392,81.90217391304348,113.6,1.2347826086956522,66,0,17.319565217391304,39.18260869565218,0,8,11.70237702294686,91,0,21.68228260869565,31,0,0,0,,,,,,,,0.0,0.0,0.0,0.0,71.47344775354316,,,,,,滨海暖冬度假型
三亚,2021,夏季,18.2528,109.5119,92,29.00869565217392,30.73586956521739,27.36413043478261,3.3717391304347823,34.69456521739131,5.685869565217391,82.78260869565217,383.0,4.163043478260869,85,2,19.014130434782608,43.14782608695652,11,22,11.239804106280197,88,3,21.81663043478261,74,0,0,0,,,,,,,,0.0,0.0,0.0,0.0,64.14998143579754,,,,36.35325574415358,,滨海暖冬度假型
三亚,2021,冬季,18.2528,109.5119,90,20.934444444444445,24.245555555555555,18.30111111111111,5.944444444444445,20.92333333333333,-0.0111111111111109,73.11111111111111,190.9,2.1211111111111114,25,3,21.41555555555556,44.73777777777778,9,31,9.541340895061728,77,3,16.535888888888888,0,0,0,0,,,,,,,,0.0,0.0,0.0,0.0,83.93034031226884,,,,,86.46497841406085,滨海暖冬度假型
三亚,2022,秋季,18.2528,109.5119,91,26.225274725274726,28.751648351648356,24.20769230769231,4.543956043956044,29.727472527472525,3.502197802197802,81.10989010989012,496.7,5.458241758241758,69,6,19.774725274725277,39.86593406593407,7,15,9.24205122100122,71,8,17.326593406593407,22,0,0,0,,,,,,,,0.0,0.0,0.0,0.0,73.49983506108815,,,,,,滨海暖冬度假型
三亚,2022,春季,18.2528,109.5119,92,25.458695652173912,27.922826086956523,23.333695652173912,4.589130434782609,29.096739130434784,3.638043478260869,82.83695652173913,270.7,2.942391304347826,65,3,17.47826086956522,37.02065217391304,0,6,10.086588888888889,77,4,20.015434782608697,11,0,0,0,,,,,,,,0.0,0.0,0.0,0.0,74.20089133559705,,,,,,滨海暖冬度假型
三亚,2022,夏季,18.2528,109.5119,92,28.593478260869563,30.51086956521739,26.63586956521739,3.875,34.42717391304348,5.833695652173914,83.65217391304348,675.3000000000001,7.340217391304349,84,5,16.398913043478263,35.31086956521739,3,7,10.455740549516907,76,4,21.557717391304347,71,0,0,0,,,,,,,,0.0,0.0,0.0,0.0,65.29423284922288,,,,36.65535816943413,,滨海暖冬度假型
三亚,2022,冬季,18.2528,109.5119,90,21.39,24.39111111111111,19.094444444444445,5.296666666666667,21.736666666666665,0.3466666666666666,76.74444444444444,49.0,0.5444444444444444,28,0,21.621111111111112,42.97666666666667,2,18,9.270568549382716,74,5,15.974333333333334,0,0,0,0,,,,,,,,0.0,0.0,0.0,0.0,83.21390625119908,,,,,85.98390986416366,滨海暖冬度假型
三亚,2023,秋季,18.2528,109.5119,91,26.427472527472528,29.18021978021978,24.22967032967033,4.950549450549451,30.17912087912088,3.751648351648352,81.17582417582418,470.5,5.170329670329671,71,4,18.98351648351648,40.62747252747253,4,24,9.030615445665443,69,7,17.141868131868133,27,0,0,0,10.283058608058608,17.05650183150183,226.4065934065934,5.326739926739927,3.307234432234432,68.0801282051282,0.0256410256410256,91.0,0.0,0.0,3.0,73.05406397908719,95.3097264793312,79.73076272916039,4.690273520668812,,,滨海暖冬度假型
三亚,2023,春季,18.2528,109.5119,92,26.35760869565217,28.817391304347822,24.34130434782609,4.47608695652174,30.377173913043475,4.019565217391304,81.52173913043478,160.2,1.7413043478260868,59,1,17.828260869565216,38.2695652173913,3,9,11.29810440821256,89,2,21.708260869565216,30,0,0,0,15.648460144927537,25.06435688405797,212.06159420289853,3.789809782608696,1.836231884057971,79.12364130434783,0.1218297101449275,91.0,0.0,0.0,16.0,71.78551936646566,94.26480010843756,78.52930358905724,5.735199891562442,,,滨海暖冬度假型
三亚,2023,夏季,18.2528,109.5119,92,28.910869565217396,30.956521739130437,26.854347826086958,4.102173913043478,34.76304347826087,5.852173913043478,82.78260869565217,552.2,6.002173913043479,87,6,17.81086956521739,39.18695652173913,6,17,10.926438103864736,85,3,22.18641304347826,83,0,0,0,9.654211956521738,15.369701086956525,177.0883152173913,4.906884057971015,2.337907608695652,67.23686594202898,0.3740942028985507,92.0,0.0,0.0,1.0,64.59792762071558,95.51688339014174,73.87361435154342,4.48311660985825,35.10067432578426,,滨海暖冬度假型
三亚,2023,冬季,18.2528,109.5119,90,21.99888888888889,25.31222222222222,19.51222222222222,5.8,22.514444444444443,0.5155555555555553,75.02222222222223,38.6,0.4288888888888889,34,0,21.628888888888888,44.37222222222222,11,25,9.458709969135802,78,6,16.278111111111112,0,0,0,0,14.366574074074071,23.62032407407408,337.5379629629629,5.611111111111111,4.9131481481481485,76.38055555555556,0.0351851851851851,89.0,0.0,0.0,13.0,81.70295020483974,94.27822804557772,85.47553355706113,5.721771954422264,,88.85830706283816,滨海暖冬度假型
三亚,2024,秋季,18.2528,109.5119,91,26.25494505494505,29.201098901098906,23.92527472527472,5.275824175824176,29.91648351648352,3.661538461538461,80.21978021978022,642.3,7.058241758241758,61,8,19.0032967032967,40.95934065934066,6,22,9.304510409035409,72,12,17.275604395604393,35,0,0,0,12.75764652014652,18.871016483516485,253.521978021978,6.005677655677656,4.2198717948717945,72.30311355311355,0.0728021978021978,91.0,0.0,0.0,7.0,73.29481822450332,94.76459599018136,79.73575155420673,5.235404009818628,,,滨海暖冬度假型
三亚,2024,春季,18.2528,109.5119,92,27.11413043478261,29.89891304347826,24.941304347826087,4.957608695652175,31.747826086956525,4.633695652173913,82.26086956521739,283.9,3.085869565217391,70,3,16.296739130434784,37.15760869565217,1,4,10.611255012077295,84,3,20.73913043478261,51,0,0,0,11.469565217391304,19.09873188405797,207.88903985507244,4.184873188405797,2.0084692028985507,64.85371376811595,0.1820652173913043,92.0,0.0,0.0,1.0,70.11777355004536,95.4237609983212,77.7095697845281,4.576239001678815,,,滨海暖冬度假型
三亚,2024,夏季,18.2528,109.5119,92,28.845652173913045,30.956521739130437,26.76521739130435,4.191304347826088,34.92934782608695,6.083695652173914,83.8586956521739,655.7,7.127173913043479,86,4,16.418478260869566,36.89021739130435,5,9,10.819273399758456,81,3,21.78793478260869,75,0,0,0,10.215353260869565,16.387228260869566,180.9230072463768,5.455344202898551,2.7907608695652173,65.75769927536231,0.1132246376811594,92.0,0.0,0.0,2.0,64.49737407260095,95.48355218037216,73.79322750493232,4.516447819627833,35.51625902462985,,滨海暖冬度假型
三亚,2024,冬季,18.2528,109.5119,91,22.4,25.994505494505493,19.732967032967032,6.261538461538461,22.87912087912088,0.4791208791208793,73.20879120879121,17.1,0.1879120879120879,30,0,20.73846153846154,45.06373626373627,0,31,9.380605616605616,76,4,15.930549450549451,0,0,0,0,14.777701465201464,20.70119047619048,303.08516483516485,4.48228021978022,4.707188644688645,77.24954212454212,0.1277472527472527,89.0,0.0,0.0,7.0,84.02042299724233,94.32504312577665,87.11180903580262,5.674956874223367,,89.46505263257052,滨海暖冬度假型
三亚,2025,秋季,18.2528,109.5119,91,25.775824175824173,28.743956043956043,23.571428571428573,5.172527472527473,29.23186813186813,3.456043956043956,81.5934065934066,645.7,7.095604395604396,76,4,19.23736263736264,41.86153846153847,7,21,9.090048412698414,71,8,17.01098901098901,31,0,0,0,11.519597069597069,12.663049450549453,230.91071428571428,5.9808608058608055,4.501785714285715,63.22664835164835,0.0677655677655677,91.0,0.0,0.0,4.0,73.92525646500924,95.42373818908725,80.37480098223264,4.57626181091276,,,滨海暖冬度假型
三亚,2025,春季,18.2528,109.5119,92,25.71630434782609,29.14565217391305,23.00326086956522,6.142391304347826,29.35652173913044,3.6402173913043474,79.30434782608695,159.1,1.7293478260869564,56,0,15.757608695652175,37.33913043478261,0,8,10.505994353864734,78,3,20.98141304347826,41,0,0,0,15.72576992753623,18.67409420289855,236.0389492753623,7.372554347826087,3.1033061594202898,68.5991847826087,1.4655797101449273,89.0,0.0,1.0,6.0,74.924371898167,94.6235633179657,80.83412932410661,5.376436682034291,,,滨海暖冬度假型
三亚,2025,夏季,18.2528,109.5119,92,28.372826086956525,30.73260869565217,26.28369565217391,4.448913043478261,33.69347826086957,5.320652173913044,83.82608695652173,1082.1,11.76195652173913,90,11,20.12282608695652,45.01195652173914,12,27,9.77009006642512,72,8,20.43413043478261,67,0,0,0,10.669610507246375,12.98695652173913,195.4764492753623,6.3923460144927535,2.6488677536231884,65.02898550724638,1.3088768115942029,92.0,0.0,0.0,0.0,65.63718779998847,95.45620207092188,74.58289208126848,4.543797929078139,37.64335265916152,,滨海暖冬度假型
三亚,2025,冬季,18.2528,109.5119,90,21.686666666666667,25.74888888888889,18.76,6.988888888888889,21.86111111111111,0.1744444444444444,71.77777777777777,19.5,0.2166666666666666,25,0,20.89,45.77666666666666,2,31,10.004332160493828,82,2,17.018555555555558,0,0,0,0,16.60449074074074,18.18138888888889,315.57685185185187,5.765046296296296,5.373518518518519,83.11759259259259,0.1782407407407407,89.0,0.0,0.0,14.0,84.7230137919399,93.80373082752484,87.44722890261538,6.19626917247516,,89.38672624818645,滨海暖冬度假型
上海,2016,秋季,31.2304,121.4737,91,19.54175824175824,22.405494505494502,17.01868131868132,5.386813186813186,20.080219780219775,0.5384615384615384,80.83516483516483,449.6,4.940659340659341,52,5,18.5978021978022,35.2010989010989,3,12,5.704742521367522,39,33,9.947142857142858,6,0,0,0,,,,,,,,0.0,0.0,0.0,0.0,75.50928684238121,,,,,,湿润宜居综合型
上海,2016,春季,31.2304,121.4737,92,15.289130434782608,19.15108695652174,11.970652173913043,7.180434782608696,14.22608695652174,-1.0630434782608698,79.33695652173913,529.2,5.752173913043479,50,8,19.090217391304343,36.74891304347826,4,8,7.191269051932367,52,25,15.78445652173913,0,0,1,0,,,,,,,,0.0,0.0,0.0,0.0,71.25042908382694,,,,,,湿润宜居综合型
上海,2016,夏季,31.2304,121.4737,92,27.01630434782609,30.069565217391304,24.539130434782606,5.530434782608696,31.414130434782606,4.397826086956522,83.0,529.6999999999999,5.7576086956521735,60,9,17.42391304347826,34.15652173913043,0,4,8.965090036231883,61,15,17.865652173913045,57,5,0,0,,,,,,,,0.0,0.0,0.0,0.0,70.1584159259637,,,,42.6881881288763,,湿润宜居综合型
上海,2016,冬季,31.2304,121.4737,91,6.476923076923077,10.227472527472528,2.976923076923077,7.25054945054945,2.989010989010989,-3.4879120879120875,74.20879120879121,137.2,1.5076923076923077,33,0,18.33626373626373,34.62967032967033,4,9,6.475887118437118,48,25,10.159230769230769,0,0,23,4,,,,,,,,0.0,0.0,0.0,0.0,56.32426708153236,,,,,69.24103322682453,湿润宜居综合型
上海,2017,秋季,31.2304,121.4737,91,18.61098901098901,21.84065934065934,15.884615384615383,5.956043956043956,18.67472527472528,0.0637362637362635,79.0,306.5,3.368131868131868,54,2,18.845054945054947,31.44065934065934,8,4,5.750536202686202,35,29,10.18824175824176,4,0,0,0,,,,,,,,0.0,0.0,0.0,0.0,75.05300385987395,,,,,,湿润宜居综合型
上海,2017,春季,31.2304,121.4737,92,15.381521739130434,20.14565217391305,10.988043478260868,9.157608695652174,13.998913043478264,-1.382608695652174,73.41304347826087,245.3,2.6663043478260877,39,1,19.582608695652173,33.7804347826087,3,4,8.39503004227053,61,19,17.889891304347824,5,0,0,0,,,,,,,,0.0,0.0,0.0,0.0,72.17873422361514,,,,,,湿润宜居综合型
上海,2017,夏季,31.2304,121.4737,92,27.592391304347824,31.33478260869565,24.42717391304348,6.907608695652174,31.963043478260868,4.370652173913043,78.79347826086956,397.8,4.323913043478261,75,1,16.695652173913043,31.542391304347827,2,2,8.887462922705314,61,14,18.128260869565217,56,14,0,0,,,,,,,,0.0,0.0,0.0,0.0,70.9148323099536,,,,42.47830412381291,,湿润宜居综合型
上海,2017,冬季,31.2304,121.4737,90,6.164444444444444,10.282222222222222,2.455555555555556,7.826666666666666,2.645555555555556,-3.5188888888888887,73.75555555555556,103.9,1.1544444444444446,27,0,17.997777777777777,30.022222222222226,2,0,6.9646221604938265,55,21,10.261222222222225,0,0,19,0,,,,,,,,0.0,0.0,0.0,0.0,55.66005452113584,,,,,70.56361519415331,湿润宜居综合型
上海,2018,秋季,31.2304,121.4737,91,18.767032967032968,22.56153846153846,15.436263736263736,7.125274725274725,19.01208791208791,0.245054945054945,77.58241758241758,282.8,3.107692307692308,54,2,17.267032967032968,29.74065934065934,1,1,7.514505250305251,49,15,12.271098901098902,9,0,0,0,,,,,,,,0.0,0.0,0.0,0.0,76.17813470684163,,,,,,湿润宜居综合型
上海,2018,春季,31.2304,121.4737,92,16.347826086956523,21.28804347826087,12.115217391304348,9.17282608695652,15.579347826086956,-0.768478260869565,78.44565217391305,293.8,3.1934782608695653,49,2,19.44891304347826,33.37826086956522,1,2,7.537800483091787,55,25,15.779021739130435,5,0,1,0,,,,,,,,0.0,0.0,0.0,0.0,72.10412476501944,,,,,,湿润宜居综合型
上海,2018,夏季,31.2304,121.4737,92,26.91304347826087,30.539130434782606,23.98152173913044,6.557608695652173,30.893478260869564,3.980434782608696,82.07608695652173,415.1,4.511956521739131,66,4,20.41086956521739,35.15978260869565,8,7,9.537379891304347,69,13,19.082391304347823,60,3,0,0,,,,,,,,0.0,0.0,0.0,0.0,70.88398848369381,,,,43.59081442344148,,湿润宜居综合型
上海,2018,冬季,31.2304,121.4737,90,5.467777777777778,9.12888888888889,1.91,7.218888888888889,1.8722222222222225,-3.595555555555556,77.38888888888889,282.4,3.1377777777777776,46,1,18.80777777777778,30.996666666666663,1,1,5.019187222222223,33,39,8.330111111111112,0,0,32,4,,,,,,,,0.0,0.0,0.0,0.0,53.88081394420102,,,,,65.42463169988353,湿润宜居综合型
上海,2019,秋季,31.2304,121.4737,91,18.93406593406593,22.72197802197802,15.565934065934066,7.156043956043956,19.161538461538463,0.2274725274725275,77.92307692307692,406.5,4.467032967032967,44,5,18.20659340659341,30.915384615384617,6,5,7.845880830280831,56,15,12.54846153846154,1,0,0,0,,,,,,,,0.0,0.0,0.0,0.0,76.96695093073276,,,,,,湿润宜居综合型
上海,2019,春季,31.2304,121.4737,92,15.241304347826087,20.35,10.740217391304348,9.609782608695651,14.055434782608694,-1.1858695652173914,76.03260869565217,221.1,2.403260869565217,44,1,18.875,32.33804347826087,6,3,7.455725664251207,52,21,16.389673913043477,2,0,0,0,,,,,,,,0.0,0.0,0.0,0.0,72.69357507329171,,,,,,湿润宜居综合型
上海,2019,夏季,31.2304,121.4737,92,25.707608695652173,29.305434782608696,22.627173913043475,6.678260869565217,29.50108695652174,3.793478260869565,83.52173913043478,669.8,7.280434782608695,67,7,17.767391304347825,31.668478260869566,3,5,8.88484006642512,61,13,17.856847826086955,43,0,0,0,,,,,,,,0.0,0.0,0.0,0.0,73.72191524299122,,,,47.36921873852298,,湿润宜居综合型
上海,2019,冬季,31.2304,121.4737,90,6.782222222222222,10.386666666666668,3.5055555555555555,6.88111111111111,3.5477777777777777,-3.2344444444444447,79.5111111111111,238.8,2.6533333333333333,47,0,17.74888888888889,29.65888888888889,2,2,5.093418179012346,34,35,8.211444444444444,0,0,13,0,,,,,,,,0.0,0.0,0.0,0.0,54.6839179970805,,,,,69.15528728950416,湿润宜居综合型
上海,2020,秋季,31.2304,121.4737,91,18.67032967032967,22.2021978021978,15.524175824175824,6.678021978021978,18.71648351648352,0.0461538461538463,77.28571428571429,231.3,2.5417582417582416,44,2,17.125274725274725,29.386813186813185,1,1,7.437329945054945,52,19,12.41021978021978,6,0,0,0,,,,,,,,0.0,0.0,0.0,0.0,77.72597321503922,,,,,,湿润宜居综合型
上海,2020,春季,31.2304,121.4737,92,15.657608695652174,20.370652173913044,11.36413043478261,9.006521739130434,14.447826086956525,-1.209782608695652,74.77173913043478,279.6,3.039130434782609,48,1,19.71630434782609,33.63260869565217,5,4,8.235221074879227,62,16,17.049130434782608,4,0,0,0,,,,,,,,0.0,0.0,0.0,0.0,72.64620943590037,,,,,,湿润宜居综合型
上海,2020,夏季,31.2304,121.4737,92,26.77282608695652,30.37608695652174,23.77391304347826,6.602173913043478,31.042391304347827,4.269565217391305,83.52173913043478,812.0,8.826086956521738,67,9,18.31195652173913,34.27717391304348,4,8,7.662846588164251,51,22,16.569021739130434,54,7,0,0,,,,,,,,0.0,0.0,0.0,0.0,71.22172575864398,,,,42.771780305004285,,湿润宜居综合型
上海,2020,冬季,31.2304,121.4737,91,7.124175824175824,11.0010989010989,3.51978021978022,7.48131868131868,3.898901098901099,-3.2252747252747254,78.3076923076923,221.4,2.432967032967033,41,0,18.365934065934063,30.96043956043956,5,5,5.749874023199023,40,28,8.975604395604396,0,0,15,2,,,,,,,,0.0,0.0,0.0,0.0,55.92686157047415,,,,,69.59667335262934,湿润宜居综合型
上海,2021,秋季,31.2304,121.4737,91,19.25054945054945,23.27032967032967,15.913186813186812,7.357142857142857,19.88681318681319,0.6362637362637363,79.50549450549451,360.3,3.95934065934066,42,3,18.513186813186813,31.18131868131868,8,5,8.019878052503053,59,12,13.113076923076925,12,0,1,0,,,,,,,,0.0,0.0,0.0,0.0,73.13772530033968,,,,,,湿润宜居综合型
上海,2021,春季,31.2304,121.4737,92,15.934782608695652,20.31195652173913,12.017391304347823,8.294565217391305,15.077173913043476,-0.8576086956521738,78.59782608695652,355.9,3.868478260869565,53,3,19.078260869565216,32.85217391304348,2,2,7.253220742753623,50,25,16.069782608695654,4,0,0,0,,,,,,,,0.0,0.0,0.0,0.0,72.33775921090681,,,,,,湿润宜居综合型
上海,2021,夏季,31.2304,121.4737,92,26.463043478260868,29.90978260869565,23.68913043478261,6.220652173913043,30.56847826086957,4.105434782608696,84.28260869565217,795.6,8.647826086956522,70,9,18.87934782608696,33.33586956521739,5,5,8.265123067632851,56,16,17.463043478260868,48,1,0,0,,,,,,,,0.0,0.0,0.0,0.0,71.69398324368034,,,,44.41381259544448,,湿润宜居综合型
上海,2021,冬季,31.2304,121.4737,90,6.71,11.66,2.53,9.13,3.306666666666667,-3.4033333333333333,73.28888888888889,80.4,0.8933333333333334,21,0,18.511111111111116,30.97555555555556,2,1,7.141335061728396,54,18,10.573444444444444,0,0,25,7,,,,,,,,0.0,0.0,0.0,0.0,57.26423303527525,,,,,69.47570086660613,湿润宜居综合型
上海,2022,秋季,31.2304,121.4737,91,19.13736263736264,22.93956043956044,15.90879120879121,7.030769230769231,19.04175824175824,-0.0956043956043955,76.95604395604396,367.0,4.032967032967033,49,3,20.68901098901099,33.78901098901099,8,5,6.994063980463981,53,22,12.06021978021978,4,0,0,0,,,,,,,,0.0,0.0,0.0,0.0,77.07943089428181,,,,,,湿润宜居综合型
上海,2022,春季,31.2304,121.4737,92,15.719565217391304,20.639130434782608,11.469565217391304,9.169565217391304,14.507608695652175,-1.2119565217391304,75.5,379.8,4.128260869565217,40,4,19.120652173913044,31.88478260869565,2,3,7.428102717391305,51,23,16.639891304347824,2,0,0,0,,,,,,,,0.0,0.0,0.0,0.0,73.47538305713924,,,,,,湿润宜居综合型
上海,2022,夏季,31.2304,121.4737,92,28.686956521739127,33.33152173913044,25.02173913043478,8.309782608695652,33.02282608695652,4.335869565217391,76.09782608695652,351.7,3.8228260869565216,67,2,18.668478260869566,32.22391304347826,0,1,9.777543115942027,72,10,20.015652173913043,72,34,0,0,,,,,,,,0.0,0.0,0.0,0.0,69.43433080820631,,,,39.67591183938765,,湿润宜居综合型
上海,2022,冬季,31.2304,121.4737,90,5.183333333333334,8.823333333333334,1.6766666666666667,7.146666666666667,1.5733333333333333,-3.61,75.67777777777778,161.7,1.7966666666666666,42,0,17.837777777777777,29.354444444444447,3,1,5.399799382716049,38,35,8.845444444444444,0,0,31,1,,,,,,,,0.0,0.0,0.0,0.0,53.1909417200452,,,,,66.50171356041568,湿润宜居综合型
上海,2023,秋季,31.2304,121.4737,91,19.263736263736263,23.531868131868134,15.589010989010989,7.942857142857142,19.854945054945052,0.5912087912087911,77.96703296703296,205.7,2.2604395604395604,45,1,16.962637362637363,28.16923076923077,3,0,7.974489041514041,58,12,13.374945054945057,8,0,0,0,42.55604395604396,66.5742673992674,913.7669413919411,59.68182234432235,47.37449633699634,28.67445054945055,1.745879120879121,48.0,13.0,2.0,1.0,76.14392370794323,89.34059979678324,80.10292653459523,10.659400203216771,,,湿润宜居综合型
上海,2023,春季,31.2304,121.4737,92,16.231521739130436,21.367391304347827,11.845652173913043,9.521739130434783,14.871739130434785,-1.3597826086956522,72.84782608695652,246.8,2.682608695652174,49,1,20.01630434782609,33.64891304347826,7,5,7.330250543478261,49,24,16.413695652173914,7,2,0,0,37.88369565217391,58.09827898550725,719.9637681159421,71.33147644927536,79.73926630434782,31.35552536231884,4.038043478260869,46.0,5.0,10.0,0.0,73.66398851123746,88.81519095429691,78.20934924415529,11.184809045703094,,,湿润宜居综合型
上海,2023,夏季,31.2304,121.4737,92,27.073913043478264,30.87934782608696,23.994565217391305,6.884782608695652,31.38913043478261,4.315217391304348,81.6304347826087,690.3,7.503260869565217,77,6,18.12717391304348,31.43586956521739,1,1,8.221458363526569,60,19,17.812282608695654,67,5,0,0,52.24461050724638,77.20303442028985,847.9646739130435,69.29379528985507,56.6731884057971,38.90353260869565,0.8985507246376813,40.0,21.0,0.0,0.0,71.16981371811816,87.18899778966382,75.97556893958185,12.811002210336186,41.35742594601119,,湿润宜居综合型
上海,2023,冬季,31.2304,121.4737,90,5.956666666666667,10.484444444444446,2.0055555555555555,8.47888888888889,2.484444444444444,-3.4722222222222223,75.13333333333334,183.6,2.04,36,1,18.47222222222222,30.44111111111111,6,4,6.63677987654321,51,22,9.98522222222222,0,0,29,7,58.62171296296296,89.29736111111112,1713.397222222222,72.11884259259259,92.55587962962964,14.214814814814812,1.6856481481481482,31.0,24.0,6.0,0.0,55.70691850641742,86.05286070611541,64.81070116632682,13.94713929388459,,72.28242387283443,湿润宜居综合型
上海,2024,秋季,31.2304,121.4737,91,20.53956043956044,23.857142857142858,17.663736263736265,6.193406593406594,21.361538461538466,0.8219780219780219,77.87912087912088,488.1,5.363736263736264,51,5,19.306593406593407,34.0021978021978,7,6,6.934131318681319,48,21,12.108461538461537,18,3,0,0,32.84258241758242,48.03319597069597,1021.2811355311356,52.13855311355312,30.40897435897436,33.99267399267399,1.4102564102564104,58.0,3.0,1.0,0.0,74.98227184222596,90.81965394909864,79.73348647428776,9.180346050901354,,,湿润宜居综合型
上海,2024,春季,31.2304,121.4737,92,15.457608695652173,20.41086956521739,11.320652173913045,9.090217391304348,14.43804347826087,-1.0195652173913043,78.95652173913044,297.6,3.2347826086956526,51,3,19.30760869565217,31.77717391304348,2,1,7.1964184782608696,44,21,16.15554347826087,1,0,1,0,39.72264492753623,62.57305253623188,695.0525362318841,56.356431159420296,34.8802536231884,37.11141304347826,5.442028985507246,43.0,4.0,18.0,0.0,72.59706530480233,89.83329266244728,77.76793351209581,10.166707337552731,,,湿润宜居综合型
上海,2024,夏季,31.2304,121.4737,92,28.12826086956522,32.52065217391304,24.52717391304348,7.993478260869565,32.40652173913043,4.278260869565217,77.47826086956522,586.5,6.375,58,10,18.55760869565217,32.18804347826087,4,3,8.767352687198068,60,18,19.04076086956522,68,32,0,0,48.9572463768116,72.62640398550725,822.248188405797,60.5708786231884,39.90149456521739,51.39175724637681,0.5878623188405797,36.0,17.0,0.0,4.0,69.72361314826757,87.70290114796515,75.11739954817685,12.297098852034848,40.37944407295676,,湿润宜居综合型
上海,2024,冬季,31.2304,121.4737,91,6.067032967032968,10.17142857142857,2.475824175824176,7.695604395604395,2.6615384615384614,-3.4054945054945054,75.45054945054945,191.9,2.108791208791209,35,1,16.5010989010989,30.28241758241758,1,1,6.200371184371184,48,26,9.413076923076924,0,0,20,3,72.47179487179487,95.05009157509156,1929.81043956044,61.23759157509158,80.0628663003663,15.25824175824176,1.6506410256410258,21.0,32.0,3.0,0.0,55.26440369692431,85.13809525823687,64.22651116531807,14.861904741763135,,73.26563005659023,湿润宜居综合型
上海,2025,秋季,31.2304,121.4737,91,21.47032967032967,25.345054945054947,18.343956043956045,7.001098901098901,23.12197802197802,1.6516483516483518,71.81318681318682,207.0,2.274725274725274,54,1,12.121978021978022,31.442857142857147,0,5,7.970697405372405,62,14,13.265384615384615,32,3,0,0,45.03081501831502,48.43292124542124,1486.9867216117216,61.61085164835164,39.84418498168498,37.5,2.4427655677655675,42.0,14.0,7.0,0.0,74.00619012614992,88.37547520187886,78.3169756488686,11.624524798121149,,,湿润宜居综合型
上海,2025,春季,31.2304,121.4737,92,17.539130434782606,22.794565217391305,12.991304347826087,9.803260869565218,16.568478260869565,-0.9706521739130436,64.53260869565217,244.6,2.658695652173913,34,2,14.98695652173913,38.266304347826086,0,10,8.337711503623188,58,17,18.04858695652174,13,0,0,0,50.81621376811594,59.69538043478261,1235.1820652173913,63.61961050724638,40.34474637681159,52.849184782608695,13.868659420289854,25.0,13.0,35.0,2.0,77.18258559115252,87.03224678105803,80.13748394812417,12.967753218941962,,,湿润宜居综合型
上海,2025,夏季,31.2304,121.4737,92,28.50869565217392,32.464130434782604,25.394565217391307,7.069565217391304,33.119565217391305,4.610869565217392,76.44565217391305,617.9,6.716304347826087,70,6,14.458695652173914,36.84021739130435,1,8,9.296974124396137,67,15,19.4,73,30,0,0,37.64411231884058,39.70951086956522,907.2305253623188,53.3471920289855,28.99778079710145,53.203804347826086,1.6159420289855075,54.0,12.0,6.0,7.0,69.09436653369089,89.58762024918703,75.24234264833973,10.412379750812985,39.24347742844263,,湿润宜居综合型
上海,2025,冬季,31.2304,121.4737,90,7.362222222222223,11.572222222222225,3.611111111111111,7.961111111111111,4.212222222222223,-3.15,63.95555555555556,45.2,0.5022222222222222,20,0,12.866666666666667,31.784444444444443,0,4,7.5477664814814815,58,12,11.08788888888889,0,0,14,0,79.67439814814814,83.77287037037037,2337.6310185185184,62.04847222222222,72.84837962962963,22.604629629629628,3.181481481481481,12.0,43.0,6.0,0.0,60.71653030129703,83.90782737930587,67.67391942469968,16.09217262069412,,77.13731134721486,湿润宜居综合型
丽江,2016,秋季,26.855,100.2278,91,14.27912087912088,18.98131868131868,10.326373626373629,8.654945054945054,13.876923076923076,-0.4021978021978022,77.71428571428571,520.8,5.723076923076922,52,2,7.49010989010989,32.02417582417582,0,2,8.908819261294262,71,8,14.375604395604396,0,0,0,0,,,,,,,,0.0,0.0,0.0,0.0,72.84689651044012,,,,,,高原避暑型
丽江,2016,春季,26.855,100.2278,92,13.36195652173913,19.881521739130434,7.143478260869566,12.73804347826087,11.67608695652174,-1.6858695652173916,65.83695652173913,164.4,1.7869565217391306,64,1,11.958695652173914,48.11413043478261,0,43,10.672116666666668,82,4,20.70467391304348,0,0,0,0,,,,,,,,0.0,0.0,0.0,0.0,70.72590530352477,,,,,,高原避暑型
丽江,2016,夏季,26.855,100.2278,92,18.01521739130435,22.63369565217392,14.498913043478264,8.134782608695652,19.416304347826088,1.4010869565217392,85.70652173913044,812.7,8.833695652173914,88,3,7.15,30.7,0,0,8.537805193236716,60,12,17.45304347826087,0,0,0,0,,,,,,,,0.0,0.0,0.0,0.0,79.32951476119575,,,,69.5705338162179,,高原避暑型
丽江,2016,冬季,26.855,100.2278,91,6.440659340659341,12.478021978021978,1.2373626373626374,11.24065934065934,3.565934065934066,-2.874725274725275,66.82417582417582,68.8,0.756043956043956,27,0,9.967032967032967,40.43296703296704,0,24,9.620895757020756,83,4,14.141758241758245,0,0,30,0,,,,,,,,0.0,0.0,0.0,0.0,57.92828872346915,,,,,73.68079435720982,高原避暑型
丽江,2017,秋季,26.855,100.2278,91,12.679120879120878,18.27692307692308,8.43956043956044,9.837362637362638,12.010989010989013,-0.6681318681318683,79.76923076923077,499.4,5.487912087912088,65,5,9.395604395604396,32.44285714285714,0,3,9.237455189255188,77,6,15.353846153846154,0,0,2,0,,,,,,,,0.0,0.0,0.0,0.0,68.69415354157181,,,,,,高原避暑型
丽江,2017,春季,26.855,100.2278,92,11.192391304347826,17.72065217391304,5.508695652173913,12.21195652173913,9.309782608695652,-1.8826086956521737,68.82608695652173,440.8,4.791304347826087,69,5,13.093478260869563,43.94347826086957,0,30,9.847322644927536,72,7,19.70130434782609,0,0,4,0,,,,,,,,0.0,0.0,0.0,0.0,65.68315605728952,,,,,,高原避暑型
丽江,2017,夏季,26.855,100.2278,92,16.592391304347824,21.507608695652173,12.532608695652174,8.975,17.295652173913044,0.7032608695652173,83.57608695652173,756.0,8.217391304347826,84,7,8.483695652173912,31.285869565217396,0,0,9.21872995169082,64,9,17.93804347826087,0,0,0,0,,,,,,,,0.0,0.0,0.0,0.0,75.80307911902946,,,,73.7074414392593,,高原避暑型
丽江,2017,冬季,26.855,100.2278,90,6.982222222222222,15.263333333333334,-0.3022222222222222,15.565555555555555,3.606666666666667,-3.375555555555556,54.5,35.1,0.39,21,0,12.963333333333336,42.5,0,24,10.161472932098766,84,1,16.217444444444443,0,0,56,0,,,,,,,,0.0,0.0,0.0,0.0,57.64488973816944,,,,,71.03725802990985,高原避暑型
丽江,2018,秋季,26.855,100.2278,91,11.663736263736263,17.893406593406592,6.706593406593406,11.186813186813186,10.441758241758242,-1.221978021978022,74.68131868131869,442.9,4.867032967032967,56,2,10.271428571428572,34.45164835164835,0,6,9.836133760683762,80,2,16.463626373626376,0,0,7,0,,,,,,,,0.0,0.0,0.0,0.0,67.26725358064505,,,,,,高原避暑型
丽江,2018,春季,26.855,100.2278,92,12.293478260869565,19.56086956521739,5.935869565217391,13.625,10.143478260869566,-2.15,60.56521739130435,317.7,3.4532608695652174,68,5,13.458695652173914,43.797826086956526,0,29,10.77728318236715,81,2,20.839239130434784,0,0,1,0,,,,,,,,0.0,0.0,0.0,0.0,68.51322684456002,,,,,,高原避暑型
丽江,2018,夏季,26.855,100.2278,92,16.57391304347826,21.256521739130434,12.80108695652174,8.455434782608695,17.52173913043478,0.947826086956522,86.6195652173913,1118.4,12.156521739130437,91,12,8.191304347826087,30.471739130434784,0,1,8.674947131642512,57,11,17.716521739130435,0,0,0,0,,,,,,,,0.0,0.0,0.0,0.0,75.68777157682243,,,,72.65353912689602,,高原避暑型
丽江,2018,冬季,26.855,100.2278,90,6.5488888888888885,14.435555555555556,-0.36,14.795555555555554,3.036666666666666,-3.5122222222222224,54.144444444444446,52.3,0.5811111111111111,21,0,14.29888888888889,45.827777777777776,0,32,10.022505833333334,84,2,15.965333333333335,0,0,56,0,,,,,,,,0.0,0.0,0.0,0.0,57.28461371047294,,,,,70.93384776718439,高原避暑型
丽江,2019,秋季,26.855,100.2278,91,12.452747252747251,18.32857142857143,7.892307692307693,10.436263736263736,11.594505494505494,-0.8582417582417583,79.1978021978022,630.2,6.9252747252747255,70,9,9.679120879120878,33.04945054945055,0,4,9.338267032967032,72,3,15.615604395604397,0,0,0,0,,,,,,,,0.0,0.0,0.0,0.0,68.13205131819596,,,,,,高原避暑型
丽江,2019,春季,26.855,100.2278,92,13.297826086956524,21.03695652173913,6.041304347826086,14.995652173913042,10.65,-2.6478260869565218,52.97826086956522,66.5,0.7228260869565217,51,0,16.096739130434784,51.43369565217391,0,57,11.252443176328503,86,0,21.344565217391303,0,0,5,0,,,,,,,,0.0,0.0,0.0,0.0,69.96192256374516,,,,,,高原避暑型
丽江,2019,夏季,26.855,100.2278,92,17.543478260869566,22.72608695652174,13.367391304347825,9.358695652173912,18.35326086956522,0.8097826086956522,81.26086956521739,812.5,8.831521739130435,82,8,8.959782608695651,32.49239130434783,0,1,9.08301002415459,61,9,18.56945652173913,0,0,0,0,,,,,,,,0.0,0.0,0.0,0.0,78.35788469957814,,,,72.09049985270968,,高原避暑型
丽江,2019,冬季,26.855,100.2278,90,6.014444444444444,14.112222222222222,-1.3055555555555556,15.417777777777776,2.3377777777777777,-3.6766666666666654,52.45555555555556,54.3,0.6033333333333333,22,0,15.081111111111111,47.11777777777778,0,35,10.083214475308642,84,1,16.009,0,0,72,0,,,,,,,,0.0,0.0,0.0,0.0,56.16463073615485,,,,,68.33595158096294,高原避暑型
丽江,2020,秋季,26.855,100.2278,91,13.007692307692308,18.45824175824176,8.81978021978022,9.638461538461538,12.52967032967033,-0.4780219780219781,81.28571428571429,613.9,6.746153846153846,69,7,9.19120879120879,31.77032967032967,0,4,8.921657142857143,72,8,15.072967032967034,0,0,4,0,,,,,,,,0.0,0.0,0.0,0.0,69.0818921289235,,,,,,高原避暑型
丽江,2020,春季,26.855,100.2278,92,12.717391304347826,20.083695652173912,5.764130434782608,14.319565217391306,10.194565217391304,-2.5228260869565218,56.30434782608695,225.1,2.4467391304347825,63,1,15.504347826086958,49.76304347826087,0,48,10.681251721014492,80,4,20.87445652173913,0,0,4,0,,,,,,,,0.0,0.0,0.0,0.0,67.89570357404416,,,,,,高原避暑型
丽江,2020,夏季,26.855,100.2278,92,17.69782608695652,22.793478260869566,13.440217391304348,9.353260869565217,18.40543478260869,0.7076086956521739,80.31521739130434,911.0,9.902173913043478,86,14,9.553260869565218,34.91304347826087,0,3,9.18491370772947,63,11,18.24782608695652,0,0,0,0,,,,,,,,0.0,0.0,0.0,0.0,78.588584603522,,,,72.06371483614672,,高原避暑型
丽江,2020,冬季,26.855,100.2278,91,5.636263736263736,13.349450549450548,-1.2483516483516484,14.5978021978022,2.178021978021978,-3.458241758241758,58.32967032967033,76.7,0.8428571428571429,30,0,13.791208791208792,43.86373626373626,0,28,9.7982278998779,82,2,15.514615384615384,0,0,75,3,,,,,,,,0.0,0.0,0.0,0.0,56.48787138947021,,,,,67.7226686410017,高原避暑型
丽江,2021,秋季,26.855,100.2278,91,12.497802197802198,18.542857142857144,7.664835164835165,10.878021978021978,11.67032967032967,-0.8274725274725274,77.43956043956044,504.0,5.538461538461538,65,4,9.647252747252749,31.44945054945055,0,1,9.713087423687425,74,4,16.333846153846157,0,0,5,0,,,,,,,,0.0,0.0,0.0,0.0,68.58006069198908,,,,,,高原避暑型
丽江,2021,春季,26.855,100.2278,92,13.983695652173912,21.55,6.711956521739131,14.838043478260868,11.456521739130435,-2.527173913043478,51.98913043478261,145.1,1.577173913043478,46,2,15.757608695652175,50.22717391304347,0,52,11.341181914251209,85,0,21.795,0,0,2,0,,,,,,,,0.0,0.0,0.0,0.0,70.69709386538706,,,,,,高原避暑型
丽江,2021,夏季,26.855,100.2278,92,17.482608695652175,22.330434782608695,13.527173913043478,8.803260869565218,18.338043478260868,0.8554347826086953,82.3804347826087,1168.7,12.703260869565218,88,17,8.818478260869565,32.40978260869565,0,0,8.945061503623188,55,8,18.067934782608692,0,0,0,0,,,,,,,,0.0,0.0,0.0,0.0,78.24189593716439,,,,71.85212203425772,,高原避暑型
丽江,2021,冬季,26.855,100.2278,90,6.307777777777778,14.157777777777778,-0.6066666666666667,14.764444444444443,2.9622222222222225,-3.345555555555556,57.766666666666666,61.5,0.6833333333333333,35,0,13.37,41.39888888888889,0,21,9.788582283950618,81,2,15.778888888888888,0,0,66,0,,,,,,,,0.0,0.0,0.0,0.0,56.95539560586556,,,,,68.94397162535309,高原避暑型
丽江,2022,秋季,26.855,100.2278,91,12.282417582417583,18.574725274725274,7.413186813186813,11.161538461538465,11.362637362637363,-0.9197802197802196,76.92307692307692,696.9,7.658241758241758,60,12,9.453846153846154,29.7956043956044,0,0,9.187842063492065,74,5,16.295604395604396,0,0,5,0,,,,,,,,0.0,0.0,0.0,0.0,67.93598737328873,,,,,,高原避暑型
丽江,2022,春季,26.855,100.2278,92,12.703260869565218,19.98478260869565,6.334782608695652,13.65,10.894565217391303,-1.808695652173913,64.78260869565217,377.0,4.0978260869565215,58,2,13.043478260869565,39.94130434782608,0,20,9.701112258454106,73,8,20.113695652173917,0,0,4,0,,,,,,,,0.0,0.0,0.0,0.0,67.84073210846272,,,,,,高原避暑型
丽江,2022,夏季,26.855,100.2278,92,17.152173913043477,22.692391304347822,12.781521739130437,9.910869565217393,17.980434782608697,0.8282608695652173,82.22826086956522,868.3,9.43804347826087,91,9,9.210869565217392,30.92717391304348,0,0,10.111662983091788,72,5,20.655,0,0,0,0,,,,,,,,0.0,0.0,0.0,0.0,77.14151060069754,,,,73.24078837408999,,高原避暑型
丽江,2022,冬季,26.855,100.2278,90,4.834444444444444,12.37,-1.4077777777777778,13.77777777777778,1.3255555555555556,-3.508888888888889,60.96666666666667,106.2,1.18,35,0,14.13,42.44444444444444,0,24,9.44809037037037,75,3,15.028,0,0,70,0,,,,,,,,0.0,0.0,0.0,0.0,55.10129295801648,,,,,67.0082469249665,高原避暑型
丽江,2023,秋季,26.855,100.2278,91,12.682417582417582,19.31978021978022,7.802197802197802,11.517582417582416,11.9010989010989,-0.7813186813186812,78.52747252747253,504.4,5.542857142857143,59,5,10.042857142857144,29.302197802197803,0,1,9.56396507936508,79,4,17.384725274725273,0,0,0,0,5.3500000000000005,7.761126373626374,207.5009157509157,6.092445054945055,2.346474358974359,69.81043956043956,0.2893772893772893,91.0,0.0,0.0,0.0,68.80303017686823,95.81490503828373,76.90659263529288,4.185094961716281,,,高原避暑型
丽江,2023,春季,26.855,100.2278,92,13.728260869565217,21.593478260869563,6.107608695652174,15.485869565217392,10.979347826086956,-2.748913043478261,50.19565217391305,76.4,0.8304347826086957,49,0,16.316304347826087,49.11847826086956,0,49,11.506266092995167,88,2,22.748586956521734,3,0,2,0,9.509873188405797,13.740760869565218,218.200634057971,7.18659420289855,2.1934782608695653,107.82019927536231,0.453804347826087,92.0,0.0,0.0,70.0,69.65065377855682,93.41461461300942,76.77984202889259,6.585385386990594,,,高原避暑型
丽江,2023,夏季,26.855,100.2278,92,17.391304347826086,23.00326086956522,13.179347826086955,9.823913043478262,18.191304347826087,0.8,81.73913043478261,991.9,10.781521739130437,87,11,9.564130434782609,29.77717391304348,0,0,9.446441304347823,69,7,20.00282608695652,2,0,0,0,8.067119565217391,11.600271739130434,191.4800724637681,5.554438405797101,1.6192934782608694,78.21105072463769,0.4782608695652174,92.0,0.0,0.0,14.0,77.46777489826246,95.14676024654524,82.77147050274729,4.853239753454773,72.1685243718311,,高原避暑型
丽江,2023,冬季,26.855,100.2278,90,6.912222222222223,14.838888888888889,0.2833333333333333,14.555555555555555,3.53,-3.382222222222222,57.81111111111111,40.8,0.4533333333333333,30,0,14.43,41.75222222222222,0,24,9.902807530864198,81,0,15.891666666666667,0,0,48,0,8.588888888888889,12.414166666666668,250.9754629629629,10.28462962962963,4.786620370370371,80.46296296296296,0.1444444444444444,90.0,0.0,0.0,8.0,57.68020199536058,94.62754364665751,68.76440449074965,5.372456353342493,,77.36688733233053,高原避暑型
丽江,2024,秋季,26.855,100.2278,91,12.52967032967033,18.838461538461537,7.892307692307693,10.946153846153846,11.9,-0.6296703296703298,82.41758241758242,588.4,6.465934065934066,68,5,9.54945054945055,28.248351648351647,0,0,9.149660225885226,76,5,16.181758241758242,0,0,3,0,7.516071428571428,10.048809523809524,239.5554029304029,6.212591575091575,2.1678571428571427,72.46153846153847,0.2348901098901099,91.0,0.0,0.0,2.0,67.86773497327388,95.412864871272,76.13127394267332,4.587135128728008,,,高原避暑型
丽江,2024,春季,26.855,100.2278,92,13.880434782608695,21.51195652173913,6.985869565217392,14.52608695652174,11.392391304347823,-2.48804347826087,54.34782608695652,123.2,1.3391304347826087,54,0,17.559782608695652,48.825,0,45,11.45368722826087,88,1,22.34391304347826,0,0,0,0,8.263134057971016,12.71014492753623,236.53125,3.3603713768115937,1.5896286231884058,95.60054347826087,2.382699275362319,92.0,0.0,0.0,34.0,70.36061303793994,94.32851085290709,77.55098238243008,5.67148914709294,,,高原避暑型
丽江,2024,夏季,26.855,100.2278,92,17.571739130434782,23.05,13.508695652173913,9.541304347826086,18.68913043478261,1.1173913043478263,84.3913043478261,1272.4,13.830434782608696,88,17,9.46304347826087,29.42717391304348,0,0,9.482050694444444,64,6,20.077065217391304,0,0,0,0,7.157925724637681,10.305842391304347,193.32835144927532,3.900634057971015,1.2871829710144929,72.24501811594203,0.8206521739130435,92.0,0.0,0.0,9.0,77.85093874615097,95.62963142392609,83.1845465494835,4.370368576073936,71.28001967224407,,高原避暑型
丽江,2024,冬季,26.855,100.2278,91,6.01978021978022,14.237362637362637,-0.3769230769230769,14.614285714285716,2.340659340659341,-3.67912087912088,57.13186813186813,42.1,0.4626373626373626,25,0,16.12087912087912,42.86703296703297,0,25,10.209183424908426,88,2,16.2221978021978,0,0,57,0,7.642673992673993,10.15934065934066,253.34981684981685,7.41304945054945,4.103800366300367,81.51556776556777,1.3255494505494505,91.0,0.0,0.0,0.0,57.20672490253833,94.84807270756386,68.49912924404599,5.151927292436151,,77.07191745957768,高原避暑型
丽江,2025,秋季,26.855,100.2278,91,13.052747252747253,19.717582417582417,8.52087912087912,11.196703296703296,12.509890109890112,-0.5428571428571429,81.0989010989011,539.7,5.930769230769231,67,3,10.347252747252748,30.484615384615385,0,0,8.850544902319903,69,4,15.966153846153848,0,0,3,0,8.972435897435897,9.117857142857144,281.3992673992674,8.20485347985348,3.5253663003663003,75.15705128205128,0.2206959706959707,91.0,0.0,0.0,1.0,69.56384367099577,94.98769781585725,77.1909999144542,5.012302184142781,,,高原避暑型
丽江,2025,春季,26.855,100.2278,92,12.695652173913045,20.2,6.476086956521739,13.72391304347826,10.721739130434782,-1.9739130434782608,64.8586956521739,309.2,3.360869565217391,66,1,14.97391304347826,41.25434782608696,0,17,10.447580434782608,81,6,20.43967391304348,0,0,2,0,13.72391304347826,18.8455615942029,281.96829710144925,6.459827898550725,2.165579710144928,109.21376811594202,12.279891304347826,89.0,0.0,43.0,70.0,68.62214265506412,92.82852466023704,75.88405725661599,7.171475339762964,,,高原避暑型
丽江,2025,夏季,26.855,100.2278,92,17.221739130434784,22.96195652173913,13.040217391304347,9.921739130434782,18.13478260869565,0.9130434782608696,82.92391304347827,973.3,10.579347826086956,88,8,9.733695652173912,29.796739130434784,0,0,9.994911141304348,72,8,20.36065217391305,0,0,0,0,9.290579710144929,10.589266304347824,245.45697463768116,7.032336956521739,1.6152173913043475,84.19202898550725,3.1218297101449277,92.0,0.0,10.0,19.0,76.88177127602994,94.61711898226925,82.20237558790173,5.382881017730758,72.77401470716542,,高原避暑型
丽江,2025,冬季,26.855,100.2278,90,6.262222222222222,14.942222222222222,-0.2566666666666666,15.19888888888889,2.8855555555555554,-3.3766666666666665,61.74444444444445,47.3,0.5255555555555556,29,0,15.034444444444444,40.40222222222222,0,19,9.82247086419753,82,3,15.72222222222222,0,0,52,0,12.764583333333333,13.939907407407407,308.4111111111111,9.326203703703705,5.314027777777778,88.61990740740741,2.5606481481481485,90.0,0.0,8.0,6.0,56.59859320105301,93.78422629632423,67.75428312963437,6.215773703675777,,76.55001380067571,高原避暑型
乌鲁木齐,2016,秋季,43.8256,87.6168,91,7.583516483516484,13.336263736263737,2.520879120879121,10.815384615384616,4.173626373626374,-3.40989010989011,55.1978021978022,119.6,1.3142857142857145,28,1,13.59010989010989,26.34065934065934,0,0,9.501200824175823,78,3,12.772417582417582,4,0,42,25,,,,,,,,0.0,0.0,0.0,0.0,64.06208431848115,,,,,,北方大陆四季型
乌鲁木齐,2016,春季,43.8256,87.6168,92,10.566304347826089,16.588043478260868,4.675,11.91304347826087,7.265217391304348,-3.301086956521739,52.52173913043478,130.2,1.4152173913043478,34,0,16.43804347826087,32.35978260869565,3,7,10.904524698067632,80,5,20.000326086956523,0,0,20,6,,,,,,,,0.0,0.0,0.0,0.0,64.40455299417668,,,,,,北方大陆四季型
乌鲁木齐,2016,夏季,43.8256,87.6168,92,23.06847826086957,28.230434782608693,17.30217391304348,10.928260869565218,22.066304347826087,-1.0021739130434784,47.641304347826086,153.7,1.670652173913043,39,1,14.52282608695652,28.042391304347827,0,0,11.811982880434782,81,2,21.936195652173915,33,2,0,0,,,,,,,,0.0,0.0,0.0,0.0,84.10243800104405,,,,66.1989104606306,,北方大陆四季型
乌鲁木齐,2016,冬季,43.8256,87.6168,91,-6.751648351648352,-2.083516483516484,-10.88901098901099,8.805494505494504,-11.186813186813186,-4.435164835164835,60.91208791208791,28.7,0.3153846153846154,18,0,12.075824175824176,19.262637362637363,0,0,8.251960256410257,67,4,9.401868131868133,0,0,89,78,,,,,,,,0.0,0.0,0.0,0.0,53.861655302099,,,,,48.61510955590832,北方大陆四季型
乌鲁木齐,2017,秋季,43.8256,87.6168,91,8.775824175824177,13.868131868131869,4.467032967032967,9.4010989010989,5.106593406593406,-3.669230769230769,50.59340659340659,57.5,0.6318681318681318,20,0,17.693406593406593,33.229670329670334,9,9,9.022005433455432,76,5,12.227032967032969,2,0,26,10,,,,,,,,0.0,0.0,0.0,0.0,63.28141805252079,,,,,,北方大陆四季型
乌鲁木齐,2017,春季,43.8256,87.6168,92,9.15108695652174,14.054347826086955,3.796739130434783,10.257608695652172,5.582608695652175,-3.5684782608695653,55.33695652173913,80.1,0.8706521739130434,37,0,19.48804347826087,34.95869565217391,10,13,10.789232850241545,79,7,20.351521739130437,6,0,32,22,,,,,,,,0.0,0.0,0.0,0.0,62.85023475935588,,,,,,北方大陆四季型
乌鲁木齐,2017,夏季,43.8256,87.6168,92,23.914130434782606,29.053260869565214,18.32282608695652,10.730434782608697,22.354347826086958,-1.559782608695652,40.97826086956522,70.89999999999999,0.7706521739130434,32,0,18.172826086956523,34.733695652173914,4,6,11.583016123188406,84,3,22.378152173913044,38,8,0,0,,,,,,,,0.0,0.0,0.0,0.0,80.55476822162653,,,,64.77780065477859,,北方大陆四季型
乌鲁木齐,2017,冬季,43.8256,87.6168,90,-9.495555555555557,-5.833333333333333,-13.403333333333332,7.569999999999999,-14.084444444444443,-4.588888888888889,73.16666666666667,34.4,0.3822222222222222,16,0,15.92,25.84777777777778,4,3,7.890776975308642,63,5,9.101666666666668,0,0,90,90,,,,,,,,0.0,0.0,0.0,0.0,51.079048520623736,,,,,42.338142161502304,北方大陆四季型
乌鲁木齐,2018,秋季,43.8256,87.6168,91,6.864835164835165,11.84175824175824,1.85934065934066,9.982417582417582,3.0164835164835164,-3.848351648351648,52.04395604395605,81.1,0.8912087912087912,25,0,19.61098901098901,35.137362637362635,8,9,8.96221043956044,74,6,12.432087912087912,0,0,32,21,,,,,,,,0.0,0.0,0.0,0.0,62.94366385515212,,,,,,北方大陆四季型
乌鲁木齐,2018,春季,43.8256,87.6168,92,11.095652173913043,17.016304347826086,5.3673913043478265,11.64891304347826,6.978260869565218,-4.1173913043478265,47.141304347826086,87.3,0.9489130434782608,31,0,25.10108695652174,44.90108695652174,25,26,9.574075271739131,70,8,18.36217391304348,2,0,21,4,,,,,,,,0.0,0.0,0.0,0.0,62.80415460394347,,,,,,北方大陆四季型
乌鲁木齐,2018,夏季,43.8256,87.6168,92,24.120652173913044,29.292391304347827,18.73913043478261,10.553260869565218,22.53152173913044,-1.5891304347826083,40.880434782608695,76.7,0.8336956521739131,31,0,18.440217391304348,35.00326086956522,3,4,10.771810688405797,80,3,21.2675,51,3,0,0,,,,,,,,0.0,0.0,0.0,0.0,81.85031629864315,,,,62.596992051649,,北方大陆四季型
乌鲁木齐,2018,冬季,43.8256,87.6168,90,-12.681111111111113,-9.051111111111112,-17.072222222222223,8.02111111111111,-17.285555555555558,-4.604444444444444,70.05555555555556,20.6,0.2288888888888889,19,0,12.995555555555557,22.157777777777778,1,1,7.825887685185185,67,6,9.023333333333332,0,0,90,89,,,,,,,,0.0,0.0,0.0,0.0,52.04289161231074,,,,,40.97086826320421,北方大陆四季型
乌鲁木齐,2019,秋季,43.8256,87.6168,91,8.845054945054946,13.649450549450547,4.392307692307692,9.257142857142856,5.341758241758242,-3.5032967032967037,50.59340659340659,60.6,0.6659340659340659,23,0,17.48791208791209,32.0076923076923,7,7,8.920267857142857,75,4,12.31120879120879,3,0,27,15,,,,,,,,0.0,0.0,0.0,0.0,66.12845391456408,,,,,,北方大陆四季型
乌鲁木齐,2019,春季,43.8256,87.6168,92,9.810869565217391,14.96195652173913,4.605434782608696,10.356521739130434,6.19891304347826,-3.6119565217391303,51.641304347826086,81.8,0.8891304347826087,27,0,19.77934782608696,36.868478260869566,10,12,9.806473852657003,74,10,18.45434782608696,1,0,25,9,,,,,,,,0.0,0.0,0.0,0.0,63.13788612056062,,,,,,北方大陆四季型
乌鲁木齐,2019,夏季,43.8256,87.6168,92,24.50978260869565,29.917391304347827,18.558695652173917,11.358695652173912,22.690217391304348,-1.8195652173913044,38.76086956521739,74.4,0.8086956521739131,28,0,18.920652173913044,35.325,5,5,11.223444142512076,84,2,21.850978260869564,47,11,0,0,,,,,,,,0.0,0.0,0.0,0.0,81.06417781114385,,,,62.82286933989391,,北方大陆四季型
乌鲁木齐,2019,冬季,43.8256,87.6168,90,-10.583333333333334,-6.99,-14.574444444444444,7.584444444444444,-15.252222222222224,-4.668888888888889,74.03333333333333,22.8,0.2533333333333333,19,0,15.646666666666668,25.02444444444444,7,5,7.631659537037038,58,4,8.55888888888889,0,0,90,90,,,,,,,,0.0,0.0,0.0,0.0,50.93628573797109,,,,,41.14881343350952,北方大陆四季型
乌鲁木齐,2020,秋季,43.8256,87.6168,91,7.361538461538461,11.973626373626372,3.087912087912088,8.885714285714286,3.748351648351649,-3.613186813186813,52.84615384615385,33.9,0.3725274725274725,29,0,16.826373626373627,32.191208791208794,7,8,8.681672557997558,69,6,12.108131868131869,2,0,29,14,,,,,,,,0.0,0.0,0.0,0.0,62.57462117854693,,,,,,北方大陆四季型
乌鲁木齐,2020,春季,43.8256,87.6168,92,13.126086956521736,18.76304347826087,7.507608695652174,11.255434782608695,8.81195652173913,-4.3141304347826095,35.29347826086956,33.0,0.358695652173913,23,0,22.877173913043475,42.04565217391304,15,17,10.742896074879226,81,4,19.87,7,0,24,6,,,,,,,,0.0,0.0,0.0,0.0,64.77671985524617,,,,,,北方大陆四季型
乌鲁木齐,2020,夏季,43.8256,87.6168,92,23.30434782608696,28.676086956521736,17.393478260869564,11.282608695652174,21.12608695652174,-2.178260869565217,37.96739130434783,70.3,0.7641304347826087,23,0,19.55,37.58695652173913,5,9,11.134117874396136,81,1,21.89673913043478,42,2,0,0,,,,,,,,0.0,0.0,0.0,0.0,81.0179228318899,,,,65.3914062286014,,北方大陆四季型
乌鲁木齐,2020,冬季,43.8256,87.6168,91,-9.816483516483515,-6.352747252747253,-13.612087912087912,7.259340659340659,-14.547252747252749,-4.730769230769231,73.58241758241758,17.0,0.1868131868131868,14,0,16.62967032967033,26.31978021978022,8,7,8.08612264957265,73,1,8.81967032967033,0,0,91,84,,,,,,,,0.0,0.0,0.0,0.0,50.877721732542334,,,,,42.61034683268096,北方大陆四季型
乌鲁木齐,2021,秋季,43.8256,87.6168,91,7.872527472527472,13.05934065934066,3.2538461538461534,9.805494505494504,3.947252747252747,-3.925274725274725,48.16483516483517,79.8,0.8769230769230769,23,0,19.053846153846155,34.44065934065934,9,11,8.745939713064713,73,7,12.304725274725277,7,0,33,17,,,,,,,,0.0,0.0,0.0,0.0,62.576576779871736,,,,,,北方大陆四季型
乌鲁木齐,2021,春季,43.8256,87.6168,92,10.110869565217392,15.792391304347827,4.28695652173913,11.505434782608695,6.23695652173913,-3.873913043478261,46.84782608695652,64.4,0.7000000000000001,25,0,20.056521739130435,38.0,9,12,10.082421618357488,76,6,19.25108695652174,7,0,32,12,,,,,,,,0.0,0.0,0.0,0.0,62.45290935612409,,,,,,北方大陆四季型
乌鲁木齐,2021,夏季,43.8256,87.6168,92,24.07717391304348,29.414130434782606,18.38586956521739,11.028260869565218,21.944565217391304,-2.132608695652174,36.80434782608695,57.0,0.6195652173913043,19,0,19.93913043478261,37.325,5,10,11.102506491545894,82,3,21.77978260869565,44,11,0,0,,,,,,,,0.0,0.0,0.0,0.0,79.27918508634586,,,,63.965335953323695,,北方大陆四季型
乌鲁木齐,2021,冬季,43.8256,87.6168,90,-9.127777777777778,-5.405555555555556,-13.054444444444446,7.648888888888889,-13.805555555555555,-4.677777777777778,73.35555555555555,30.9,0.3433333333333333,20,0,17.624444444444446,27.616666666666667,10,8,7.53067287037037,59,7,8.423444444444444,0,0,90,85,,,,,,,,0.0,0.0,0.0,0.0,50.629805471334656,,,,,42.4986224212784,北方大陆四季型
乌鲁木齐,2022,秋季,43.8256,87.6168,91,9.104395604395604,14.24945054945055,4.532967032967033,9.716483516483516,5.324175824175824,-3.78021978021978,50.83516483516483,77.3,0.8494505494505494,28,0,18.49010989010989,33.21978021978022,8,10,8.381376709401708,65,8,12.01846153846154,8,2,26,6,,,,,,,,0.0,0.0,0.0,0.0,62.68203972770867,,,,,,北方大陆四季型
乌鲁木齐,2022,春季,43.8256,87.6168,92,12.828260869565218,18.196739130434786,7.526086956521738,10.670652173913044,8.732608695652173,-4.095652173913043,42.95652173913044,52.9,0.575,25,0,23.61413043478261,41.92391304347826,18,20,9.87778269927536,75,8,18.98152173913044,7,1,24,2,,,,,,,,0.0,0.0,0.0,0.0,64.56665794654508,,,,,,北方大陆四季型
乌鲁木齐,2022,夏季,43.8256,87.6168,92,24.35652173913044,29.882608695652173,18.491304347826087,11.391304347826088,22.28695652173913,-2.0695652173913044,36.619565217391305,54.4,0.591304347826087,31,0,20.40652173913044,37.14239130434783,5,7,10.830864673913045,82,4,21.645217391304342,48,9,0,0,,,,,,,,0.0,0.0,0.0,0.0,79.60027276080822,,,,62.903038962102045,,北方大陆四季型
乌鲁木齐,2022,冬季,43.8256,87.6168,90,-11.09,-7.821111111111111,-14.672222222222222,6.851111111111111,-15.682222222222224,-4.592222222222222,74.27777777777777,18.4,0.2044444444444444,18,0,14.071111111111112,21.45555555555556,1,0,7.519425648148148,54,5,8.737555555555556,0,0,90,90,,,,,,,,0.0,0.0,0.0,0.0,51.10986867748622,,,,,40.880374890538135,北方大陆四季型
乌鲁木齐,2023,秋季,43.8256,87.6168,91,10.25824175824176,15.157142857142857,6.00989010989011,9.147252747252749,7.104395604395604,-3.1538461538461537,56.9010989010989,72.2,0.7934065934065935,23,0,17.84065934065934,31.743956043956043,5,5,8.464934645909645,65,7,11.863296703296704,1,0,24,1,55.09043040293041,203.2788003663004,428.9523809523809,34.73804945054945,12.815613553113552,34.28159340659341,369.5434981684982,38.0,23.0,88.0,0.0,66.30813077329313,87.79104529799932,72.75300513070498,12.20895470200068,,,北方大陆四季型
乌鲁木齐,2023,春季,43.8256,87.6168,92,9.817391304347826,15.490217391304348,4.268478260869565,11.221739130434784,5.7043478260869565,-4.113043478260869,44.23913043478261,64.1,0.6967391304347825,38,0,22.24782608695652,39.54347826086956,14,14,9.800734993961353,73,6,18.55858695652174,1,0,23,10,35.10058876811594,67.53763586956521,336.83016304347825,32.241349637681154,11.02685688405797,58.80661231884058,54.62726449275362,60.0,6.0,91.0,1.0,61.84703205073056,91.03198339945293,70.60251745534727,8.96801660054709,,,北方大陆四季型
乌鲁木齐,2023,夏季,43.8256,87.6168,92,25.186956521739127,30.994565217391305,18.930434782608696,12.06413043478261,23.10978260869565,-2.0771739130434783,35.53260869565217,41.9,0.4554347826086956,30,0,20.217391304347824,36.57934782608696,6,8,10.938928140096618,79,4,21.97815217391304,55,18,0,0,46.38410326086956,216.27767210144927,225.07880434782604,19.690987318840577,7.053668478260869,87.0751811594203,464.87182971014494,46.0,17.0,92.0,8.0,78.71492058062103,86.7728753372945,81.13230700762306,13.227124662705512,60.9365956642816,,北方大陆四季型
乌鲁木齐,2023,冬季,43.8256,87.6168,90,-9.944444444444445,-6.351111111111111,-13.78888888888889,7.437777777777778,-14.583333333333334,-4.638888888888889,72.93333333333334,42.3,0.47,24,0,17.033333333333335,25.254444444444445,6,4,6.912413641975308,49,11,8.19,0,0,90,83,86.49861111111112,125.66333333333334,909.1009259259258,82.55027777777778,29.061203703703704,19.77685185185185,5.04074074074074,16.0,41.0,9.0,0.0,50.64217947143107,83.92467048919532,60.62692677676035,16.07532951080468,,52.179388524365024,北方大陆四季型
乌鲁木齐,2024,秋季,43.8256,87.6168,91,8.39010989010989,13.09120879120879,4.289010989010989,8.802197802197803,5.075824175824176,-3.314285714285714,59.95604395604396,94.9,1.042857142857143,26,0,17.942857142857143,32.871428571428574,6,6,8.20507506105006,65,9,11.731208791208791,0,0,21,13,57.272756410256406,194.9247252747253,533.9711538461538,36.196336996337,12.676053113553111,35.24175824175824,347.2449633699634,35.0,21.0,74.0,0.0,63.880401678209815,87.50457841008912,70.96765469777361,12.49542158991087,,,北方大陆四季型
乌鲁木齐,2024,春季,43.8256,87.6168,92,11.03804347826087,16.629347826086956,5.317391304347826,11.31195652173913,7.618478260869565,-3.4195652173913045,50.67391304347826,97.4,1.058695652173913,26,0,19.691304347826087,35.41413043478261,10,12,9.834428411835749,74,7,18.693804347826084,7,1,22,11,75.85901268115941,321.0517210144927,309.625,27.24030797101449,8.242527173913043,61.91485507246377,639.2223731884059,30.0,32.0,86.0,0.0,65.76199011626726,83.04183746617541,70.9459443212397,16.9581625338246,,,北方大陆四季型
乌鲁木齐,2024,夏季,43.8256,87.6168,92,25.40978260869565,30.918478260869566,19.664130434782606,11.254347826086954,24.12391304347826,-1.285869565217391,40.65217391304348,67.7,0.7358695652173913,32,0,19.13586956521739,34.07065217391305,6,8,11.199938677536233,84,3,21.97054347826087,52,18,0,0,51.69737318840579,263.8180253623188,222.68523550724635,18.879846014492752,6.030389492753623,86.83559782608695,583.5733695652174,21.0,14.0,92.0,7.0,80.55498929526881,85.52425442937805,82.04576883550156,14.475745570621964,60.48763877349393,,北方大陆四季型
乌鲁木齐,2024,冬季,43.8256,87.6168,91,-11.286813186813186,-7.731868131868132,-15.378021978021978,7.646153846153846,-15.993406593406595,-4.706593406593407,76.93406593406593,39.7,0.4362637362637362,32,0,16.847252747252746,27.654945054945053,5,5,7.053038553113553,47,11,8.134065934065935,0,0,91,91,45.94798534798535,59.743040293040295,872.3818681318681,54.79606227106227,22.18035714285714,27.15521978021978,4.990384615384615,33.0,11.0,11.0,0.0,49.794095100722856,89.87487115431303,61.81832791679991,10.12512884568697,,51.99800835828297,北方大陆四季型
乌鲁木齐,2025,秋季,43.8256,87.6168,91,8.00989010989011,12.762637362637363,3.70989010989011,9.052747252747253,4.938461538461538,-3.071428571428572,58.42857142857143,92.0,1.010989010989011,23,0,13.430769230769233,31.447252747252744,1,6,8.595534676434676,75,9,12.183846153846154,2,0,29,10,45.33273809523809,166.4533424908425,639.8411172161171,41.24638278388278,19.12014652014652,37.11813186813187,231.54441391941396,21.0,3.0,80.0,0.0,63.5050892990938,88.67171425317723,71.05507678531883,11.328285746822772,,,北方大陆四季型
乌鲁木齐,2025,春季,43.8256,87.6168,92,11.707608695652173,17.26086956521739,5.957608695652175,11.303260869565218,8.302173913043479,-3.405434782608696,48.26086956521739,102.7,1.116304347826087,28,0,17.429347826086957,40.0945652173913,8,21,10.185155827294686,77,5,19.362717391304347,11,1,27,14,86.79270833333334,549.3153532608695,385.504981884058,27.667391304347827,11.925860507246377,69.55751811594203,890.4311594202899,8.0,52.0,91.0,4.0,66.09027976843818,78.16576790437507,69.71292620921925,21.834232095624927,,,北方大陆四季型
乌鲁木齐,2025,夏季,43.8256,87.6168,92,25.88586956521739,31.438043478260877,19.90217391304348,11.535869565217393,24.51521739130435,-1.3706521739130435,37.08695652173913,48.3,0.525,31,0,14.968478260869563,37.471739130434784,0,4,10.981894535024152,79,1,21.800760869565217,62,15,0,0,78.11363224637681,545.9753170289855,281.74954710144925,19.8916213768116,11.562817028985508,92.10235507246377,944.888134057971,1.0,46.0,92.0,26.0,80.30327726175352,78.34714689613612,79.7164381520683,21.65285310386388,59.14666649501704,,北方大陆四季型
乌鲁木齐,2025,冬季,43.8256,87.6168,90,-10.382222222222222,-6.751111111111111,-13.715555555555556,6.964444444444444,-14.528888888888888,-4.1466666666666665,79.68888888888888,34.300000000000004,0.3811111111111112,15,0,11.063333333333334,23.832222222222224,0,2,6.944199475308642,38,6,8.113111111111111,0,0,90,89,52.894953703703706,59.16925925925926,1252.713888888889,57.724629629629625,26.059675925925927,29.272685185185185,8.932407407407407,16.0,6.0,18.0,0.0,50.16701835726612,88.52035469330907,61.67301925807901,11.479645306690935,,52.31430009297584,北方大陆四季型
北京,2016,秋季,39.9042,116.4074,91,12.17142857142857,17.3978021978022,7.34065934065934,10.057142857142855,10.69010989010989,-1.4813186813186812,66.18681318681318,154.5,1.6978021978021978,23,1,11.05054945054945,25.142857142857142,0,1,8.14400644078144,65,17,11.692527472527471,4,0,22,6,,,,,,,,0.0,0.0,0.0,0.0,69.89383741788279,,,,,,北方大陆四季型
北京,2016,春季,39.9042,116.4074,92,14.51304347826087,21.967391304347824,6.889130434782608,15.078260869565218,11.360869565217392,-3.152173913043478,39.04347826086956,49.9,0.5423913043478261,15,0,16.543478260869566,35.77173913043478,0,3,10.684227234299517,78,4,20.493913043478265,10,1,16,4,,,,,,,,0.0,0.0,0.0,0.0,69.1224533610085,,,,,,北方大陆四季型
北京,2016,夏季,39.9042,116.4074,92,26.13804347826087,31.345652173913045,21.05108695652174,10.294565217391304,28.502173913043475,2.3641304347826084,64.96739130434783,458.0,4.978260869565218,44,3,12.329347826086956,28.393478260869564,0,3,10.125493629227051,71,10,18.785217391304347,72,9,0,0,,,,,,,,0.0,0.0,0.0,0.0,77.58842488895742,,,,49.18967456825016,,北方大陆四季型
北京,2016,冬季,39.9042,116.4074,91,-2.101098901098901,3.789010989010989,-6.535164835164836,10.324175824175825,-6.5978021978021975,-4.496703296703297,45.472527472527474,12.4,0.1362637362637362,7,0,12.606593406593406,26.603296703296703,0,2,8.957336752136753,79,0,10.577362637362636,0,0,91,63,,,,,,,,0.0,0.0,0.0,0.0,51.46661412224693,,,,,51.774025172296966,北方大陆四季型
北京,2017,秋季,39.9042,116.4074,91,12.09010989010989,17.383516483516484,7.43956043956044,9.943956043956044,9.90879120879121,-2.181318681318681,59.64835164835165,76.10000000000001,0.8362637362637364,17,1,16.684615384615384,29.77142857142857,6,6,8.172557264957264,64,11,11.637142857142855,1,0,21,10,,,,,,,,0.0,0.0,0.0,0.0,69.0825808422451,,,,,,北方大陆四季型
北京,2017,春季,39.9042,116.4074,92,15.717391304347826,22.54891304347826,8.631521739130434,13.917391304347827,12.169565217391304,-3.5478260869565217,36.47826086956522,37.4,0.4065217391304347,14,0,22.65,40.08804347826087,11,16,10.623268900966185,83,6,20.285760869565216,17,3,10,0,,,,,,,,0.0,0.0,0.0,0.0,68.19632269239129,,,,,,北方大陆四季型
北京,2017,夏季,39.9042,116.4074,92,25.80760869565217,30.84891304347826,21.08478260869565,9.764130434782608,28.11304347826087,2.305434782608696,67.45652173913044,577.4,6.2760869565217385,58,8,16.778260869565216,31.87173913043478,2,2,9.688461564009662,66,14,18.718260869565217,53,17,0,0,,,,,,,,0.0,0.0,0.0,0.0,76.0322903208949,,,,50.72513564100064,,北方大陆四季型
北京,2017,冬季,39.9042,116.4074,90,-1.0366666666666666,4.673333333333334,-5.093333333333333,9.766666666666667,-6.0,-4.963333333333333,41.84444444444444,3.9,0.0433333333333333,5,0,17.734444444444442,31.39777777777778,7,8,8.610149537037037,78,3,10.10688888888889,0,0,88,51,,,,,,,,0.0,0.0,0.0,0.0,50.49555065150507,,,,,52.49575130083174,北方大陆四季型
北京,2018,秋季,39.9042,116.4074,91,12.463736263736264,18.5010989010989,7.063736263736264,11.437362637362638,9.541758241758242,-2.921978021978022,51.40659340659341,34.8,0.3824175824175824,13,0,17.76153846153846,31.75494505494505,9,10,8.715396886446888,70,5,12.5010989010989,2,0,17,0,,,,,,,,0.0,0.0,0.0,0.0,68.80085144191106,,,,,,北方大陆四季型
北京,2018,春季,39.9042,116.4074,92,14.471739130434784,21.170652173913044,7.961956521739131,13.208695652173914,11.555434782608694,-2.9163043478260877,47.52173913043478,68.4,0.7434782608695653,21,1,20.170652173913044,35.62608695652174,7,8,9.48632243357488,72,9,17.49282608695652,8,1,19,3,,,,,,,,0.0,0.0,0.0,0.0,70.18186742345593,,,,,,北方大陆四季型
北京,2018,夏季,39.9042,116.4074,92,27.13695652173913,32.00869565217391,22.502173913043475,9.506521739130434,29.867391304347827,2.7304347826086954,67.22826086956522,456.7,4.964130434782609,52,5,16.67608695652174,30.68586956521739,2,2,8.782465307971014,62,13,17.47923913043478,72,22,0,0,,,,,,,,0.0,0.0,0.0,0.0,74.71237868616154,,,,45.44699020220034,,北方大陆四季型
北京,2018,冬季,39.9042,116.4074,90,-3.02,2.285555555555556,-7.035555555555556,9.321111111111112,-8.291111111111112,-5.271111111111111,29.83333333333333,3.0,0.0333333333333333,4,0,18.711111111111112,32.77555555555556,6,7,8.387340648148149,74,3,9.694888888888888,0,0,89,67,,,,,,,,0.0,0.0,0.0,0.0,47.93517976160018,,,,,47.08282911423469,北方大陆四季型
北京,2019,秋季,39.9042,116.4074,91,13.893406593406594,19.802197802197803,8.581318681318681,11.220879120879122,11.67142857142857,-2.2219780219780216,54.43956043956044,90.1,0.99010989010989,16,1,16.284615384615385,29.212087912087917,4,5,8.532314163614164,67,7,12.338681318681315,19,2,16,4,,,,,,,,0.0,0.0,0.0,0.0,71.6776189044288,,,,,,北方大陆四季型
北京,2019,春季,39.9042,116.4074,92,15.041304347826086,22.16304347826087,7.675,14.48804347826087,11.243478260869566,-3.797826086956522,36.09782608695652,60.0,0.6521739130434783,19,0,24.12391304347826,42.32065217391305,15,22,10.075198943236714,82,6,18.654565217391305,15,1,12,0,,,,,,,,0.0,0.0,0.0,0.0,66.99690244356678,,,,,,北方大陆四季型
北京,2019,夏季,39.9042,116.4074,92,26.30652173913043,31.47391304347826,21.269565217391303,10.204347826086956,27.93152173913043,1.625,61.79347826086956,338.1,3.675,41,2,17.294565217391302,32.3554347826087,4,8,9.242453774154589,68,12,18.39271739130435,66,13,0,0,,,,,,,,0.0,0.0,0.0,0.0,78.28918470536253,,,,50.274732439653256,,北方大陆四季型
北京,2019,冬季,39.9042,116.4074,90,-1.758888888888889,3.99,-6.026666666666666,10.016666666666667,-6.831111111111111,-5.072222222222222,36.36666666666667,6.800000000000001,0.0755555555555555,6,0,17.865555555555556,31.09777777777778,4,5,8.19146475308642,72,4,9.33877777777778,0,0,90,62,,,,,,,,0.0,0.0,0.0,0.0,49.49675469721297,,,,,49.56685236960239,北方大陆四季型
北京,2020,秋季,39.9042,116.4074,91,12.974725274725277,18.6010989010989,8.03076923076923,10.57032967032967,10.324175824175825,-2.650549450549451,53.65934065934066,94.6,1.0395604395604394,23,0,17.24175824175824,31.114285714285717,3,4,8.87700583028083,74,5,12.583296703296703,5,0,11,2,,,,,,,,0.0,0.0,0.0,0.0,69.92524549146586,,,,,,北方大陆四季型
北京,2020,春季,39.9042,116.4074,92,14.610869565217392,21.51195652173913,7.678260869565217,13.833695652173914,10.927173913043475,-3.683695652173913,38.71739130434783,52.3,0.5684782608695652,19,0,23.21195652173913,41.31086956521739,11,21,9.93311065821256,78,5,18.52543478260869,9,0,13,0,,,,,,,,0.0,0.0,0.0,0.0,67.78870186840534,,,,,,北方大陆四季型
北京,2020,夏季,39.9042,116.4074,92,26.175,31.40108695652174,21.222826086956523,10.178260869565218,27.95217391304348,1.777173913043478,64.20652173913044,350.3,3.807608695652174,46,4,17.01195652173913,31.59891304347826,2,4,9.014720471014494,63,8,18.012934782608696,65,11,0,0,,,,,,,,0.0,0.0,0.0,0.0,78.6130031011322,,,,50.02206294341792,,北方大陆四季型
北京,2020,冬季,39.9042,116.4074,91,-1.443956043956044,4.210989010989011,-5.515384615384615,9.726373626373627,-6.171428571428572,-4.727472527472528,46.06593406593407,25.8,0.2835164835164835,12,0,16.054945054945055,28.057142857142853,4,4,8.090259157509157,74,7,9.22868131868132,0,0,90,56,,,,,,,,0.0,0.0,0.0,0.0,51.3360786418732,,,,,52.082724099803634,北方大陆四季型
北京,2021,秋季,39.9042,116.4074,91,12.317582417582418,17.184615384615384,8.045054945054945,9.13956043956044,10.695604395604397,-1.621978021978022,68.82417582417582,255.6,2.8087912087912086,31,2,15.93956043956044,27.95054945054945,5,6,7.006563186813187,53,19,10.26142857142857,1,0,18,1,,,,,,,,0.0,0.0,0.0,0.0,68.130916990309,,,,,,北方大陆四季型
北京,2021,春季,39.9042,116.4074,92,14.23913043478261,20.442391304347822,8.020652173913044,12.421739130434782,10.720652173913043,-3.518478260869565,44.34782608695652,52.1,0.566304347826087,23,0,22.30652173913043,40.49891304347826,17,21,9.193788979468598,67,7,17.505978260869565,5,0,8,1,,,,,,,,0.0,0.0,0.0,0.0,68.40528473263204,,,,,,北方大陆四季型
北京,2021,夏季,39.9042,116.4074,92,25.096739130434784,29.835869565217397,20.67608695652174,9.159782608695652,27.436956521739127,2.340217391304348,71.18478260869566,509.2,5.534782608695652,57,4,15.891304347826088,30.98152173913044,1,5,9.046973671497584,64,10,17.410978260869566,45,4,0,0,,,,,,,,0.0,0.0,0.0,0.0,78.36200662653114,,,,52.0854179280116,,北方大陆四季型
北京,2021,冬季,39.9042,116.4074,90,-1.15,4.716666666666667,-5.673333333333334,10.39,-5.933333333333334,-4.783333333333333,43.91111111111111,17.5,0.1944444444444444,9,0,16.99888888888889,29.131111111111117,2,5,8.245051265432098,78,6,9.48488888888889,0,0,86,47,,,,,,,,0.0,0.0,0.0,0.0,50.46635200169657,,,,,52.612980168402345,北方大陆四季型
北京,2022,秋季,39.9042,116.4074,91,13.204395604395604,18.857142857142858,8.208791208791208,10.648351648351648,10.962637362637365,-2.241758241758242,58.62637362637363,38.2,0.4197802197802198,14,0,16.71098901098901,28.67142857142857,6,6,8.137353846153847,63,13,11.856373626373626,7,0,9,2,,,,,,,,0.0,0.0,0.0,0.0,69.59060135088326,,,,,,北方大陆四季型
北京,2022,春季,39.9042,116.4074,92,14.326086956521738,21.366304347826087,7.271739130434782,14.094565217391304,10.771739130434783,-3.5543478260869565,42.18478260869565,42.6,0.4630434782608695,23,0,21.75108695652174,37.381521739130434,13,15,9.406060869565218,71,6,17.35467391304348,16,1,18,1,,,,,,,,0.0,0.0,0.0,0.0,67.81778711678675,,,,,,北方大陆四季型
北京,2022,夏季,39.9042,116.4074,92,25.58478260869565,30.73913043478261,20.85,9.88913043478261,27.81413043478261,2.229347826086957,68.97826086956522,522.4,5.678260869565217,48,7,16.879347826086956,29.27173913043478,2,2,8.87133695652174,63,8,17.50184782608696,52,12,0,0,,,,,,,,0.0,0.0,0.0,0.0,78.32210044868029,,,,50.992040951470194,,北方大陆四季型
北京,2022,冬季,39.9042,116.4074,90,-2.875555555555556,2.506666666666667,-6.616666666666666,9.123333333333331,-7.978888888888889,-5.1033333333333335,36.61111111111112,6.0,0.0666666666666666,5,0,17.694444444444443,30.57111111111111,7,8,8.046686944444444,68,6,8.931444444444445,0,0,90,76,,,,,,,,0.0,0.0,0.0,0.0,49.5330772475516,,,,,47.42748935721063,北方大陆四季型
北京,2023,秋季,39.9042,116.4074,91,13.268131868131867,18.963736263736266,8.502197802197802,10.461538461538462,11.545054945054943,-1.723076923076923,60.79120879120879,92.7,1.0186813186813186,11,1,16.173626373626373,28.068131868131868,5,5,8.505841483516484,70,6,11.814505494505491,4,0,19,8,81.98328754578755,120.56849816849817,1165.321428571429,54.211630036630034,63.68818681318681,17.719322344322343,6.132326007326007,12.0,48.0,18.0,0.0,70.96314713892139,85.12797788704218,75.21259636335762,14.87202211295782,,,北方大陆四季型
北京,2023,春季,39.9042,116.4074,92,14.914130434782608,21.675,8.11413043478261,13.56086956521739,11.536956521739132,-3.377173913043478,42.380434782608695,63.9,0.6945652173913043,23,0,21.957608695652173,37.725,8,11,8.8594836352657,70,12,16.55217391304348,5,0,13,0,51.689130434782605,78.4059329710145,858.7721920289856,63.98786231884058,53.88002717391304,40.37001811594202,12.791666666666666,30.0,13.0,40.0,0.0,69.69096112753834,87.43949009107965,75.01551981660073,12.560509908920356,,,北方大陆四季型
北京,2023,夏季,39.9042,116.4074,92,27.492391304347827,33.07608695652174,22.15217391304348,10.923913043478262,29.066304347826087,1.5739130434782609,59.56521739130435,459.3,4.992391304347826,39,6,19.117391304347827,33.7,1,7,9.755919625603864,73,11,18.83913043478261,69,31,0,0,56.256974637681154,83.54660326086957,610.4316123188406,60.534375,40.9018115942029,65.20516304347827,7.128170289855072,22.0,19.0,19.0,8.0,73.98679646497285,86.35739603846407,77.69797633702022,13.642603961535928,48.09613390944276,,北方大陆四季型
北京,2023,冬季,39.9042,116.4074,90,-2.258888888888889,3.1777777777777776,-6.465555555555556,9.643333333333333,-7.036666666666666,-4.777777777777778,45.422222222222224,24.7,0.2744444444444444,11,0,16.566666666666666,28.104444444444447,7,5,7.57132487654321,67,11,8.422888888888888,0,0,89,55,101.39486111111113,146.87537037037038,2510.0958333333333,79.56699074074074,102.01083333333334,14.73425925925926,4.437962962962963,9.0,56.0,12.0,0.0,50.54104340549762,79.85661894992992,59.3357160688273,20.14338105007008,,57.93283158655615,北方大陆四季型
北京,2024,秋季,39.9042,116.4074,91,13.73846153846154,18.67472527472528,9.348351648351647,9.326373626373629,12.26153846153846,-1.476923076923077,66.86813186813187,90.2,0.9912087912087912,25,0,14.387912087912088,26.045054945054943,3,4,7.573480036630037,55,13,10.923736263736265,1,0,4,0,90.49111721611725,124.05013736263736,1496.8141025641028,53.65384615384615,67.71927655677655,15.007326007326007,6.656593406593407,8.0,50.0,16.0,0.0,71.66348586855815,84.03382124737408,75.37458648220293,15.966178752625932,,,北方大陆四季型
北京,2024,春季,39.9042,116.4074,92,15.25,22.069565217391304,8.443478260869565,13.626086956521736,12.169565217391304,-3.0804347826086955,44.76086956521739,90.8,0.9869565217391304,27,0,21.453260869565216,36.80217391304348,13,14,9.289125664251207,71,8,17.07641304347826,10,0,14,1,57.29071557971015,89.47590579710145,663.6304347826087,47.84338768115941,35.90240036231884,44.77989130434783,16.388134057971012,18.0,19.0,48.0,2.0,71.0724249604887,87.83978691326315,76.10263354632103,12.16021308673685,,,北方大陆四季型
北京,2024,夏季,39.9042,116.4074,92,26.93152173913043,32.12391304347826,21.996739130434783,10.127173913043478,29.442391304347822,2.510869565217391,66.65217391304348,539.3,5.86195652173913,51,6,17.23804347826087,30.78478260869565,2,3,9.4827086352657,75,7,18.240652173913045,70,23,0,0,67.34633152173913,99.03953804347827,687.2427536231884,62.77042572463768,36.54778079710145,72.06929347826087,6.096467391304348,11.0,33.0,14.0,11.0,75.28797189611632,84.64102117797077,78.09388668067265,15.358978822029226,46.76821910461935,,北方大陆四季型
北京,2024,冬季,39.9042,116.4074,91,-1.078021978021978,3.68021978021978,-4.713186813186813,8.393406593406594,-5.824175824175824,-4.746153846153846,39.84615384615385,6.2,0.0681318681318681,4,0,15.191208791208792,28.5021978021978,2,3,7.729435195360196,65,7,8.63989010989011,0,0,87,47,112.75755494505496,147.5621336996337,1976.084249084249,49.41918498168498,102.30892857142857,16.376373626373628,3.896062271062271,7.0,65.0,9.0,0.0,50.93364060827322,80.6898695529744,59.86050929168358,19.310130447025596,,59.74155763245811,北方大陆四季型
北京,2025,秋季,39.9042,116.4074,91,14.274725274725276,18.686813186813183,10.134065934065935,8.552747252747253,13.021978021978022,-1.2527472527472527,60.747252747252745,117.1,1.286813186813187,24,1,11.32197802197802,27.673626373626377,0,5,7.577136477411478,60,10,10.88175824175824,9,0,7,0,94.10865384615386,105.57880036630036,1603.9583333333337,63.91904761904762,69.02408424908425,18.10851648351648,19.371336996337,3.0,61.0,44.0,0.0,71.63484189971022,83.09392802181826,75.07256773634262,16.906071978181735,,,北方大陆四季型
北京,2025,春季,39.9042,116.4074,92,16.148913043478263,21.871739130434783,10.217391304347826,11.654347826086957,13.166304347826086,-2.9826086956521736,36.65217391304348,101.1,1.098913043478261,22,1,16.597826086956523,41.17826086956522,2,21,9.461067934782609,73,5,17.46913043478261,9,0,4,1,60.765443840579714,88.6351902173913,737.9311594202899,50.04248188405796,36.57667572463768,54.31476449275362,49.85461956521739,20.0,19.0,71.0,4.0,71.16543630811002,86.79225567330765,75.85348211766929,13.207744326692362,,,北方大陆四季型
北京,2025,夏季,39.9042,116.4074,92,27.48478260869565,31.97608695652174,23.321739130434786,8.654347826086957,30.56847826086957,3.0836956521739123,66.06521739130434,487.6,5.3,58,6,11.161956521739132,29.767391304347825,0,4,8.72395467995169,54,9,17.65869565217391,66,18,0,0,65.55715579710144,72.06336050724637,888.8564311594204,67.86354166666666,41.99356884057971,70.00090579710145,11.92210144927536,9.0,33.0,26.0,15.0,74.28316338673993,84.69866769889293,77.40781468038581,15.30133230110707,45.2942124520731,,北方大陆四季型
北京,2025,冬季,39.9042,116.4074,90,-0.6055555555555555,3.5877777777777777,-4.617777777777778,8.205555555555556,-5.247777777777778,-4.642222222222222,33.355555555555554,5.2,0.0577777777777777,7,0,12.523333333333332,29.21333333333333,0,6,8.335336111111111,72,4,9.283777777777775,0,0,87,35,113.99402777777776,120.46481481481482,2352.6129629629627,48.79592592592592,98.26138888888887,21.012962962962963,9.283796296296297,8.0,58.0,22.0,0.0,49.66777964944624,80.40987920824588,58.89040951708613,19.59012079175412,,60.17640745493404,北方大陆四季型
南京,2016,秋季,32.0603,118.7969,91,17.712087912087913,21.37912087912088,14.473626373626372,6.905494505494505,17.72197802197802,0.0098901098901099,79.17582417582418,520.9,5.724175824175824,46,7,15.237362637362637,30.912087912087912,0,3,5.452088614163614,36,37,9.627362637362635,9,0,3,0,,,,,,,,0.0,0.0,0.0,0.0,73.9602636089583,,,,,,湿润宜居综合型
南京,2016,春季,32.0603,118.7969,92,15.869565217391305,20.70217391304348,11.521739130434783,9.180434782608696,15.007608695652175,-0.8619565217391304,74.68478260869566,424.3,4.61195652173913,44,4,16.15,33.540217391304346,2,7,7.320555253623189,51,21,15.67782608695652,0,0,1,0,,,,,,,,0.0,0.0,0.0,0.0,74.09196860376714,,,,,,湿润宜居综合型
南京,2016,夏季,32.0603,118.7969,92,26.92717391304348,30.742391304347827,23.589130434782607,7.153260869565218,31.34130434782609,4.414130434782608,80.45652173913044,872.7,9.485869565217392,51,12,13.893478260869566,30.85652173913044,0,4,8.79948925120773,60,12,17.361847826086954,57,10,0,0,,,,,,,,0.0,0.0,0.0,0.0,71.51312434494116,,,,43.19015816241404,,湿润宜居综合型
南京,2016,冬季,32.0603,118.7969,91,5.246153846153846,10.17802197802198,0.8901098901098901,9.287912087912089,1.812087912087912,-3.434065934065934,71.32967032967034,162.8,1.789010989010989,31,0,14.928571428571429,30.36263736263736,0,3,7.303412912087912,56,17,10.760769230769233,0,0,41,5,,,,,,,,0.0,0.0,0.0,0.0,55.59730613335501,,,,,67.41513188626813,湿润宜居综合型
南京,2017,秋季,32.0603,118.7969,91,16.962637362637363,20.605494505494505,13.75824175824176,6.847252747252748,16.802197802197803,-0.1604395604395607,77.81318681318682,276.7,3.0406593406593405,37,1,15.418681318681315,30.24615384615385,1,2,6.017222008547009,42,28,10.31131868131868,0,0,0,0,,,,,,,,0.0,0.0,0.0,0.0,74.05006592901933,,,,,,湿润宜居综合型
南京,2017,春季,32.0603,118.7969,92,16.35,21.22826086956522,11.754347826086958,9.47391304347826,15.193478260869565,-1.1565217391304348,67.73913043478261,176.9,1.922826086956522,41,1,17.105434782608697,33.15652173913043,1,4,8.45966268115942,58,18,18.078369565217397,6,0,0,0,,,,,,,,0.0,0.0,0.0,0.0,75.08284951060679,,,,,,湿润宜居综合型
南京,2017,夏季,32.0603,118.7969,92,27.22391304347826,30.733695652173918,24.13586956521739,6.5978260869565215,31.46630434782609,4.2423913043478265,78.57608695652173,608.9,6.618478260869565,59,7,16.120652173913044,33.19673913043478,2,5,8.812668900966184,57,14,17.662065217391305,53,10,0,0,,,,,,,,0.0,0.0,0.0,0.0,71.59407045949811,,,,43.57131970445753,,湿润宜居综合型
南京,2017,冬季,32.0603,118.7969,90,5.212222222222223,9.994444444444444,0.948888888888889,9.045555555555556,1.6544444444444446,-3.557777777777777,69.32222222222222,99.5,1.1055555555555556,23,0,15.188888888888888,29.61333333333333,2,3,7.444005648148148,60,18,10.619111111111112,0,0,34,1,,,,,,,,0.0,0.0,0.0,0.0,55.450801323169,,,,,69.37920002050592,湿润宜居综合型
南京,2018,秋季,32.0603,118.7969,91,17.56153846153846,21.798901098901094,13.958241758241758,7.84065934065934,17.394505494505495,-0.167032967032967,74.71428571428571,153.29999999999998,1.6846153846153844,38,0,14.562637362637362,28.541758241758245,0,1,7.59491623931624,53,16,12.483956043956043,5,0,0,0,,,,,,,,0.0,0.0,0.0,0.0,75.80950227009389,,,,,,湿润宜居综合型
南京,2018,春季,32.0603,118.7969,92,16.741304347826087,21.588043478260868,12.256521739130434,9.331521739130435,16.127173913043478,-0.6141304347826088,74.75,343.5,3.733695652173913,51,2,17.127173913043478,34.26413043478261,2,7,7.410803894927536,53,20,15.112173913043478,3,0,1,0,,,,,,,,0.0,0.0,0.0,0.0,74.05113200487685,,,,,,湿润宜居综合型
南京,2018,夏季,32.0603,118.7969,92,27.367391304347827,30.98804347826087,24.194565217391304,6.793478260869565,31.65108695652174,4.283695652173913,79.33695652173913,423.9,4.607608695652174,64,4,16.494565217391305,32.827173913043474,4,7,9.51253179347826,67,11,18.69836956521739,61,1,0,0,,,,,,,,0.0,0.0,0.0,0.0,71.44526091942733,,,,42.752380717066096,,湿润宜居综合型
南京,2018,冬季,32.0603,118.7969,90,3.091111111111111,7.178888888888889,-0.6577777777777778,7.836666666666666,-0.6088888888888888,-3.7,75.4,213.1,2.367777777777777,42,1,16.086666666666666,30.23555555555556,0,0,5.405825524691358,38,34,8.632444444444443,0,0,42,19,,,,,,,,0.0,0.0,0.0,0.0,52.40632487874353,,,,,61.89517008031498,湿润宜居综合型
南京,2019,秋季,32.0603,118.7969,91,18.11758241758242,22.67472527472528,14.118681318681318,8.556043956043956,17.807692307692307,-0.3098901098901099,70.4065934065934,99.9,1.097802197802198,30,0,14.87142857142857,29.296703296703296,1,5,7.815055006105006,54,8,12.711758241758242,3,0,0,0,,,,,,,,0.0,0.0,0.0,0.0,78.31254698238213,,,,,,湿润宜居综合型
南京,2019,春季,32.0603,118.7969,92,16.217391304347824,21.253260869565217,11.529347826086957,9.72391304347826,14.97391304347826,-1.2434782608695654,68.04347826086956,163.5,1.7771739130434785,34,2,16.554347826086957,32.323913043478264,1,3,7.866370078502415,59,19,16.381521739130434,3,0,0,0,,,,,,,,0.0,0.0,0.0,0.0,75.82531142002902,,,,,,湿润宜居综合型
南京,2019,夏季,32.0603,118.7969,92,26.706521739130437,30.541304347826088,23.220652173913045,7.320652173913044,30.38369565217392,3.677173913043478,76.67391304347827,265.3,2.883695652173913,53,2,15.322826086956525,30.63478260869565,2,4,9.24195440821256,64,10,18.62108695652174,53,6,0,0,,,,,,,,0.0,0.0,0.0,0.0,74.62308798210894,,,,46.17136220470488,,湿润宜居综合型
南京,2019,冬季,32.0603,118.7969,90,4.883333333333334,8.94111111111111,1.2633333333333334,7.677777777777778,1.5166666666666666,-3.3666666666666667,76.53333333333333,178.6,1.9844444444444445,42,0,14.48,28.25222222222222,1,1,5.040798240740741,35,36,7.851,0,0,30,0,,,,,,,,0.0,0.0,0.0,0.0,52.91838843010878,,,,,66.55325229526228,湿润宜居综合型
南京,2020,秋季,32.0603,118.7969,91,17.505494505494507,21.531868131868134,14.064835164835166,7.467032967032967,17.343956043956045,-0.1615384615384614,75.0,209.4,2.3010989010989014,40,2,13.649450549450547,27.85824175824176,0,2,7.531974023199023,57,18,12.537032967032966,7,0,0,0,,,,,,,,0.0,0.0,0.0,0.0,76.28288237245417,,,,,,湿润宜居综合型
南京,2020,春季,32.0603,118.7969,92,16.39673913043478,21.45978260869565,11.59891304347826,9.860869565217392,15.119565217391305,-1.2771739130434785,67.6304347826087,160.5,1.7445652173913044,37,0,17.706521739130434,34.620652173913044,1,4,8.17924658816425,58,17,16.779673913043478,7,0,0,0,,,,,,,,0.0,0.0,0.0,0.0,75.14143347740979,,,,,,湿润宜居综合型
南京,2020,夏季,32.0603,118.7969,92,26.55434782608696,29.78695652173913,23.64021739130435,6.146739130434782,30.816304347826087,4.261956521739131,82.6413043478261,875.9,9.520652173913044,69,13,16.246739130434783,33.24239130434783,2,3,7.009034269323672,45,25,15.088478260869566,46,1,0,0,,,,,,,,0.0,0.0,0.0,0.0,72.16066110639866,,,,43.903537116244586,,湿润宜居综合型
南京,2020,冬季,32.0603,118.7969,91,5.451648351648352,9.497802197802198,2.007692307692308,7.49010989010989,2.110989010989011,-3.340659340659341,74.65934065934066,149.7,1.645054945054945,38,0,15.038461538461538,29.790109890109893,1,3,5.341869261294262,35,31,8.323516483516483,0,0,26,2,,,,,,,,0.0,0.0,0.0,0.0,54.4282108081956,,,,,67.83839635352359,湿润宜居综合型
南京,2021,秋季,32.0603,118.7969,91,18.701098901098906,23.21098901098901,14.731868131868133,8.47912087912088,18.99230769230769,0.2912087912087914,74.75824175824175,166.0,1.824175824175824,33,0,16.053846153846155,30.651648351648355,2,6,8.323242582417583,66,12,13.504285714285716,18,0,1,0,,,,,,,,0.0,0.0,0.0,0.0,73.85454658187118,,,,,,湿润宜居综合型
南京,2021,春季,32.0603,118.7969,92,16.256521739130434,20.63586956521739,12.18913043478261,8.446739130434782,15.40108695652174,-0.8554347826086959,73.67391304347827,298.7,3.2467391304347823,47,3,16.64021739130435,32.61630434782609,1,4,6.426826781400967,45,31,14.97358695652174,5,0,0,0,,,,,,,,0.0,0.0,0.0,0.0,73.98610465260592,,,,,,湿润宜居综合型
南京,2021,夏季,32.0603,118.7969,92,26.835869565217397,30.42391304347826,23.721739130434784,6.702173913043478,30.946739130434786,4.110869565217391,80.46739130434783,628.5,6.831521739130435,65,9,15.846739130434784,32.130434782608695,4,7,8.137087620772947,53,17,17.17054347826087,59,0,0,0,,,,,,,,0.0,0.0,0.0,0.0,72.54346006492975,,,,43.27339679583178,,湿润宜居综合型
南京,2021,冬季,32.0603,118.7969,90,6.112222222222223,11.454444444444446,1.7133333333333332,9.741111111111111,2.56,-3.552222222222222,66.65555555555555,80.39999999999999,0.8933333333333332,22,0,16.517777777777777,31.685555555555556,0,2,7.431479598765431,55,16,10.540777777777777,0,0,32,7,,,,,,,,0.0,0.0,0.0,0.0,57.37514876437808,,,,,69.43339124468659,湿润宜居综合型
南京,2022,秋季,32.0603,118.7969,91,17.967032967032967,22.23736263736264,14.242857142857142,7.9945054945054945,17.66043956043956,-0.3065934065934064,74.43956043956044,166.9,1.8340659340659344,38,2,16.369230769230768,30.762637362637363,1,4,7.239660439560439,53,22,12.475054945054945,6,2,1,0,,,,,,,,0.0,0.0,0.0,0.0,76.48875372569844,,,,,,湿润宜居综合型
南京,2022,春季,32.0603,118.7969,92,16.96630434782609,22.28804347826087,11.996739130434785,10.291304347826086,15.68913043478261,-1.277173913043478,65.97826086956522,272.3,2.959782608695652,34,6,17.559782608695652,33.12282608695652,2,5,8.098677807971015,60,14,17.11119565217391,3,0,0,0,,,,,,,,0.0,0.0,0.0,0.0,77.93753130921142,,,,,,湿润宜居综合型
南京,2022,夏季,32.0603,118.7969,92,29.108695652173918,33.44347826086957,25.220652173913045,8.222826086956522,33.323913043478264,4.215217391304347,71.59782608695652,358.6,3.8978260869565218,56,3,17.671739130434784,34.49239130434783,1,7,9.7425336352657,68,8,19.91989130434783,80,28,0,0,,,,,,,,0.0,0.0,0.0,0.0,70.38541594901163,,,,38.95187614205575,,湿润宜居综合型
南京,2022,冬季,32.0603,118.7969,90,3.753333333333333,7.88111111111111,0.0644444444444444,7.816666666666666,0.0733333333333333,-3.68,71.08888888888889,135.8,1.508888888888889,33,0,14.805555555555555,27.74111111111111,0,0,5.482192716049383,37,33,8.670555555555556,0,0,41,1,,,,,,,,0.0,0.0,0.0,0.0,52.762304830755184,,,,,65.422589558388,湿润宜居综合型
南京,2023,秋季,32.0603,118.7969,91,18.303296703296706,22.76043956043956,14.4989010989011,8.26153846153846,18.50769230769231,0.2043956043956042,74.2967032967033,192.7,2.1175824175824176,31,1,14.867032967032968,27.46153846153846,0,1,7.552630525030525,56,17,12.93912087912088,10,0,0,0,43.92490842490842,66.0315934065934,685.3301282051282,53.357417582417575,37.08928571428572,26.93131868131868,2.2495421245421245,38.0,4.0,5.0,0.0,76.63036700417916,90.00893670635375,80.64393791483153,9.99106329364625,,,湿润宜居综合型
南京,2023,春季,32.0603,118.7969,92,16.866304347826087,22.03695652173913,12.264130434782608,9.772826086956522,15.592391304347826,-1.2739130434782608,66.51086956521739,317.1,3.446739130434783,42,2,18.40217391304348,34.91630434782609,1,4,7.320686141304347,52,22,16.24445652173913,7,0,0,0,44.23365036231884,65.58134057971014,634.7092391304348,54.66834239130435,49.99270833333333,41.70788043478261,5.134510869565218,25.0,3.0,13.0,0.0,76.06255194903653,89.02111263296202,79.95012015421416,10.97888736703799,,,湿润宜居综合型
南京,2023,夏季,32.0603,118.7969,92,26.910869565217396,30.53369565217391,23.81413043478261,6.719565217391305,31.22717391304348,4.316304347826088,80.54347826086956,638.1,6.935869565217391,62,8,15.868478260869566,30.81847826086957,1,2,8.156697493961353,56,16,17.777934782608696,64,1,0,0,42.34288949275362,62.617119565217386,579.5955615942029,56.60289855072463,39.7552536231884,59.04619565217392,2.3971920289855078,35.0,2.0,8.0,11.0,71.99974144172911,88.5262632375889,76.95769798048704,11.473736762411084,42.22481125713899,,湿润宜居综合型
南京,2023,冬季,32.0603,118.7969,90,4.752222222222222,9.754444444444443,0.6544444444444444,9.1,1.1044444444444446,-3.647777777777778,68.88888888888889,145.0,1.6111111111111112,29,1,15.95,29.94111111111111,0,2,6.587637932098765,53,25,9.781666666666666,0,0,42,7,56.512685185185184,82.73560185185185,1199.863425925926,57.579490740740745,63.74532407407407,16.68287037037037,1.536574074074074,26.0,24.0,3.0,0.0,55.20906611667007,87.92787539692456,65.02470890074642,12.072124603075435,,71.8211243065472,湿润宜居综合型
南京,2024,秋季,32.0603,118.7969,91,18.97692307692308,22.854945054945052,15.694505494505496,7.160439560439561,19.447252747252747,0.4703296703296704,77.08791208791209,350.9,3.856043956043956,43,3,16.686813186813186,31.951648351648352,2,2,7.448799175824176,57,19,12.513406593406591,17,1,0,0,38.813507326007326,55.10352564102564,576.9358974358975,50.02623626373626,30.539331501831494,30.63278388278388,2.228937728937729,52.0,7.0,7.0,1.0,73.85341473723567,90.84214837609368,78.95003482889307,9.15785162390633,,,湿润宜居综合型
南京,2024,春季,32.0603,118.7969,92,16.41304347826087,21.29891304347826,12.033695652173911,9.265217391304349,15.66304347826087,-0.75,73.97826086956522,335.7,3.648913043478261,42,4,16.975,31.43586956521739,1,2,7.367226268115941,55,24,16.151521739130434,4,0,3,0,46.900588768115945,72.39003623188405,691.807518115942,49.64171195652173,31.773278985507243,38.5955615942029,7.4021739130434785,17.0,2.0,21.0,1.0,75.10595924820045,89.33223774005931,79.37384279575811,10.66776225994068,,,湿润宜居综合型
南京,2024,夏季,32.0603,118.7969,92,28.17065217391304,31.903260869565216,24.96521739130435,6.938043478260869,32.74130434782609,4.570652173913044,76.94565217391305,682.4,7.4173913043478255,55,8,16.367391304347827,31.46521739130435,0,2,8.563933756038647,58,16,18.34880434782609,67,18,0,0,39.80240036231884,58.49886775362319,526.3636775362319,49.86086956521739,28.166893115942027,69.94746376811595,1.3691123188405796,41.0,2.0,4.0,15.0,70.29097071388354,88.87957141793022,75.86755092509753,11.12042858206978,39.9619730872422,,湿润宜居综合型
南京,2024,冬季,32.0603,118.7969,91,4.315384615384615,8.958241758241758,0.5593406593406594,8.3989010989011,0.8153846153846154,-3.5,73.63736263736264,164.0,1.8021978021978025,31,0,14.508791208791209,28.526373626373623,0,1,6.491019658119659,48,24,9.39978021978022,0,0,51,2,66.72454212454213,85.68255494505495,1064.2957875457876,49.4456043956044,50.24340659340659,20.664835164835164,1.7825091575091576,24.0,36.0,2.0,0.0,53.69212038706605,87.47096425516683,63.82577354749628,12.52903574483316,,70.45348866291647,湿润宜居综合型
南京,2025,秋季,32.0603,118.7969,91,19.072527472527472,23.006593406593407,16.035164835164835,6.971428571428572,20.198901098901096,1.126373626373626,78.17582417582418,383.3,4.212087912087912,49,3,12.634065934065935,29.667032967032966,0,3,6.917584981684981,51,18,11.828791208791207,17,0,0,0,45.80050366300366,48.46185897435897,739.1936813186813,49.80663919413919,36.32605311355311,39.44551282051282,3.2353479853479854,34.0,7.0,12.0,3.0,73.0718121620008,89.57134220280237,78.02167117424126,10.42865779719763,,,湿润宜居综合型
南京,2025,春季,32.0603,118.7969,92,18.27717391304348,23.66304347826087,13.18695652173913,10.47608695652174,16.958695652173912,-1.318478260869565,58.96739130434783,199.7,2.1706521739130435,30,2,16.118478260869566,37.0445652173913,0,9,8.571485295893721,62,14,17.736630434782608,18,0,0,0,46.02015398550725,57.4258152173913,619.8215579710145,38.29846014492753,27.40144927536232,72.31748188405797,20.24365942028985,27.0,6.0,53.0,12.0,78.25624494405076,88.64587826068616,81.37313493904138,11.354121739313843,,,湿润宜居综合型
南京,2025,夏季,32.0603,118.7969,92,28.627173913043475,32.69021739130435,25.195652173913043,7.494565217391305,33.198913043478264,4.571739130434783,75.47826086956522,500.9,5.444565217391304,65,6,14.40108695652174,34.31739130434782,0,9,9.085628653381644,63,16,18.52663043478261,70,30,0,0,30.97377717391305,32.18532608695652,499.9017210144928,37.596739130434784,26.20235507246377,76.0475543478261,1.7576992753623188,63.0,1.0,5.0,23.0,69.51923667725158,90.4423035484478,75.79615673861045,9.557696451552204,39.495358471672766,,湿润宜居综合型
南京,2025,冬季,32.0603,118.7969,90,6.017777777777778,10.833333333333334,2.1155555555555554,8.717777777777778,2.667777777777778,-3.35,64.36666666666666,30.5,0.3388888888888889,21,0,13.417777777777776,30.112222222222226,0,1,7.5223680246913585,61,15,10.745666666666668,0,0,22,1,75.66203703703704,79.04083333333334,1166.1782407407409,50.61125,50.61921296296297,26.99537037037037,3.781944444444445,8.0,41.0,9.0,0.0,57.99860643794632,86.20895561487254,66.4617111910242,13.791044385127469,,76.02028802380174,湿润宜居综合型
厦门,2016,秋季,24.4798,118.0894,91,23.684615384615388,26.575824175824177,21.57032967032967,5.0054945054945055,26.13296703296703,2.4483516483516485,81.71428571428571,576.8,6.338461538461538,56,8,17.87142857142857,36.175824175824175,5,15,7.838909584859585,54,11,12.466043956043958,6,0,0,0,,,,,,,,0.0,0.0,0.0,0.0,76.658882859416,,,,,,滨海暖冬度假型
厦门,2016,春季,24.4798,118.0894,92,19.909782608695654,23.180434782608696,17.27282608695652,5.907608695652174,21.70978260869565,1.8,86.08695652173913,437.8,4.758695652173913,68,4,13.911956521739132,30.744565217391305,0,1,7.243610175120772,51,21,14.41336956521739,4,0,0,0,,,,,,,,0.0,0.0,0.0,0.0,75.40932481434687,,,,,,滨海暖冬度假型
厦门,2016,夏季,24.4798,118.0894,92,27.87826086956522,30.714130434782607,25.75978260869565,4.9543478260869565,33.869565217391305,5.991304347826088,87.20652173913044,741.8,8.06304347826087,74,4,14.170652173913044,30.63369565217392,0,4,9.88608556763285,75,8,18.62195652173913,64,1,0,0,,,,,,,,0.0,0.0,0.0,0.0,66.27462080335881,,,,37.68242446636526,,滨海暖冬度假型
厦门,2016,冬季,24.4798,118.0894,91,13.772527472527472,17.209890109890107,10.961538461538462,6.248351648351648,12.184615384615384,-1.5879120879120878,77.61538461538461,265.7,2.91978021978022,42,1,16.22087912087912,32.94615384615385,0,1,6.926082387057387,47,19,10.465604395604396,0,0,1,0,,,,,,,,0.0,0.0,0.0,0.0,70.03785921732313,,,,,78.1714072926288,滨海暖冬度假型
厦门,2017,秋季,24.4798,118.0894,91,25.178021978021977,29.184615384615388,22.34065934065934,6.8439560439560445,26.404395604395607,1.2263736263736262,67.45054945054945,117.7,1.2934065934065937,38,0,25.446153846153845,45.65384615384615,32,36,9.114843131868133,70,8,15.055054945054945,42,7,0,0,,,,,,,,0.0,0.0,0.0,0.0,77.7145892155573,,,,,,滨海暖冬度假型
厦门,2017,春季,24.4798,118.0894,92,20.419565217391305,24.17065217391304,17.43586956521739,6.734782608695652,21.222826086956523,0.8032608695652175,77.23913043478261,313.4,3.4065217391304343,61,2,20.91195652173913,38.64347826086957,5,8,8.787733695652173,65,14,17.618478260869566,7,0,0,0,,,,,,,,0.0,0.0,0.0,0.0,77.33136643687979,,,,,,滨海暖冬度假型
厦门,2017,夏季,24.4798,118.0894,92,28.23913043478261,31.21630434782609,25.963043478260868,5.253260869565217,33.38695652173913,5.147826086956521,82.54347826086956,765.8,8.32391304347826,74,6,20.875,40.7195652173913,5,12,9.841508846618355,71,14,19.44641304347826,65,7,0,0,,,,,,,,0.0,0.0,0.0,0.0,66.35331118078923,,,,38.66837784210621,,滨海暖冬度假型
厦门,2017,冬季,24.4798,118.0894,90,15.23111111111111,19.78111111111111,12.003333333333332,7.777777777777778,12.46888888888889,-2.7622222222222224,63.333333333333336,166.5,1.85,22,1,25.020000000000003,44.07222222222222,20,27,8.418849475308642,62,10,13.014,0,0,0,0,,,,,,,,0.0,0.0,0.0,0.0,73.42550731713732,,,,,81.53737410359889,滨海暖冬度假型
厦门,2018,秋季,24.4798,118.0894,91,23.714285714285715,27.55824175824176,20.81098901098901,6.747252747252747,24.962637362637363,1.2483516483516484,71.47252747252747,300.8,3.3054945054945057,45,3,21.932967032967035,39.84505494505495,14,17,9.06273898046398,71,8,15.708901098901098,33,0,0,0,,,,,,,,0.0,0.0,0.0,0.0,80.12205360029266,,,,,,滨海暖冬度假型
厦门,2018,春季,24.4798,118.0894,92,22.35760869565217,26.823913043478264,18.77608695652174,8.04782608695652,23.433695652173917,1.076086956521739,71.8586956521739,147.7,1.6054347826086954,43,0,23.67934782608696,44.32065217391305,14,21,9.910215791062802,78,5,18.909565217391304,24,1,0,0,,,,,,,,0.0,0.0,0.0,0.0,78.2023874623263,,,,,,滨海暖冬度假型
厦门,2018,夏季,24.4798,118.0894,92,28.70217391304348,31.956521739130437,26.186956521739127,5.769565217391304,33.2695652173913,4.567391304347826,76.6086956521739,552.4,6.004347826086956,79,6,20.945652173913043,40.33913043478261,6,10,9.276656853864734,69,10,18.93641304347826,72,9,0,0,,,,,,,,0.0,0.0,0.0,0.0,68.52354862193197,,,,38.71374423123027,,滨海暖冬度假型
厦门,2018,冬季,24.4798,118.0894,90,14.706666666666663,18.52111111111111,11.846666666666668,6.674444444444445,12.525555555555554,-2.1811111111111114,70.18888888888888,218.3,2.4255555555555555,35,3,22.274444444444445,39.42555555555556,9,12,7.356035771604938,58,21,11.75777777777778,0,0,0,0,,,,,,,,0.0,0.0,0.0,0.0,72.04740245008583,,,,,80.14732151699727,滨海暖冬度假型
厦门,2019,秋季,24.4798,118.0894,91,24.723076923076924,29.39010989010989,21.304395604395605,8.085714285714285,25.306593406593407,0.5835164835164834,62.97802197802198,49.3,0.5417582417582417,28,0,25.61868131868132,45.84395604395605,31,38,10.57329829059829,86,0,17.81142857142857,42,3,0,0,,,,,,,,0.0,0.0,0.0,0.0,80.6253697012251,,,,,,滨海暖冬度假型
厦门,2019,春季,24.4798,118.0894,92,20.59565217391304,24.164130434782606,17.70108695652174,6.46304347826087,21.67934782608696,1.0836956521739136,80.3586956521739,415.6,4.517391304347826,61,4,20.61521739130435,38.38369565217391,4,6,8.041203200483091,54,14,16.257934782608697,9,0,0,0,,,,,,,,0.0,0.0,0.0,0.0,77.83218742030017,,,,,,滨海暖冬度假型
厦门,2019,夏季,24.4798,118.0894,92,28.23260869565217,31.00869565217392,26.097826086956523,4.910869565217391,33.547826086956526,5.315217391304347,84.06521739130434,563.0,6.119565217391305,86,5,20.244565217391305,39.9054347826087,3,7,9.3499470410628,65,11,18.89532608695652,61,7,0,0,,,,,,,,0.0,0.0,0.0,0.0,66.55133961014806,,,,38.44557883210124,,滨海暖冬度假型
厦门,2019,冬季,24.4798,118.0894,90,15.75,20.13,12.523333333333332,7.606666666666667,13.98777777777778,-1.7622222222222226,71.9,124.3,1.3811111111111112,40,0,22.67333333333333,40.19111111111111,9,13,8.16758839506173,64,10,12.476777777777778,0,0,0,0,,,,,,,,0.0,0.0,0.0,0.0,74.3327109326114,,,,,81.16106318845888,滨海暖冬度假型
厦门,2020,秋季,24.4798,118.0894,91,24.676923076923075,28.96043956043956,21.606593406593408,7.353846153846154,25.093406593406595,0.4164835164835165,64.16483516483517,204.2,2.243956043956044,32,1,26.11208791208791,46.64065934065934,30,40,9.314849206349209,69,3,15.895164835164836,33,2,0,0,,,,,,,,0.0,0.0,0.0,0.0,81.635554223287,,,,,,滨海暖冬度假型
厦门,2020,春季,24.4798,118.0894,92,20.93804347826087,24.801086956521736,17.807608695652174,6.993478260869565,21.693478260869565,0.7554347826086958,75.33695652173913,239.8,2.606521739130435,56,1,22.48804347826087,41.130434782608695,10,16,8.7420547705314,65,11,17.58010869565217,10,0,0,0,,,,,,,,0.0,0.0,0.0,0.0,78.24485556724703,,,,,,滨海暖冬度假型
厦门,2020,夏季,24.4798,118.0894,92,29.494565217391305,33.21086956521739,26.77065217391305,6.440217391304348,34.23152173913044,4.73695652173913,76.77173913043478,319.2,3.4695652173913043,78,4,25.414130434782606,47.76086956521739,25,39,10.78130350241546,79,7,21.51271739130435,81,24,0,0,,,,,,,,0.0,0.0,0.0,0.0,65.65819035841649,,,,36.66764803111609,,滨海暖冬度假型
厦门,2020,冬季,24.4798,118.0894,91,15.662637362637362,19.863736263736264,12.587912087912088,7.275824175824176,13.824175824175825,-1.8384615384615384,70.5934065934066,134.6,1.479120879120879,33,1,22.31868131868132,39.9,10,14,8.642466147741148,69,8,13.111868131868132,0,0,0,0,,,,,,,,0.0,0.0,0.0,0.0,74.62004063431935,,,,,81.75977406968894,滨海暖冬度假型
厦门,2021,秋季,24.4798,118.0894,91,25.23186813186813,29.603296703296703,21.86703296703297,7.736263736263736,26.552747252747256,1.3208791208791208,66.14285714285714,89.2,0.9802197802197804,43,0,24.505494505494507,43.494505494505496,15,20,9.643627228327228,75,4,16.566813186813185,48,5,0,0,,,,,,,,0.0,0.0,0.0,0.0,78.08739687077366,,,,,,滨海暖冬度假型
厦门,2021,春季,24.4798,118.0894,92,21.91521739130435,25.89021739130435,18.870652173913044,7.019565217391305,22.894565217391307,0.9793478260869564,74.79347826086956,226.5,2.4619565217391304,49,1,23.918478260869566,43.89021739130435,16,24,9.326145440821255,72,6,18.27782608695652,18,0,0,0,,,,,,,,0.0,0.0,0.0,0.0,78.1971856435328,,,,,,滨海暖冬度假型
厦门,2021,夏季,24.4798,118.0894,92,28.696739130434786,31.820652173913043,26.31086956521739,5.5097826086956525,33.76413043478261,5.067391304347826,80.1195652173913,465.3,5.057608695652174,83,4,21.425,40.24565217391304,5,11,10.228373611111111,73,4,20.51967391304348,74,10,0,0,,,,,,,,0.0,0.0,0.0,0.0,67.01051285467251,,,,37.64706651746248,,滨海暖冬度假型
厦门,2021,冬季,24.4798,118.0894,90,15.38111111111111,20.45555555555556,11.49222222222222,8.963333333333335,12.94888888888889,-2.432222222222222,64.13333333333334,101.4,1.1266666666666667,17,2,24.95111111111111,43.406666666666666,25,27,9.26655851851852,76,5,14.637666666666668,0,0,0,0,,,,,,,,0.0,0.0,0.0,0.0,74.14676046775944,,,,,82.62649819536325,滨海暖冬度假型
厦门,2022,秋季,24.4798,118.0894,91,25.032967032967036,29.515384615384612,21.88681318681319,7.628571428571429,25.79340659340659,0.7604395604395603,66.86813186813187,184.8,2.030769230769231,36,2,26.673626373626377,45.99120879120879,34,35,9.056065934065934,69,10,16.02835164835165,46,6,0,0,,,,,,,,0.0,0.0,0.0,0.0,79.82138697970888,,,,,,滨海暖冬度假型
厦门,2022,春季,24.4798,118.0894,92,20.219565217391303,24.12173913043478,17.094565217391306,7.027173913043479,20.80108695652174,0.5815217391304348,77.8913043478261,495.5,5.385869565217392,56,4,21.817391304347822,38.34782608695652,6,9,7.769834933574879,57,19,16.879891304347826,5,0,0,0,,,,,,,,0.0,0.0,0.0,0.0,78.76859492984299,,,,,,滨海暖冬度假型
厦门,2022,夏季,24.4798,118.0894,92,28.53152173913044,31.75,26.06086956521739,5.689130434782609,33.7,5.168478260869565,81.03260869565217,552.3,6.003260869565217,72,7,20.678260869565214,37.9554347826087,2,3,9.78833656400966,70,11,20.555217391304343,66,15,0,0,,,,,,,,0.0,0.0,0.0,0.0,66.68450062638014,,,,38.2781219928206,,滨海暖冬度假型
厦门,2022,冬季,24.4798,118.0894,90,14.023333333333332,17.93888888888889,11.152222222222225,6.786666666666666,11.48777777777778,-2.535555555555556,71.71111111111111,294.7,3.2744444444444443,35,3,24.07555555555556,40.434444444444445,11,11,7.277886327160494,55,19,11.872444444444444,0,0,0,0,,,,,,,,0.0,0.0,0.0,0.0,70.11304000394396,,,,,78.94020018727349,滨海暖冬度假型
厦门,2023,秋季,24.4798,118.0894,91,24.65934065934066,28.93406593406593,21.26153846153846,7.672527472527473,26.13186813186813,1.4725274725274726,70.28571428571429,356.2,3.914285714285714,50,6,23.06923076923077,40.47912087912088,10,12,8.770535134310133,67,7,15.405824175824176,27,3,0,0,20.36268315018315,33.695558608058604,338.6034798534799,29.164514652014653,20.265384615384612,64.64514652014651,0.7472527472527473,84.0,0.0,0.0,6.0,78.86003116171413,92.6940419242992,83.01023439048966,7.305958075700785,,,滨海暖冬度假型
厦门,2023,春季,24.4798,118.0894,92,20.91086956521739,25.06086956521739,17.632608695652173,7.428260869565217,21.38695652173913,0.4760869565217391,73.58695652173913,299.1,3.2510869565217395,51,3,22.816304347826087,40.58913043478261,16,18,8.734284782608697,66,11,18.18228260869565,13,3,0,0,39.28174818840579,59.93115942028986,387.9660326086956,53.32817028985507,38.64375,54.64085144927536,1.164855072463768,49.0,5.0,1.0,5.0,78.69860575920916,89.44139804735202,81.92144344565202,10.558601952647974,,,滨海暖冬度假型
厦门,2023,夏季,24.4798,118.0894,92,28.85978260869565,32.381521739130434,26.166304347826088,6.215217391304349,33.86630434782609,5.006521739130435,79.20652173913044,578.0,6.282608695652174,78,4,21.206521739130437,39.46413043478261,7,10,9.722631129227054,72,8,20.06923913043478,72,21,0,0,19.81784420289855,30.95896739130435,247.63903985507244,31.78369565217391,22.071875,57.94157608695652,0.1879528985507246,87.0,0.0,0.0,6.0,67.03963787140253,93.03368176776904,74.83785104031247,6.966318232230962,37.52395195830336,,滨海暖冬度假型
厦门,2023,冬季,24.4798,118.0894,90,15.00777777777778,19.552222222222223,11.55,8.002222222222223,12.884444444444444,-2.123333333333333,69.52222222222223,111.8,1.242222222222222,34,1,23.421111111111117,39.94222222222223,16,15,7.518600401234568,57,15,12.262444444444442,0,0,0,0,36.52907407407408,55.508101851851855,613.5569444444444,44.73800925925926,35.72435185185185,46.41388888888889,0.3356481481481481,53.0,7.0,0.0,1.0,72.92708800827907,90.43560439555094,78.17964292446064,9.56439560444906,,82.96038564366914,滨海暖冬度假型
厦门,2024,秋季,24.4798,118.0894,91,25.153846153846157,29.21758241758242,22.16263736263736,7.054945054945055,26.91318681318681,1.7593406593406593,71.0989010989011,348.5,3.82967032967033,48,4,22.493406593406597,40.95164835164835,12,16,8.871529029304028,68,8,15.547582417582417,46,0,0,0,18.917582417582416,27.994139194139198,401.1236263736264,26.97454212454213,19.623809523809523,61.48672161172161,0.2339743589743589,86.0,0.0,0.0,4.0,77.6434324388094,93.12235596681585,82.28710949721132,6.877644033184172,,,滨海暖冬度假型
厦门,2024,春季,24.4798,118.0894,92,21.06413043478261,24.89565217391305,17.96630434782609,6.929347826086956,22.305434782608696,1.241304347826087,79.06521739130434,527.7,5.735869565217392,62,8,20.49891304347826,37.042391304347824,5,7,6.96470175120773,43,23,15.48913043478261,6,0,0,0,32.575860507246375,51.39329710144928,459.4646739130435,40.08971920289855,22.51548913043478,53.30389492753623,2.7862318840579707,54.0,1.0,8.0,5.0,78.88325350960727,91.13375242368448,82.55840318383044,8.86624757631553,,,滨海暖冬度假型
厦门,2024,夏季,24.4798,118.0894,92,28.469565217391303,31.714130434782607,25.99673913043478,5.717391304347826,33.775,5.305434782608695,81.98913043478261,682.3,7.416304347826086,79,7,19.992391304347827,37.86739130434783,4,9,9.884835144927536,66,7,20.253586956521737,72,11,0,0,21.36372282608696,33.27323369565217,271.4021739130435,30.3875,19.94488224637681,60.119565217391305,0.1082427536231883,78.0,0.0,0.0,11.0,66.66676057479759,92.83209618954965,74.51636125922322,7.167903810450358,37.409156592709714,,滨海暖冬度假型
厦门,2024,冬季,24.4798,118.0894,91,15.197802197802195,20.12087912087912,11.37912087912088,8.741758241758241,13.130769230769232,-2.067032967032967,66.84615384615384,73.8,0.810989010989011,30,0,21.245054945054942,39.37582417582417,2,10,8.297466361416362,63,7,13.215494505494505,0,0,0,0,31.90247252747253,44.412591575091575,622.4120879120879,33.39702380952381,28.56538461538461,49.89423076923077,0.4903846153846153,57.0,1.0,0.0,0.0,74.43346956841992,91.53721118734636,79.56459205409786,8.462788812653631,,84.43765277138408,滨海暖冬度假型
厦门,2025,秋季,24.4798,118.0894,91,25.78131868131868,30.10879120879121,22.57472527472528,7.534065934065934,27.932967032967035,2.151648351648352,67.25274725274726,237.2,2.6065934065934067,49,3,19.093406593406595,41.394505494505495,5,18,8.987925122100123,67,9,15.757692307692308,50,14,0,0,25.795054945054943,27.23063186813187,452.44505494505495,28.031135531135533,26.677197802197803,68.72527472527473,0.5526556776556776,71.0,1.0,0.0,3.0,76.63265520147128,91.88749227041788,81.20910632215526,8.112507729582116,,,滨海暖冬度假型
厦门,2025,春季,24.4798,118.0894,92,20.88695652173913,25.36195652173913,17.320652173913043,8.041304347826086,22.13586956521739,1.2489130434782607,76.3586956521739,371.1,4.033695652173913,54,3,17.44782608695652,38.5445652173913,0,6,7.990147071256038,54,14,17.27880434782609,18,2,0,0,39.8807518115942,44.70267210144928,627.0226449275362,40.50375905797102,28.943387681159415,68.69248188405797,6.334692028985507,47.0,8.0,19.0,14.0,78.33456084246714,89.4586262556674,81.67178046642722,10.541373744332596,,,滨海暖冬度假型
厦门,2025,夏季,24.4798,118.0894,92,28.497826086956525,32.16847826086956,25.785869565217396,6.382608695652174,33.721739130434784,5.223913043478261,80.22826086956522,751.5,8.168478260869565,72,8,18.471739130434784,40.60869565217392,4,15,9.758931219806763,72,12,20.06684782608696,76,10,0,0,25.480570652173917,27.476177536231884,423.45244565217394,27.850317028985504,23.769021739130437,69.17346014492753,0.5792572463768115,73.0,0.0,1.0,12.0,67.03300424385557,91.97885331438268,74.51675896501371,8.021146685617307,37.31132615830947,,滨海暖冬度假型
厦门,2025,冬季,24.4798,118.0894,90,15.185555555555556,20.08,11.36888888888889,8.71111111111111,13.006666666666666,-2.178888888888889,62.84444444444444,84.6,0.94,24,1,19.06888888888889,39.23,0,10,8.662352499999999,71,9,13.724777777777778,0,0,0,0,36.58296296296297,38.73134259259259,662.575,31.75587962962963,31.90976851851852,62.50972222222222,1.4217592592592592,52.0,5.0,1.0,1.0,74.84122595643491,90.52218186019334,79.54551272756244,9.477818139806663,,84.82960325557923,滨海暖冬度假型
哈尔滨,2016,秋季,45.8038,126.5349,91,3.9351648351648354,8.608791208791208,-0.3373626373626374,8.946153846153846,0.4208791208791207,-3.5142857142857142,67.95604395604396,193.4,2.1252747252747253,36,0,18.21538461538461,34.93956043956044,4,8,7.546041575091575,54,17,9.981978021978025,0,0,47,34,,,,,,,,0.0,0.0,0.0,0.0,60.88892383741068,,,,,,北方大陆四季型
哈尔滨,2016,春季,45.8038,126.5349,92,7.390217391304348,13.092391304347826,1.6489130434782608,11.443478260869565,2.872826086956522,-4.517391304347826,50.30434782608695,171.6,1.865217391304348,34,2,23.80652173913043,45.14565217391304,18,28,9.780784510869566,73,9,17.81380434782609,0,0,37,15,,,,,,,,0.0,0.0,0.0,0.0,58.70238026661698,,,,,,北方大陆四季型
哈尔滨,2016,夏季,45.8038,126.5349,92,21.97391304347826,26.71521739130435,17.184782608695652,9.530434782608696,22.930434782608696,0.9565217391304348,72.77173913043478,295.4,3.210869565217391,45,1,15.917391304347827,31.98478260869565,1,3,10.865484692028986,71,6,19.450869565217392,15,0,0,0,,,,,,,,0.0,0.0,0.0,0.0,81.40974295500737,,,,64.05429716139844,,北方大陆四季型
哈尔滨,2016,冬季,45.8038,126.5349,91,-15.826373626373629,-10.275824175824177,-21.347252747252742,11.071428571428571,-21.27362637362637,-5.447252747252747,71.85714285714286,7.6,0.0835164835164835,7,0,16.641758241758243,29.75494505494505,0,4,7.977926465201465,67,4,8.161758241758243,0,0,91,91,,,,,,,,0.0,0.0,0.0,0.0,50.36544993356094,,,,,37.47969879883663,北方大陆四季型
哈尔滨,2017,秋季,45.8038,126.5349,91,5.514285714285714,9.962637362637365,1.2230769230769232,8.739560439560439,1.6857142857142855,-3.828571428571428,61.7032967032967,108.1,1.187912087912088,31,1,20.914285714285715,38.44945054945055,10,18,8.360155494505493,65,9,11.00934065934066,0,0,39,20,,,,,,,,0.0,0.0,0.0,0.0,61.35490153854303,,,,,,北方大陆四季型
哈尔滨,2017,春季,45.8038,126.5349,92,7.6521739130434785,13.929347826086955,1.465217391304348,12.464130434782607,3.231521739130435,-4.420652173913044,48.0,83.1,0.9032608695652172,38,0,22.75434782608696,42.3554347826087,18,25,10.678557155797105,80,6,19.22717391304348,0,0,40,13,,,,,,,,0.0,0.0,0.0,0.0,59.85515547028806,,,,,,北方大陆四季型
哈尔滨,2017,夏季,45.8038,126.5349,92,22.007608695652173,26.547826086956523,17.406521739130437,9.141304347826088,22.64021739130435,0.6326086956521743,69.82608695652173,276.9,3.009782608695652,55,1,18.767391304347825,36.33152173913044,5,14,10.649164039855073,71,7,19.43478260869565,20,0,0,0,,,,,,,,0.0,0.0,0.0,0.0,79.54717746790382,,,,63.37364331404515,,北方大陆四季型
哈尔滨,2017,冬季,45.8038,126.5349,90,-14.34,-9.213333333333336,-19.22888888888889,10.015555555555554,-19.8,-5.46,67.03333333333333,17.7,0.1966666666666666,17,0,16.691111111111113,29.35,2,2,7.721868179012346,62,8,8.045444444444446,0,0,90,90,,,,,,,,0.0,0.0,0.0,0.0,51.701681407657865,,,,,39.42806017130263,北方大陆四季型
哈尔滨,2018,秋季,45.8038,126.5349,91,6.760439560439561,11.442857142857145,2.70989010989011,8.732967032967034,3.216483516483516,-3.543956043956044,64.81318681318682,145.8,1.6021978021978025,31,0,19.494505494505493,35.784615384615385,7,9,8.141636935286936,63,11,10.611978021978022,0,0,36,18,,,,,,,,0.0,0.0,0.0,0.0,61.81313958158889,,,,,,北方大陆四季型
哈尔滨,2018,春季,45.8038,126.5349,92,6.938043478260869,13.359782608695651,0.3684782608695652,12.991304347826087,2.615217391304348,-4.322826086956522,49.44565217391305,66.9,0.7271739130434783,29,0,22.22826086956522,40.68260869565218,14,22,9.498490579710143,70,10,17.45695652173913,1,0,36,23,,,,,,,,0.0,0.0,0.0,0.0,60.71342488363343,,,,,,北方大陆四季型
哈尔滨,2018,夏季,45.8038,126.5349,92,22.467391304347824,26.794565217391305,18.22826086956522,8.566304347826087,23.565217391304348,1.0978260869565215,75.03260869565217,395.5,4.298913043478261,67,3,18.37934782608696,35.30326086956522,6,9,9.400907065217392,62,9,17.737934782608697,16,2,0,0,,,,,,,,0.0,0.0,0.0,0.0,80.67553343369586,,,,61.44464380614979,,北方大陆四季型
哈尔滨,2018,冬季,45.8038,126.5349,90,-15.69111111111111,-10.475555555555555,-20.227777777777774,9.752222222222224,-21.34777777777778,-5.656666666666667,59.25555555555555,19.9,0.2211111111111111,12,0,18.141111111111112,32.22,2,4,8.02382200617284,66,4,7.875333333333333,0,0,89,89,,,,,,,,0.0,0.0,0.0,0.0,52.41733826842933,,,,,39.470945208260815,北方大陆四季型
哈尔滨,2019,秋季,45.8038,126.5349,91,6.78021978021978,11.767032967032966,2.134065934065934,9.632967032967032,3.123076923076923,-3.6571428571428575,60.46153846153846,100.1,1.1,26,0,20.77142857142857,38.24175824175824,11,17,8.797424297924298,69,10,11.673626373626371,0,0,35,21,,,,,,,,0.0,0.0,0.0,0.0,62.43735010427252,,,,,,北方大陆四季型
哈尔滨,2019,春季,45.8038,126.5349,92,7.552173913043478,13.865217391304348,1.4902173913043475,12.375,2.8184782608695653,-4.733695652173913,42.98913043478261,161.9,1.7597826086956525,28,2,23.573913043478264,43.95652173913044,16,30,9.813740700483091,73,9,17.335108695652174,2,0,43,20,,,,,,,,0.0,0.0,0.0,0.0,57.24799376778192,,,,,,北方大陆四季型
哈尔滨,2019,夏季,45.8038,126.5349,92,21.295652173913044,25.456521739130437,17.161956521739132,8.294565217391305,22.483695652173918,1.1880434782608698,78.15217391304348,510.9,5.553260869565217,65,3,16.84565217391304,33.167391304347824,1,3,9.29130009057971,62,15,17.52945652173913,9,0,0,0,,,,,,,,0.0,0.0,0.0,0.0,79.57999273408831,,,,63.73958037313307,,北方大陆四季型
哈尔滨,2019,冬季,45.8038,126.5349,90,-11.666666666666666,-6.748888888888889,-15.721111111111112,8.972222222222221,-17.217777777777776,-5.551111111111111,52.54444444444445,22.6,0.2511111111111111,14,0,17.525555555555556,32.68333333333333,1,3,7.963303641975309,67,7,7.852444444444445,0,0,90,87,,,,,,,,0.0,0.0,0.0,0.0,52.0054711937031,,,,,42.14805312662872,北方大陆四季型
哈尔滨,2020,秋季,45.8038,126.5349,91,6.771428571428572,10.81098901098901,3.234065934065934,7.576923076923077,3.275824175824176,-3.495604395604396,69.36263736263736,268.6,2.951648351648352,38,2,20.75934065934066,38.31978021978022,8,14,7.532333608058608,62,15,9.650879120879122,0,0,36,17,,,,,,,,0.0,0.0,0.0,0.0,61.275586032486,,,,,,北方大陆四季型
哈尔滨,2020,春季,45.8038,126.5349,92,6.970652173913043,13.217391304347826,0.8956521739130434,12.321739130434782,2.733695652173913,-4.23695652173913,51.73913043478261,69.9,0.7597826086956523,36,0,21.40652173913044,40.37826086956522,10,20,9.479642270531402,69,6,16.81826086956522,0,0,47,16,,,,,,,,0.0,0.0,0.0,0.0,59.53912315584082,,,,,,北方大陆四季型
哈尔滨,2020,夏季,45.8038,126.5349,92,21.758695652173916,26.192391304347822,17.34891304347826,8.843478260869565,22.825,1.0663043478260867,75.8586956521739,410.0,4.456521739130435,56,2,17.656521739130437,34.61630434782609,3,11,10.371474849033817,68,8,19.072065217391305,14,0,0,0,,,,,,,,0.0,0.0,0.0,0.0,80.78604391359397,,,,63.56001339339524,,北方大陆四季型
哈尔滨,2020,冬季,45.8038,126.5349,91,-12.894505494505497,-8.243956043956045,-16.62857142857143,8.384615384615385,-18.201098901098906,-5.306593406593406,67.78021978021978,18.0,0.1978021978021978,15,0,16.203296703296704,28.74065934065934,0,2,7.821697588522588,67,8,7.595054945054945,0,0,91,90,,,,,,,,0.0,0.0,0.0,0.0,51.83851717136668,,,,,40.82144693292029,北方大陆四季型
哈尔滨,2021,秋季,45.8038,126.5349,91,6.664835164835165,11.10989010989011,2.5494505494505493,8.56043956043956,3.569230769230769,-3.0956043956043957,74.03296703296704,135.5,1.489010989010989,43,1,18.203296703296704,33.33186813186813,6,10,7.28852268009768,51,15,10.04923076923077,0,0,37,19,,,,,,,,0.0,0.0,0.0,0.0,61.15757548513808,,,,,,北方大陆四季型
哈尔滨,2021,春季,45.8038,126.5349,92,7.5456521739130435,13.691304347826089,1.4565217391304348,12.234782608695651,3.3369565217391304,-4.208695652173913,52.05434782608695,98.3,1.068478260869565,38,0,22.18586956521739,41.85326086956522,15,22,9.884811533816425,71,8,17.234891304347826,1,0,42,18,,,,,,,,0.0,0.0,0.0,0.0,59.98160403304269,,,,,,北方大陆四季型
哈尔滨,2021,夏季,45.8038,126.5349,92,22.172826086956523,26.30217391304348,18.190217391304348,8.111956521739131,23.441304347826087,1.2684782608695653,76.71739130434783,421.3,4.5793478260869565,69,2,17.67608695652174,34.78804347826087,3,7,10.24763520531401,70,6,18.04684782608696,17,0,0,0,,,,,,,,0.0,0.0,0.0,0.0,79.27980105466858,,,,61.84665044014594,,北方大陆四季型
哈尔滨,2021,冬季,45.8038,126.5349,90,-14.092222222222222,-9.535555555555556,-18.24222222222222,8.706666666666667,-19.633333333333333,-5.541111111111111,64.73333333333333,24.5,0.2722222222222222,26,0,18.48555555555556,33.943333333333335,3,4,7.549856635802469,62,9,7.465111111111112,0,0,90,89,,,,,,,,0.0,0.0,0.0,0.0,52.02773212436166,,,,,39.90040479063668,北方大陆四季型
哈尔滨,2022,秋季,45.8038,126.5349,91,6.930769230769231,11.646153846153846,2.6153846153846154,9.03076923076923,3.3956043956043955,-3.535164835164835,66.82417582417582,84.2,0.9252747252747252,33,0,19.96043956043956,35.26483516483516,4,9,8.050497283272284,63,13,10.899450549450547,0,0,38,16,,,,,,,,0.0,0.0,0.0,0.0,61.87712635885882,,,,,,北方大陆四季型
哈尔滨,2022,春季,45.8038,126.5349,92,7.305434782608696,13.365217391304348,1.2271739130434782,12.13804347826087,2.7728260869565218,-4.532608695652174,49.20652173913044,135.0,1.4673913043478262,43,1,23.718478260869563,42.56847826086957,19,24,9.925507004830918,72,8,17.71608695652174,0,0,42,20,,,,,,,,0.0,0.0,0.0,0.0,59.10626446613616,,,,,,北方大陆四季型
哈尔滨,2022,夏季,45.8038,126.5349,92,21.566304347826087,26.17065217391304,17.128260869565217,9.042391304347824,22.558695652173917,0.992391304347826,75.73913043478261,362.1,3.935869565217392,62,3,18.17391304347826,33.74673913043478,1,4,10.523700392512078,73,7,19.53195652173913,11,0,0,0,,,,,,,,0.0,0.0,0.0,0.0,79.80220655006441,,,,64.26244667002896,,北方大陆四季型
哈尔滨,2022,冬季,45.8038,126.5349,90,-14.45,-9.815555555555555,-17.94222222222222,8.126666666666667,-19.875555555555557,-5.425555555555556,64.56666666666666,21.0,0.2333333333333333,17,0,15.913333333333334,29.153333333333336,1,1,8.017247129629629,67,4,7.865111111111111,0,0,90,90,,,,,,,,0.0,0.0,0.0,0.0,52.389908303118816,,,,,40.05430801860702,北方大陆四季型
哈尔滨,2023,秋季,45.8038,126.5349,91,5.603296703296703,10.674725274725274,0.7054945054945055,9.96923076923077,2.2186813186813192,-3.3846153846153846,70.25274725274726,120.9,1.3285714285714287,32,0,19.66263736263736,33.83736263736264,5,6,8.788333943833944,71,8,11.687912087912087,0,0,35,27,19.25943223443224,28.82760989010989,386.4574175824176,17.991529304029307,9.498443223443225,43.51923076923077,2.2284798534798536,83.0,0.0,6.0,0.0,62.58894204661754,94.59203434036245,72.189869734741,5.40796565963758,,,北方大陆四季型
哈尔滨,2023,春季,45.8038,126.5349,92,8.055434782608696,14.305434782608694,1.943478260869565,12.36195652173913,3.4358695652173914,-4.619565217391305,45.33695652173913,87.39999999999999,0.95,29,0,23.00326086956522,41.9195652173913,19,26,10.088348309178745,73,8,17.945652173913043,0,0,40,14,26.976630434782606,40.52255434782609,275.4089673913044,15.34909420289855,15.978804347826086,62.86322463768117,5.289402173913044,72.0,1.0,11.0,1.0,59.26477435203313,92.87536252717408,69.34795080457542,7.124637472825896,,,北方大陆四季型
哈尔滨,2023,夏季,45.8038,126.5349,92,22.175,26.51521739130435,18.083695652173912,8.431521739130435,23.29565217391304,1.1206521739130435,75.08695652173913,422.6,4.593478260869565,66,4,18.34130434782609,34.1608695652174,2,8,9.79771560990338,70,13,18.27228260869565,10,1,0,0,21.248460144927535,31.347826086956523,285.4148550724637,16.469610507246376,9.564990942028984,67.45199275362319,2.2495471014492754,83.0,0.0,4.0,9.0,80.51317912445913,93.36907362824746,84.36994747559562,6.63092637175254,62.81241441670768,,北方大陆四季型
哈尔滨,2023,冬季,45.8038,126.5349,90,-14.804444444444446,-9.51,-19.664444444444445,10.154444444444444,-20.25555555555556,-5.451111111111111,69.14444444444445,18.9,0.21,16,0,17.346666666666668,29.44777777777778,4,2,7.696622592592593,56,6,7.834666666666667,0,0,90,89,36.23638888888889,52.35708333333333,523.3203703703704,28.695046296296297,21.28828703703704,39.49629629629629,0.9087962962962964,48.0,5.0,0.0,0.0,51.07271582282463,91.97968235644235,63.34480578290994,8.020317643557638,,51.96972230975344,北方大陆四季型
哈尔滨,2024,秋季,45.8038,126.5349,91,7.546153846153847,12.4021978021978,3.031868131868132,9.37032967032967,4.1439560439560434,-3.4021978021978025,66.24175824175825,72.9,0.8010989010989011,26,0,19.405494505494502,35.012087912087914,6,7,8.056471550671551,60,10,11.026923076923078,0,0,30,15,19.951007326007325,27.180311355311357,388.2815934065934,16.776785714285715,10.350915750915751,41.87179487179487,1.7252747252747254,79.0,0.0,2.0,0.0,62.7485046453782,94.67189314137988,72.3255211941787,5.328106858620111,,,北方大陆四季型
哈尔滨,2024,春季,45.8038,126.5349,92,7.623913043478261,13.61413043478261,1.8032608695652173,11.81086956521739,3.313043478260869,-4.310869565217391,49.891304347826086,128.1,1.392391304347826,31,0,22.70217391304348,41.04673913043479,15,19,9.833694142512076,72,7,17.487391304347824,0,0,40,22,22.961231884057973,34.89470108695652,332.2346014492754,12.820652173913045,7.498641304347826,69.60235507246377,4.140851449275362,79.0,1.0,11.0,4.0,61.56017920406975,93.22451365368488,71.05947953895428,6.775486346315117,,,北方大陆四季型
哈尔滨,2024,夏季,45.8038,126.5349,92,22.166304347826088,26.323913043478264,18.14021739130435,8.183695652173913,23.713043478260868,1.5467391304347824,79.01086956521739,609.1,6.620652173913044,71,4,18.128260869565217,33.81956521739131,4,9,9.394953925120772,65,14,18.304782608695653,7,0,0,0,23.05384963768116,33.84501811594203,351.02807971014494,14.122735507246375,6.494021739130434,68.23324275362319,2.0656702898550723,79.0,1.0,5.0,10.0,79.21053893002872,93.2325322770552,83.41713693413666,6.767467722944788,61.880611316089706,,北方大陆四季型
哈尔滨,2024,冬季,45.8038,126.5349,91,-14.957142857142856,-9.816483516483515,-20.226373626373626,10.40989010989011,-20.25494505494505,-5.297802197802198,76.0,13.4,0.1472527472527472,24,0,15.556043956043956,26.13296703296703,2,3,7.806634401709402,57,4,7.9107692307692306,0,0,91,89,31.231959706959703,40.67156593406593,522.6314102564103,22.86268315018315,14.00544871794872,42.143315018315015,1.1616300366300365,63.0,1.0,2.0,0.0,49.89198975188344,92.89897644677322,62.79408576035036,7.101023553226777,,51.34981447419034,北方大陆四季型
哈尔滨,2025,秋季,45.8038,126.5349,91,7.348351648351649,12.089010989010989,3.2109890109890107,8.878021978021978,4.2505494505494505,-3.0978021978021983,62.97802197802198,61.7,0.6780219780219781,32,0,17.082417582417584,34.36043956043956,1,7,8.476273717948718,66,9,11.28120879120879,0,0,46,16,22.33585164835165,25.11062271062271,380.1533882783883,18.055860805860807,11.78040293040293,48.85027472527472,4.25503663003663,79.0,0.0,9.0,0.0,64.21974725579639,94.03891350092208,73.1654971293341,5.96108649907793,,,北方大陆四季型
哈尔滨,2025,春季,45.8038,126.5349,92,7.566304347826088,12.915217391304347,2.467391304347826,10.447826086956525,4.0076086956521735,-3.558695652173913,58.09782608695652,125.5,1.3641304347826086,47,0,18.222826086956523,37.3304347826087,3,9,9.263417270531402,67,9,16.687065217391304,3,0,33,16,28.23505434782609,33.77047101449275,379.1721014492754,13.150905797101448,10.092572463768116,78.38134057971014,9.372735507246375,67.0,1.0,28.0,8.0,62.38346869475738,92.18183083683635,71.32297733738108,7.818169163163629,,,北方大陆四季型
哈尔滨,2025,夏季,45.8038,126.5349,92,22.98586956521739,27.421739130434784,18.815217391304348,8.606521739130434,24.569565217391304,1.5836956521739132,73.97826086956522,377.2,4.1,63,1,16.143478260869564,33.61413043478261,0,5,10.338455283816426,68,5,19.374891304347827,22,1,0,0,17.675860507246377,19.019157608695654,322.26041666666663,16.042391304347827,8.685824275362318,72.42934782608695,2.4596920289855078,88.0,0.0,5.0,12.0,80.33141300154936,93.62662873406184,84.3199777213031,6.373371265938164,60.19505718668617,,北方大陆四季型
哈尔滨,2025,冬季,45.8038,126.5349,90,-14.807777777777778,-9.924444444444443,-19.495555555555555,9.571111111111112,-19.85,-5.042222222222223,73.4,18.3,0.2033333333333333,24,0,13.71888888888889,25.73111111111111,1,3,7.203595308641976,49,9,7.565666666666666,0,0,90,90,39.83912037037037,43.34685185185185,631.162962962963,22.58736111111111,16.76564814814815,44.1912037037037,3.643518518518518,48.0,7.0,7.0,0.0,50.59970524357254,91.78841041691663,62.95631679557576,8.21158958308338,,51.276763724798045,北方大陆四季型
大理,2016,秋季,25.6065,100.2676,91,16.827472527472526,21.0021978021978,13.697802197802195,7.304395604395605,17.236263736263737,0.4087912087912088,79.98901098901099,274.4,3.0153846153846158,64,0,8.504395604395604,34.0956043956044,0,4,8.603778754578753,70,7,14.414835164835164,0,0,0,0,,,,,,,,0.0,0.0,0.0,0.0,78.27900756886153,,,,,,高原避暑型
大理,2016,春季,25.6065,100.2676,92,16.253260869565217,21.93913043478261,11.18695652173913,10.752173913043478,15.120652173913042,-1.132608695652174,66.6086956521739,172.2,1.8717391304347823,63,1,15.279347826086957,56.73586956521739,0,63,10.761564764492752,82,3,20.51141304347826,0,0,0,0,,,,,,,,0.0,0.0,0.0,0.0,76.32213667232956,,,,,,高原避暑型
大理,2016,夏季,25.6065,100.2676,92,19.92934782608696,24.14782608695652,16.944565217391304,7.2032608695652165,21.89673913043478,1.9673913043478264,84.56521739130434,726.0,7.891304347826087,91,3,7.898913043478261,32.672826086956526,0,2,8.37099990942029,62,15,16.990543478260868,0,0,0,0,,,,,,,,0.0,0.0,0.0,0.0,82.69387055804258,,,,65.36133784181591,,高原避暑型
大理,2016,冬季,25.6065,100.2676,91,9.413186813186812,14.378021978021978,5.502197802197802,8.875824175824176,7.125274725274725,-2.287912087912088,72.05494505494505,100.8,1.1076923076923078,37,0,11.858241758241755,43.71208791208792,0,27,9.018841147741147,73,5,13.532527472527471,0,0,2,0,,,,,,,,0.0,0.0,0.0,0.0,63.07792441834372,,,,,78.17062836811687,高原避暑型
大理,2017,秋季,25.6065,100.2676,91,16.32087912087912,20.48791208791209,13.296703296703296,7.191208791208791,16.34285714285714,0.0219780219780221,80.3956043956044,187.3,2.0582417582417585,53,0,11.083516483516483,31.47142857142857,0,1,9.411327472527471,77,6,14.913406593406592,0,0,0,0,,,,,,,,0.0,0.0,0.0,0.0,76.25486152543293,,,,,,高原避暑型
大理,2017,春季,25.6065,100.2676,92,14.847826086956522,20.25217391304348,10.503260869565215,9.74891304347826,13.51304347826087,-1.3347826086956522,70.72826086956522,229.1,2.490217391304348,51,1,15.659782608695652,43.62608695652174,0,22,10.080964855072464,74,7,19.880108695652176,0,0,0,0,,,,,,,,0.0,0.0,0.0,0.0,72.85525080677236,,,,,,高原避暑型
大理,2017,夏季,25.6065,100.2676,92,19.620652173913044,23.56086956521739,16.79021739130435,6.770652173913043,21.005434782608692,1.3847826086956525,83.51086956521739,745.7,8.105434782608697,82,6,10.94891304347826,32.14782608695652,0,0,8.456788375603864,57,14,16.753152173913044,0,0,0,0,,,,,,,,0.0,0.0,0.0,0.0,82.18776249227442,,,,66.92642229889853,,高原避暑型
大理,2017,冬季,25.6065,100.2676,90,10.28888888888889,16.54,5.453333333333333,11.086666666666666,7.471111111111111,-2.8177777777777777,65.38888888888889,40.1,0.4455555555555556,13,0,15.345555555555556,41.88555555555556,0,14,10.113997716049385,84,1,16.178555555555555,0,0,0,0,,,,,,,,0.0,0.0,0.0,0.0,64.59166221869759,,,,,80.4967888508727,高原避暑型
大理,2018,秋季,25.6065,100.2676,91,15.183516483516485,19.783516483516483,11.832967032967032,7.950549450549451,14.775824175824177,-0.4076923076923078,79.56043956043956,371.2,4.079120879120879,53,4,12.305494505494504,34.16483516483517,0,1,9.58156163003663,77,7,16.13769230769231,0,0,0,0,,,,,,,,0.0,0.0,0.0,0.0,73.5227580203778,,,,,,高原避暑型
大理,2018,春季,25.6065,100.2676,92,15.997826086956522,22.530434782608697,10.591304347826089,11.93913043478261,14.251086956521736,-1.7467391304347828,61.28260869565217,127.7,1.3880434782608695,39,0,16.389130434782608,45.25434782608695,0,27,10.932889039855072,85,3,20.67804347826087,0,0,0,0,,,,,,,,0.0,0.0,0.0,0.0,75.98096691227151,,,,,,高原避暑型
大理,2018,夏季,25.6065,100.2676,92,19.571739130434786,23.430434782608696,16.866304347826087,6.564130434782609,21.344565217391303,1.7728260869565218,86.93478260869566,891.6,9.691304347826089,88,7,10.167391304347824,30.915217391304346,0,0,8.345306853864734,54,9,16.891739130434782,0,0,0,0,,,,,,,,0.0,0.0,0.0,0.0,81.75789285234228,,,,65.79648843014023,,高原避暑型
大理,2018,冬季,25.6065,100.2676,90,9.752222222222224,15.544444444444444,5.245555555555556,10.29888888888889,6.7988888888888885,-2.9533333333333336,66.78888888888889,61.5,0.6833333333333333,15,1,16.482222222222223,44.74777777777778,0,28,9.511620185185183,78,4,15.046333333333337,0,0,0,0,,,,,,,,0.0,0.0,0.0,0.0,62.878505025744886,,,,,79.10143703001677,高原避暑型
大理,2019,秋季,25.6065,100.2676,91,16.156043956043955,20.725274725274726,12.759340659340658,7.965934065934066,15.964835164835163,-0.1912087912087913,79.26373626373626,261.0,2.868131868131868,59,3,11.827472527472526,33.074725274725274,0,3,9.842509645909644,78,3,16.078021978021976,0,0,0,0,,,,,,,,0.0,0.0,0.0,0.0,75.92387524217406,,,,,,高原避暑型
大理,2019,春季,25.6065,100.2676,92,16.52608695652174,23.36086956521739,10.481521739130434,12.879347826086958,14.644565217391303,-1.8815217391304344,59.40217391304348,34.6,0.3760869565217391,24,0,17.952173913043477,49.915217391304346,0,44,11.76450570652174,91,0,21.992608695652173,6,0,0,0,,,,,,,,0.0,0.0,0.0,0.0,76.19253625817598,,,,,,高原避暑型
大理,2019,夏季,25.6065,100.2676,92,20.46630434782609,24.969565217391303,17.273913043478263,7.695652173913044,21.88695652173913,1.420652173913043,81.18478260869566,678.3,7.372826086956521,84,6,12.14891304347826,35.641304347826086,0,7,9.338188224637682,64,11,18.43913043478261,2,0,0,0,,,,,,,,0.0,0.0,0.0,0.0,82.95527936806465,,,,65.88356147235848,,高原避暑型
大理,2019,冬季,25.6065,100.2676,90,9.27777777777778,15.426666666666668,4.3788888888888895,11.047777777777778,6.235555555555556,-3.042222222222222,65.47777777777777,63.6,0.7066666666666667,21,0,16.087777777777777,44.52111111111111,0,23,10.023348395061728,81,1,15.692555555555554,0,0,0,0,,,,,,,,0.0,0.0,0.0,0.0,62.52114805534983,,,,,79.67546482446858,高原避暑型
大理,2020,秋季,25.6065,100.2676,91,16.572527472527472,20.94945054945055,13.489010989010987,7.460439560439561,16.67032967032967,0.0978021978021978,80.97802197802197,212.8,2.338461538461538,67,1,11.704395604395604,32.596703296703296,0,2,9.191080586080586,71,5,15.536813186813186,0,0,0,0,,,,,,,,0.0,0.0,0.0,0.0,76.67668259560328,,,,,,高原避暑型
大理,2020,春季,25.6065,100.2676,92,16.218478260869563,22.64565217391305,10.083695652173914,12.56195652173913,14.304347826086955,-1.914130434782609,59.85869565217392,117.1,1.2728260869565218,39,0,17.916304347826088,50.14347826086957,0,51,10.722007216183574,82,8,20.70217391304348,0,0,0,0,,,,,,,,0.0,0.0,0.0,0.0,75.43798084122913,,,,,,高原避暑型
大理,2020,夏季,25.6065,100.2676,92,20.101086956521737,24.407608695652176,17.119565217391305,7.288043478260869,21.30434782608696,1.2032608695652172,82.53260869565217,631.9,6.868478260869565,84,10,13.478260869565217,37.94565217391305,0,8,8.885880434782608,63,14,17.87663043478261,0,0,0,0,,,,,,,,0.0,0.0,0.0,0.0,82.41691030060882,,,,66.64764779003094,,高原避暑型
大理,2020,冬季,25.6065,100.2676,91,9.615384615384617,15.714285714285714,4.718681318681319,10.995604395604396,6.612087912087913,-3.0032967032967037,65.63736263736264,84.9,0.932967032967033,18,1,16.432967032967035,46.35824175824176,0,30,10.131817643467643,87,2,15.414945054945054,0,0,0,0,,,,,,,,0.0,0.0,0.0,0.0,62.97599378143701,,,,,79.88727963951942,高原避暑型
大理,2021,秋季,25.6065,100.2676,91,16.301098901098904,20.921978021978024,12.93846153846154,7.983516483516484,16.201098901098902,-0.0999999999999999,79.76923076923077,241.8,2.657142857142857,58,2,12.224175824175823,33.04065934065934,0,0,9.987166788766787,83,3,16.39065934065934,0,0,0,0,,,,,,,,0.0,0.0,0.0,0.0,75.97819870335987,,,,,,高原避暑型
大理,2021,春季,25.6065,100.2676,92,17.42391304347826,24.342391304347824,10.946739130434782,13.395652173913044,15.405434782608696,-2.018478260869565,54.70652173913044,29.4,0.3195652173913044,30,0,18.47065217391304,49.36630434782609,0,48,11.403957185990338,87,1,21.74510869565217,1,0,0,0,,,,,,,,0.0,0.0,0.0,0.0,77.90051212839724,,,,,,高原避暑型
大理,2021,夏季,25.6065,100.2676,92,20.333695652173912,24.72826086956522,17.12391304347826,7.604347826086957,21.72065217391304,1.3869565217391304,81.53260869565217,668.6,7.267391304347826,87,5,12.264130434782608,35.50434782608696,0,6,9.282685597826086,69,11,18.53891304347826,0,0,0,0,,,,,,,,0.0,0.0,0.0,0.0,83.11100684056433,,,,66.35123792327167,,高原避暑型
大理,2021,冬季,25.6065,100.2676,90,9.897777777777778,16.065555555555555,4.904444444444445,11.161111111111111,7.002222222222223,-2.895555555555556,65.5,26.5,0.2944444444444444,19,0,15.478888888888887,41.76,0,12,9.637094413580249,79,5,15.233333333333333,0,0,1,0,,,,,,,,0.0,0.0,0.0,0.0,63.71497717358586,,,,,79.65269222799813,高原避暑型
大理,2022,秋季,25.6065,100.2676,91,16.11208791208791,21.05054945054945,12.435164835164834,8.615384615384615,15.913186813186812,-0.198901098901099,77.82417582417582,274.3,3.0142857142857142,55,1,11.228571428571428,30.03516483516483,0,0,9.393057875457876,75,6,16.540659340659342,0,0,0,0,,,,,,,,0.0,0.0,0.0,0.0,76.26128206771449,,,,,,高原避暑型
大理,2022,春季,25.6065,100.2676,92,16.12608695652174,22.448913043478264,11.014130434782608,11.434782608695652,14.86413043478261,-1.2619565217391304,66.79347826086956,163.9,1.7815217391304348,55,0,15.10108695652174,39.37717391304348,0,12,9.592483514492754,73,12,19.70130434782609,0,0,0,0,,,,,,,,0.0,0.0,0.0,0.0,75.37239408918319,,,,,,高原避暑型
大理,2022,夏季,25.6065,100.2676,92,20.133695652173916,24.919565217391305,16.768478260869564,8.15108695652174,21.59130434782609,1.457608695652174,81.96739130434783,530.4,5.765217391304348,90,2,11.765217391304349,32.16304347826087,0,3,10.11101379830918,74,6,20.019239130434784,0,0,0,0,,,,,,,,0.0,0.0,0.0,0.0,82.85532415842344,,,,67.0323663655812,,高原避暑型
大理,2022,冬季,25.6065,100.2676,90,8.785555555555556,14.194444444444445,4.576666666666666,9.617777777777778,5.843333333333333,-2.9422222222222225,71.27777777777777,137.8,1.531111111111111,33,0,16.213333333333335,43.07222222222222,0,15,9.148175771604938,73,5,14.129666666666669,0,0,1,0,,,,,,,,0.0,0.0,0.0,0.0,60.42163706427114,,,,,77.20246735528879,高原避暑型
大理,2023,秋季,25.6065,100.2676,91,16.663736263736265,21.861538461538466,12.96923076923077,8.892307692307693,16.80989010989011,0.1461538461538463,79.76923076923077,263.7,2.8978021978021977,50,0,11.386813186813187,28.32967032967033,0,0,9.761922161172162,77,6,17.645164835164834,0,0,0,0,9.014423076923077,13.03356227106227,262.9597069597069,14.968589743589744,5.955173992673993,61.13369963369964,0.287087912087912,91.0,0.0,0.0,0.0,76.7299036356722,95.25584498988606,82.28768604193635,4.744155010113938,,,高原避暑型
大理,2023,春季,25.6065,100.2676,92,17.366304347826087,24.551086956521736,10.491304347826087,14.059782608695652,15.153260869565216,-2.213043478260869,53.25,51.8,0.5630434782608695,22,0,19.13804347826087,49.25760869565217,0,44,11.358647856280191,89,3,22.4975,3,0,0,0,15.940670289855074,23.03247282608696,273.51630434782606,8.014085144927536,4.360371376811594,113.3016304347826,0.5593297101449276,92.0,0.0,0.0,77.0,76.89238562594318,92.27509790867016,81.50719931076127,7.72490209132985,,,高原避暑型
大理,2023,夏季,25.6065,100.2676,92,20.65108695652174,25.627173913043475,17.244565217391305,8.382608695652175,22.190217391304348,1.5391304347826087,80.04347826086956,667.4,7.254347826086956,81,5,11.660869565217393,30.903260869565216,0,4,9.720900241545896,67,5,19.836304347826086,4,0,0,0,10.725769927536232,15.373867753623188,229.3958333333333,10.311367753623188,4.659963768115942,74.44067028985508,0.4153079710144927,92.0,0.0,0.0,13.0,83.70664214767685,94.6984843641008,87.00419481260404,5.301515635899208,65.53978065140885,,高原避暑型
大理,2023,冬季,25.6065,100.2676,90,10.785555555555556,17.0,5.696666666666667,11.303333333333333,7.981111111111111,-2.804444444444444,65.34444444444445,27.9,0.31,14,0,16.21888888888889,41.19111111111111,0,20,9.546491172839506,76,3,15.22911111111111,0,0,0,0,13.45449074074074,19.38986111111111,321.28379629629626,13.400833333333336,7.555324074074074,76.97314814814814,0.1958333333333333,90.0,0.0,0.0,14.0,65.30162002003797,93.96768852826088,73.90144057250485,6.03231147173914,,83.59747378434523,高原避暑型
大理,2024,秋季,25.6065,100.2676,91,16.45054945054945,21.083516483516483,13.312087912087913,7.771428571428572,16.782417582417583,0.331868131868132,83.41758241758242,351.2,3.8593406593406594,66,4,11.23076923076923,28.775824175824173,0,0,9.417387728937728,76,6,15.647692307692308,0,0,0,0,11.865109890109888,15.82870879120879,273.6721611721612,15.741117216117216,6.245741758241758,63.3228021978022,0.1941391941391941,91.0,0.0,0.0,0.0,75.88080568846131,94.7831072055928,81.55149614360074,5.216892794407195,,,高原避暑型
大理,2024,春季,25.6065,100.2676,92,17.493478260869566,24.688043478260877,11.282608695652174,13.405434782608696,15.657608695652174,-1.835869565217391,57.369565217391305,55.3,0.601086956521739,40,0,19.534782608695654,46.74347826086956,0,34,11.37089689009662,88,0,22.038804347826087,2,0,0,0,13.628215579710146,21.269927536231883,262.8867753623188,5.225045289855072,3.48125,98.53759057971013,3.623188405797101,92.0,0.0,3.0,43.0,78.36150802435124,93.4038920971716,82.87422324619733,6.5961079028284,,,高原避暑型
大理,2024,夏季,25.6065,100.2676,92,20.875,25.78152173913044,17.558695652173913,8.222826086956522,22.61847826086957,1.7434782608695654,81.70652173913044,494.8,5.378260869565217,87,2,11.97391304347826,30.70434782608696,0,1,9.824621557971014,69,5,19.737934782608697,0,0,0,0,9.68509963768116,13.995380434782607,220.62454710144925,8.92644927536232,3.670606884057971,66.60507246376812,0.9298007246376812,92.0,0.0,0.0,6.0,83.74853473410465,95.29391345490508,87.21214835034478,4.706086545094919,65.13425332872315,,高原避暑型
大理,2024,冬季,25.6065,100.2676,91,9.846153846153848,15.853846153846154,5.357142857142857,10.496703296703297,6.915384615384615,-2.9307692307692306,68.56043956043956,26.200000000000003,0.2879120879120879,16,0,17.99010989010989,43.067032967032965,0,20,9.95106114163614,83,1,15.472857142857142,0,0,0,0,12.226510989010988,16.15201465201465,288.58882783882785,11.002472527472529,7.786217948717949,75.42399267399267,1.4913003663003663,91.0,0.0,0.0,0.0,63.12720393564244,94.34891085227272,72.49371601063153,5.651089147727266,,83.0868159484792,高原避暑型
大理,2025,秋季,25.6065,100.2676,91,16.723076923076924,21.27802197802198,13.63956043956044,7.638461538461539,16.968131868131866,0.2450549450549451,81.48351648351648,304.1,3.341758241758242,64,2,11.82967032967033,30.167032967032966,0,0,9.016234615384615,70,12,15.794615384615383,0,0,0,0,12.865384615384617,13.014697802197803,250.3891941391941,15.584523809523809,9.22948717948718,61.45009157509157,0.1419413919413919,91.0,0.0,0.0,0.0,76.66138785227723,94.79215761328273,82.10061878057888,5.207842386717261,,,高原避暑型
大理,2025,春季,25.6065,100.2676,92,16.8,23.166304347826088,11.660869565217393,11.505434782608695,15.346739130434784,-1.4532608695652176,65.19565217391305,236.9,2.575,52,4,18.16304347826087,44.994565217391305,0,27,10.22493484299517,80,7,19.812717391304343,0,0,0,0,20.559103260869566,26.151222826086958,295.62047101449275,7.197101449275363,5.857744565217391,110.13269927536231,12.833333333333334,86.0,0.0,51.0,72.0,77.05124017598241,91.91510897185144,81.51040081474312,8.08489102814855,,,高原避暑型
大理,2025,夏季,25.6065,100.2676,92,20.328260869565216,24.916304347826088,17.247826086956522,7.668478260869565,22.181521739130435,1.853260869565217,83.03260869565217,769.6,8.365217391304348,89,7,10.525,28.570652173913043,0,0,9.975536080917877,71,6,19.7325,0,0,0,0,12.376268115942027,13.318387681159422,230.1725543478261,12.126177536231884,7.148007246376812,75.47780797101449,2.098278985507246,92.0,0.0,6.0,9.0,82.75420713116304,94.37540198442107,86.24056558714045,5.624598015578916,65.77889571017417,,高原避暑型
大理,2025,冬季,25.6065,100.2676,90,9.997777777777776,16.067777777777778,5.492222222222223,10.575555555555557,7.306666666666667,-2.6911111111111112,70.62222222222222,30.8,0.3422222222222222,14,0,16.803333333333335,41.01444444444444,0,15,9.89529098765432,83,2,15.142666666666663,0,0,0,0,20.695046296296294,22.17935185185185,324.1125,14.16351851851852,11.49199074074074,82.27546296296296,2.951851851851852,87.0,0.0,6.0,10.0,63.1366248276807,92.85737091167904,72.0528486528802,7.142629088320964,,82.53748050983604,高原避暑型
广州,2016,秋季,23.1291,113.2644,91,24.07912087912088,27.61978021978022,21.323076923076925,6.2967032967032965,26.991208791208788,2.9120879120879115,79.28571428571429,376.2,4.134065934065934,54,3,13.685714285714289,29.676923076923075,1,2,7.552650824175823,54,17,13.130659340659342,40,0,0,0,,,,,,,,0.0,0.0,0.0,0.0,75.76770002878139,,,,,,滨海暖冬度假型
广州,2016,春季,23.1291,113.2644,92,22.67717391304348,26.358695652173918,19.828260869565216,6.530434782608695,25.38804347826087,2.710869565217391,84.1413043478261,861.9,9.368478260869566,76,12,14.95,34.345652173913045,0,6,6.111139945652174,36,27,12.604891304347827,21,0,0,0,,,,,,,,0.0,0.0,0.0,0.0,75.37124673841582,,,,,,滨海暖冬度假型
广州,2016,夏季,23.1291,113.2644,92,28.468478260869563,31.86521739130435,25.938043478260877,5.927173913043479,34.540217391304346,6.071739130434783,84.8913043478261,1011.0,10.98913043478261,85,9,12.728260869565217,31.12173913043478,1,2,9.047644233091788,62,13,17.131847826086958,74,3,0,0,,,,,,,,0.0,0.0,0.0,0.0,65.92853909211735,,,,35.306921283374706,,滨海暖冬度假型
广州,2016,冬季,23.1291,113.2644,91,14.78131868131868,18.59450549450549,11.650549450549452,6.943956043956043,13.404395604395605,-1.3769230769230771,72.18681318681318,347.3,3.8164835164835167,37,2,14.986813186813189,31.74175824175824,0,4,6.088834584859585,42,29,10.031428571428572,0,0,0,0,,,,,,,,0.0,0.0,0.0,0.0,72.9579852759134,,,,,79.61431200905339,滨海暖冬度假型
广州,2017,秋季,23.1291,113.2644,91,23.796703296703296,27.214285714285715,21.0032967032967,6.210989010989011,25.871428571428574,2.0747252747252745,75.02197802197803,355.1,3.9021978021978025,56,3,17.164835164835164,33.213186813186816,2,5,7.862408333333333,56,17,13.692637362637363,36,0,0,0,,,,,,,,0.0,0.0,0.0,0.0,76.31100810839771,,,,,,滨海暖冬度假型
广州,2017,春季,23.1291,113.2644,92,22.039130434782606,25.80434782608696,18.97826086956522,6.826086956521739,23.622826086956525,1.583695652173913,78.98913043478261,603.6,6.560869565217391,72,5,18.17717391304348,33.89021739130435,3,5,6.501716757246378,41,25,13.764673913043476,13,0,0,0,,,,,,,,0.0,0.0,0.0,0.0,78.39790581613147,,,,,,滨海暖冬度假型
广州,2017,夏季,23.1291,113.2644,92,28.01630434782609,31.17717391304348,25.667391304347827,5.5097826086956525,33.35326086956522,5.336956521739131,84.71739130434783,1027.1,11.164130434782608,89,10,17.683695652173913,36.67934782608695,2,2,9.120219323671495,67,17,17.19728260869565,71,2,0,0,,,,,,,,0.0,0.0,0.0,0.0,66.95415081780966,,,,37.48081343930968,,滨海暖冬度假型
广州,2017,冬季,23.1291,113.2644,90,15.577777777777778,19.776666666666667,11.958888888888888,7.817777777777778,13.543333333333337,-2.0344444444444445,65.16666666666667,90.8,1.008888888888889,30,0,18.582222222222224,33.18333333333333,3,6,7.38818938271605,57,19,11.694777777777777,0,0,0,0,,,,,,,,0.0,0.0,0.0,0.0,74.79013779683144,,,,,81.6388621949826,滨海暖冬度假型
广州,2018,秋季,23.1291,113.2644,91,23.353846153846156,26.93076923076923,20.24615384615385,6.684615384615384,25.13736263736264,1.7835164835164834,75.43956043956044,396.5,4.357142857142857,58,5,17.22747252747253,32.51428571428572,3,5,8.019811172161171,57,12,14.41901098901099,15,0,0,0,,,,,,,,0.0,0.0,0.0,0.0,80.48115894361128,,,,,,滨海暖冬度假型
广州,2018,春季,23.1291,113.2644,92,23.2,27.414130434782606,19.61304347826087,7.80108695652174,25.18478260869565,1.984782608695652,76.83695652173913,312.4,3.395652173913043,75,2,17.63804347826087,33.05869565217392,3,5,7.918481219806763,47,11,15.34695652173913,22,0,0,0,,,,,,,,0.0,0.0,0.0,0.0,78.42813805473898,,,,,,滨海暖冬度假型
广州,2018,夏季,23.1291,113.2644,92,27.789130434782606,30.904347826086955,25.468478260869563,5.435869565217391,33.06630434782608,5.277173913043479,84.92391304347827,1320.9,14.357608695652177,88,13,16.708695652173912,33.55978260869565,1,4,8.310705464975845,56,14,16.721521739130434,69,0,0,0,,,,,,,,0.0,0.0,0.0,0.0,68.00845760201774,,,,37.6986281732005,,滨海暖冬度假型
广州,2018,冬季,23.1291,113.2644,90,14.675555555555556,18.905555555555555,11.075555555555557,7.83,12.705555555555556,-1.97,69.0,124.4,1.3822222222222222,45,0,19.355555555555554,34.86666666666667,3,5,6.342661851851852,43,23,10.659222222222224,0,0,0,0,,,,,,,,0.0,0.0,0.0,0.0,72.18553400170984,,,,,79.46500310927749,滨海暖冬度假型
广州,2019,秋季,23.1291,113.2644,91,24.65824175824176,29.17252747252747,20.654945054945053,8.517582417582418,26.084615384615383,1.4263736263736264,64.89010989010988,194.2,2.134065934065934,30,2,16.709890109890107,31.51208791208791,1,4,10.061984157509158,82,0,17.41945054945055,41,0,0,0,,,,,,,,0.0,0.0,0.0,0.0,80.90306980181674,,,,,,滨海暖冬度假型
广州,2019,春季,23.1291,113.2644,92,22.77282608695652,26.44347826086957,19.957608695652173,6.485869565217392,25.095652173913045,2.3228260869565216,84.17391304347827,971.1,10.555434782608696,86,14,17.883695652173913,34.470652173913045,0,6,5.818453381642512,33,23,12.526304347826088,17,0,0,0,,,,,,,,0.0,0.0,0.0,0.0,77.5167336060017,,,,,,滨海暖冬度假型
广州,2019,夏季,23.1291,113.2644,92,28.346739130434784,31.445652173913043,25.921739130434784,5.52391304347826,34.04347826086956,5.696739130434783,85.54347826086956,1046.7,11.377173913043478,87,11,17.127173913043478,35.53369565217391,2,4,8.791211805555555,61,11,17.109565217391303,74,2,0,0,,,,,,,,0.0,0.0,0.0,0.0,66.20587230127566,,,,35.68712100769859,,滨海暖冬度假型
广州,2019,冬季,23.1291,113.2644,90,16.696666666666665,21.366666666666667,12.758888888888889,8.607777777777779,15.272222222222222,-1.4244444444444444,69.22222222222223,178.2,1.98,46,2,18.61777777777778,33.81333333333333,3,5,6.854347314814815,46,23,11.227444444444444,0,0,0,0,,,,,,,,0.0,0.0,0.0,0.0,76.3625524786188,,,,,81.1685882506299,滨海暖冬度假型
广州,2020,秋季,23.1291,113.2644,91,24.08681318681319,27.968131868131863,20.98131868131868,6.986813186813186,25.76043956043956,1.6736263736263732,72.31868131868131,436.1,4.792307692307692,45,3,18.167032967032966,33.85164835164835,0,3,8.527031349206348,64,7,14.664175824175825,21,0,0,0,,,,,,,,0.0,0.0,0.0,0.0,79.90372852789994,,,,,,滨海暖冬度假型
广州,2020,春季,23.1291,113.2644,92,22.816304347826087,26.817391304347822,19.64565217391305,7.171739130434782,24.74673913043478,1.930434782608696,79.70652173913044,663.7,7.214130434782609,77,4,18.05,34.02173913043478,0,4,7.391732608695652,50,16,14.94217391304348,25,1,0,0,,,,,,,,0.0,0.0,0.0,0.0,77.84156045916583,,,,,,滨海暖冬度假型
广州,2020,夏季,23.1291,113.2644,92,28.823913043478264,32.36195652173913,26.02391304347826,6.33804347826087,33.881521739130434,5.057608695652174,80.72826086956522,771.2,8.382608695652175,86,6,18.773913043478263,36.83804347826087,1,6,10.120748037439611,73,9,18.9875,78,13,0,0,,,,,,,,0.0,0.0,0.0,0.0,66.65088929356527,,,,36.92142616118245,,滨海暖冬度假型
广州,2020,冬季,23.1291,113.2644,91,16.295604395604396,21.205494505494507,12.10989010989011,9.095604395604395,14.445054945054943,-1.8505494505494509,65.76923076923077,107.1,1.176923076923077,34,0,19.75824175824176,35.2967032967033,4,8,8.019783638583638,59,10,12.3678021978022,0,0,0,0,,,,,,,,0.0,0.0,0.0,0.0,76.92559441510618,,,,,82.82981573842835,滨海暖冬度假型
广州,2021,秋季,23.1291,113.2644,91,23.80989010989011,27.73736263736264,20.61098901098901,7.126373626373627,25.848351648351645,2.0384615384615383,73.2967032967033,506.1,5.561538461538461,59,4,17.675824175824175,32.642857142857146,8,10,8.668047191697191,67,8,15.180769230769233,36,0,0,0,,,,,,,,0.0,0.0,0.0,0.0,76.40030248714127,,,,,,滨海暖冬度假型
广州,2021,春季,23.1291,113.2644,92,24.313043478260877,28.47608695652174,20.99891304347826,7.477173913043478,26.58695652173913,2.273913043478261,76.43478260869566,431.0,4.684782608695652,75,5,18.23913043478261,34.10326086956522,1,1,7.775969414251208,53,14,15.46391304347826,37,0,0,0,,,,,,,,0.0,0.0,0.0,0.0,78.08403802132246,,,,,,滨海暖冬度假型
广州,2021,夏季,23.1291,113.2644,92,28.354347826086958,31.51304347826087,25.903260869565216,5.609782608695652,33.91195652173913,5.557608695652174,83.8804347826087,911.4,9.906521739130437,88,12,16.202173913043477,33.01086956521739,0,3,9.240825301932368,62,12,17.687391304347827,76,2,0,0,,,,,,,,0.0,0.0,0.0,0.0,66.71026770726331,,,,36.26694490166714,,滨海暖冬度假型
广州,2021,冬季,23.1291,113.2644,90,16.314444444444444,21.296666666666667,11.786666666666664,9.51,14.175555555555556,-2.138888888888889,58.266666666666666,137.8,1.531111111111111,19,2,18.147777777777776,32.376666666666665,3,4,8.31840348765432,67,16,13.644888888888888,0,0,0,0,,,,,,,,0.0,0.0,0.0,0.0,76.2680798253203,,,,,82.913651843522,滨海暖冬度假型
广州,2022,秋季,23.1291,113.2644,91,25.106593406593404,29.346153846153847,21.663736263736265,7.682417582417583,26.951648351648352,1.8450549450549452,69.68131868131869,312.4,3.4329670329670328,49,1,17.804395604395605,32.54615384615384,8,9,8.54416514041514,66,12,15.913626373626377,50,1,0,0,,,,,,,,0.0,0.0,0.0,0.0,78.31349272677201,,,,,,滨海暖冬度假型
广州,2022,春季,23.1291,113.2644,92,22.245652173913044,26.471739130434784,18.604347826086958,7.867391304347826,23.98804347826087,1.7423913043478263,79.3586956521739,687.7,7.475,62,9,17.534782608695654,30.90652173913044,1,2,7.067347554347826,50,22,15.550869565217392,12,0,0,0,,,,,,,,0.0,0.0,0.0,0.0,79.22670559060964,,,,,,滨海暖冬度假型
广州,2022,夏季,23.1291,113.2644,92,28.14782608695652,31.597826086956523,25.463043478260868,6.134782608695652,33.27608695652174,5.128260869565217,83.06521739130434,1178.1,12.805434782608694,82,17,18.444565217391304,34.85217391304348,4,5,8.362453894927537,55,17,17.949891304347826,71,11,0,0,,,,,,,,0.0,0.0,0.0,0.0,67.52153566291474,,,,37.35531943009239,,滨海暖冬度假型
广州,2022,冬季,23.1291,113.2644,90,13.533333333333331,17.65888888888889,10.223333333333333,7.435555555555556,11.052222222222223,-2.481111111111111,70.15555555555555,262.0,2.911111111111111,43,4,18.944444444444443,33.02666666666667,2,2,5.796345895061728,40,31,10.563444444444444,0,0,0,0,,,,,,,,0.0,0.0,0.0,0.0,69.56276363413089,,,,,78.01062941013784,滨海暖冬度假型
广州,2023,秋季,23.1291,113.2644,91,24.01868131868132,27.69120879120879,21.0010989010989,6.690109890109889,26.4956043956044,2.476923076923077,78.21978021978022,798.7,8.776923076923078,61,11,16.913186813186815,30.83186813186813,4,7,7.533626953601953,56,19,13.994505494505496,24,0,0,0,43.60164835164835,63.41103479853481,697.1707875457876,50.76016483516484,39.43978937728938,43.31410256410256,0.1602564102564102,40.0,11.0,0.0,1.0,77.25565141870163,89.35570285336543,80.88566684910076,10.644297146634573,,,滨海暖冬度假型
广州,2023,春季,23.1291,113.2644,92,22.99347826086957,26.940217391304348,19.68586956521739,7.254347826086956,24.767391304347825,1.773913043478261,78.15217391304348,560.4,6.091304347826087,67,5,18.922826086956523,33.26195652173913,3,4,6.491492421497585,39,25,14.485108695652174,17,2,0,0,41.49071557971015,61.50665760869565,774.3138586956521,69.42563405797102,67.42436594202898,34.2794384057971,0.2966485507246376,40.0,6.0,0.0,0.0,79.61943706109355,88.53826349462834,82.29508499115398,11.461736505371656,,,滨海暖冬度假型
广州,2023,夏季,23.1291,113.2644,92,28.38586956521739,32.01521739130435,25.570652173913043,6.444565217391304,33.77717391304348,5.391304347826087,82.3586956521739,837.5,9.103260869565217,83,5,16.784782608695654,31.833695652173912,1,2,9.64415383454106,69,7,19.52076086956522,83,3,0,0,34.34094202898551,50.35824275362319,500.4202898550725,56.2070652173913,46.25751811594203,40.47644927536231,0.1163949275362318,54.0,1.0,0.0,2.0,67.51225359438398,90.3539645969805,74.36476689516293,9.646035403019509,36.16069159727327,,滨海暖冬度假型
广州,2023,冬季,23.1291,113.2644,90,15.884444444444444,20.404444444444444,12.16,8.244444444444444,14.167777777777776,-1.7166666666666666,67.33333333333333,118.6,1.3177777777777775,42,0,19.32333333333333,33.382222222222225,5,7,6.741694320987655,51,20,11.615444444444446,0,0,0,0,47.49185185185185,69.81125,1197.0597222222225,58.00819444444445,55.7337962962963,32.265277777777776,0.1296296296296296,28.0,10.0,0.0,0.0,74.99415026202907,88.32165574105622,78.99240190573721,11.678344258943785,,82.99752874963451,滨海暖冬度假型
广州,2024,秋季,23.1291,113.2644,91,24.54065934065934,28.45054945054945,21.412087912087912,7.038461538461538,26.31538461538461,1.7747252747252746,70.68131868131869,338.1,3.715384615384616,53,2,18.13186813186813,34.426373626373625,3,4,8.828930280830281,72,10,15.736373626373627,38,0,0,0,38.25934065934066,52.52477106227106,631.3681318681319,44.10544871794872,29.26776556776557,54.22802197802198,0.0705128205128205,46.0,6.0,0.0,1.0,78.67836854745369,90.04658656199837,82.0888339518171,9.953413438001624,,,滨海暖冬度假型
广州,2024,春季,23.1291,113.2644,92,23.05,26.933695652173917,20.17717391304348,6.756521739130435,25.28695652173913,2.2369565217391303,82.6086956521739,1297.8,14.106521739130434,83,17,19.78152173913044,34.87391304347826,5,5,5.597349939613527,31,29,13.511304347826089,22,0,0,0,36.48143115942029,54.61875,524.0158514492754,52.10960144927536,32.67975543478261,34.10009057971014,1.1480978260869563,51.0,2.0,2.0,0.0,76.73306443033312,90.81640959335392,80.95806797923935,9.183590406646092,,,滨海暖冬度假型
广州,2024,夏季,23.1291,113.2644,92,28.24021739130435,31.551086956521736,25.75108695652174,5.8,33.69565217391305,5.455434782608696,84.75,1148.4,12.482608695652177,90,16,17.641304347826086,33.44782608695652,2,2,8.426989824879227,55,17,17.539456521739133,72,4,0,0,33.393251811594205,49.2384963768116,446.9026268115942,54.457336956521736,34.892391304347825,39.85869565217392,0.0579710144927536,63.0,2.0,0.0,0.0,66.55422638977271,90.82127305322368,73.834340388808,9.178726946776314,36.36734089254776,,滨海暖冬度假型
广州,2024,冬季,23.1291,113.2644,91,15.817582417582418,20.50769230769231,11.887912087912088,8.61978021978022,14.005494505494504,-1.812087912087912,64.8021978021978,62.9,0.6912087912087912,33,0,17.459340659340658,33.08571428571429,2,3,6.89209829059829,52,19,11.575274725274724,0,0,0,0,50.74372710622711,64.22097069597069,835.5398351648352,43.40155677655677,41.97193223443223,40.20879120879121,0.1991758241758241,32.0,16.0,0.0,0.0,75.38584538088801,89.00011855431566,79.4701273329163,10.999881445684345,,83.30624132957787,滨海暖冬度假型
广州,2025,秋季,23.1291,113.2644,91,24.74285714285714,28.96923076923077,21.548351648351648,7.42087912087912,27.10439560439561,2.3615384615384616,70.04395604395604,341.40000000000003,3.751648351648352,56,3,13.710989010989012,33.215384615384615,1,7,7.970385866910867,59,14,14.723406593406592,43,9,0,0,45.33273809523809,45.85892857142858,676.8621794871796,48.91158424908425,39.70091575091575,49.01602564102564,0.1891025641025641,37.0,10.0,0.0,0.0,76.66704394390393,89.23423745159164,80.43720199621025,10.765762548408366,,,滨海暖冬度假型
广州,2025,春季,23.1291,113.2644,92,22.39021739130435,26.90217391304348,18.68478260869565,8.217391304347826,24.430434782608696,2.040217391304348,76.3804347826087,561.6,6.104347826086957,65,3,13.23913043478261,32.80652173913043,0,4,7.280310537439613,46,19,15.875434782608696,27,0,0,0,49.82477355072464,53.493025362318846,714.0262681159421,53.96929347826087,37.60855978260869,52.64447463768115,5.414402173913044,29.0,14.0,14.0,3.0,78.44508208245675,88.26061265956965,81.38974125559062,11.739387340430358,,,滨海暖冬度假型
广州,2025,夏季,23.1291,113.2644,92,27.955434782608695,31.793478260869566,25.26630434782609,6.527173913043479,33.6445652173913,5.689130434782609,84.20652173913044,1178.3,12.807608695652174,90,14,12.915217391304347,33.69673913043478,1,4,8.460988949275363,58,15,17.83,72,4,0,0,42.93967391304348,43.88084239130435,685.1182065217391,53.91961050724638,38.29547101449276,56.23913043478261,0.317481884057971,30.0,2.0,0.0,4.0,67.7418918032199,88.90094821092953,74.08960872553278,11.099051789070478,36.8021514074154,,滨海暖冬度假型
广州,2025,冬季,23.1291,113.2644,90,16.664444444444445,21.38222222222222,12.59,8.792222222222222,15.317777777777776,-1.346666666666667,60.37777777777778,50.5,0.5611111111111111,24,0,12.455555555555556,29.50222222222222,0,2,7.941682098765431,57,10,13.01688888888889,0,0,0,0,65.29638888888888,66.03523148148149,1005.9416666666668,50.41546296296296,46.23625,51.4412037037037,0.649074074074074,13.0,34.0,0.0,0.0,79.083413991937,86.42449183072246,81.28573734357263,13.575508169277544,,84.53704487295387,滨海暖冬度假型
成都,2016,秋季,30.5728,104.0668,91,17.88791208791209,21.051648351648357,15.183516483516485,5.868131868131868,18.45274725274725,0.5648351648351645,77.52747252747253,196.9,2.163736263736264,52,1,10.43956043956044,21.057142857142857,0,1,5.398635470085471,27,30,8.454395604395605,4,0,0,0,,,,,,,,0.0,0.0,0.0,0.0,78.0936593196345,,,,,,湿润宜居综合型
成都,2016,春季,30.5728,104.0668,92,18.43913043478261,22.844565217391303,14.244565217391305,8.6,18.31413043478261,-0.1249999999999998,69.58695652173913,237.2,2.5782608695652174,54,2,12.46195652173913,25.089130434782607,0,1,7.686830948067632,45,14,14.48108695652174,4,0,0,0,,,,,,,,0.0,0.0,0.0,0.0,81.56824328997442,,,,,,湿润宜居综合型
成都,2016,夏季,30.5728,104.0668,92,26.75978260869565,31.025,23.035869565217396,7.989130434782608,31.117391304347827,4.357608695652174,77.51086956521739,748.0,8.130434782608695,75,8,10.968478260869563,23.683695652173917,0,2,9.324993508454106,62,9,17.95782608695652,68,8,0,0,,,,,,,,0.0,0.0,0.0,0.0,73.61332147969732,,,,43.23318149269094,,湿润宜居综合型
成都,2016,冬季,30.5728,104.0668,91,8.174725274725274,12.062637362637362,4.705494505494506,7.357142857142857,5.715384615384616,-2.4593406593406595,73.13186813186813,42.4,0.4659340659340659,32,0,11.169230769230769,21.43956043956044,0,0,6.469341971916972,40,21,9.17945054945055,0,0,8,0,,,,,,,,0.0,0.0,0.0,0.0,61.079673777146,,,,,74.2919634382696,湿润宜居综合型
成都,2017,秋季,30.5728,104.0668,91,17.94945054945055,21.1010989010989,15.33956043956044,5.761538461538461,18.265934065934065,0.3164835164835164,75.42857142857143,88.4,0.9714285714285716,64,0,11.703296703296704,22.4021978021978,0,0,4.063649297924298,18,43,7.9750549450549455,2,0,0,0,,,,,,,,0.0,0.0,0.0,0.0,77.89572614835906,,,,,,湿润宜居综合型
成都,2017,春季,30.5728,104.0668,92,17.39021739130435,21.755434782608692,13.059782608695652,8.695652173913043,16.803260869565218,-0.5869565217391305,68.96739130434783,197.7,2.148913043478261,69,1,14.515217391304349,28.267391304347825,2,3,6.577778109903382,37,20,14.533586956521738,8,0,0,0,,,,,,,,0.0,0.0,0.0,0.0,78.69280366900168,,,,,,湿润宜居综合型
成都,2017,夏季,30.5728,104.0668,92,26.47391304347826,30.89782608695652,22.55217391304348,8.345652173913043,29.870652173913044,3.3967391304347827,72.96739130434783,472.3,5.133695652173913,77,2,13.402173913043478,28.03695652173913,1,2,9.20714420289855,63,10,17.105,58,8,0,0,,,,,,,,0.0,0.0,0.0,0.0,76.49659423581662,,,,47.06432649075504,,湿润宜居综合型
成都,2017,冬季,30.5728,104.0668,90,8.45,12.302222222222223,4.745555555555556,7.556666666666667,5.947777777777778,-2.5022222222222226,70.77777777777777,31.8,0.3533333333333333,39,0,11.376666666666669,22.046666666666667,0,1,5.763663395061728,30,24,8.547555555555554,0,0,1,0,,,,,,,,0.0,0.0,0.0,0.0,61.83851446805386,,,,,75.53081128327894,湿润宜居综合型
成都,2018,秋季,30.5728,104.0668,91,16.580219780219778,20.23956043956044,13.428571428571429,6.810989010989011,16.696703296703298,0.1164835164835164,78.3956043956044,164.3,1.8054945054945053,61,1,11.135164835164836,22.464835164835165,0,2,5.430390811965812,29,32,9.942307692307692,3,0,0,0,,,,,,,,0.0,0.0,0.0,0.0,75.63147974457176,,,,,,湿润宜居综合型
成都,2018,春季,30.5728,104.0668,92,19.506521739130434,24.583695652173912,14.878260869565215,9.705434782608696,19.12391304347826,-0.3826086956521738,64.0,230.9,2.509782608695652,52,1,15.444565217391306,29.780434782608697,4,5,6.643233937198068,40,24,14.109239130434782,10,1,0,0,,,,,,,,0.0,0.0,0.0,0.0,83.10831319128908,,,,,,湿润宜居综合型
成都,2018,夏季,30.5728,104.0668,92,25.77173913043478,29.7,22.382608695652173,7.317391304347827,29.915217391304346,4.143478260869566,81.06521739130434,1061.5,11.53804347826087,82,13,12.355434782608697,26.14130434782609,2,2,8.052109208937198,57,17,16.291847826086954,45,0,0,0,,,,,,,,0.0,0.0,0.0,0.0,75.01116240958932,,,,46.51178631740449,,湿润宜居综合型
成都,2018,冬季,30.5728,104.0668,90,6.717777777777778,10.552222222222223,3.217777777777778,7.334444444444444,3.71,-3.0077777777777777,69.88888888888889,56.1,0.6233333333333333,44,0,13.097777777777775,25.354444444444447,0,0,5.161462839506173,24,29,8.260555555555555,0,0,12,0,,,,,,,,0.0,0.0,0.0,0.0,58.31881454772434,,,,,72.00915773219512,湿润宜居综合型
成都,2019,秋季,30.5728,104.0668,91,17.4021978021978,20.712087912087917,14.60879120879121,6.103296703296703,17.846153846153847,0.4439560439560439,79.46153846153847,211.0,2.318681318681319,67,1,11.556043956043956,22.826373626373623,1,1,5.638432112332112,28,25,10.00923076923077,0,0,0,0,,,,,,,,0.0,0.0,0.0,0.0,77.72283789826459,,,,,,湿润宜居综合型
成都,2019,春季,30.5728,104.0668,92,17.717391304347824,22.289130434782606,13.419565217391304,8.869565217391305,17.50978260869565,-0.2076086956521737,72.08695652173913,215.8,2.345652173913044,72,0,14.01304347826087,27.78478260869565,2,3,6.67184734299517,41,21,14.11021739130435,3,0,0,0,,,,,,,,0.0,0.0,0.0,0.0,79.72280195632229,,,,,,湿润宜居综合型
成都,2019,夏季,30.5728,104.0668,92,25.330434782608695,29.2,21.758695652173916,7.441304347826088,29.01304347826087,3.682608695652174,79.06521739130434,613.2,6.665217391304348,69,5,12.009782608695652,24.73695652173913,0,0,7.754017723429952,54,17,16.333913043478262,36,0,0,0,,,,,,,,0.0,0.0,0.0,0.0,77.27669971956375,,,,49.34106035339968,,湿润宜居综合型
成都,2019,冬季,30.5728,104.0668,90,7.323333333333333,10.884444444444444,4.043333333333333,6.841111111111112,4.761111111111111,-2.562222222222222,74.93333333333334,42.2,0.4688888888888889,41,0,11.19,21.61111111111111,0,0,5.078150092592592,30,35,7.548888888888888,0,0,5,0,,,,,,,,0.0,0.0,0.0,0.0,58.31253504779211,,,,,72.7619316923232,湿润宜居综合型
成都,2020,秋季,30.5728,104.0668,91,17.074725274725274,20.34285714285714,14.421978021978022,5.92087912087912,17.335164835164836,0.2604395604395604,78.82417582417582,141.9,1.5593406593406594,59,0,11.3989010989011,22.578021978021976,0,0,5.581273137973138,26,27,9.756593406593408,2,0,0,0,,,,,,,,0.0,0.0,0.0,0.0,77.28299253539186,,,,,,湿润宜居综合型
成都,2020,春季,30.5728,104.0668,92,19.01195652173913,23.97826086956522,14.18695652173913,9.791304347826086,18.002173913043478,-1.0097826086956525,59.18478260869565,160.7,1.7467391304347826,54,0,14.959782608695653,29.00978260869565,1,4,7.026844323671497,46,21,14.938369565217393,17,6,0,0,,,,,,,,0.0,0.0,0.0,0.0,79.95043939755115,,,,,,湿润宜居综合型
成都,2020,夏季,30.5728,104.0668,92,25.55652173913043,29.60108695652174,22.025,7.576086956521739,28.86521739130435,3.308695652173913,76.6413043478261,1107.4,12.036956521739132,74,11,14.460869565217392,29.085869565217397,6,10,7.416905102657005,48,16,15.860760869565215,45,0,0,0,,,,,,,,0.0,0.0,0.0,0.0,77.23776530751535,,,,48.48595780291377,,湿润宜居综合型
成都,2020,冬季,30.5728,104.0668,91,7.826373626373627,11.179120879120878,4.678021978021978,6.501098901098901,5.41098901098901,-2.415384615384616,76.45054945054945,66.6,0.7318681318681318,57,0,11.585714285714284,22.417582417582416,0,0,4.20601221001221,14,41,7.312637362637363,0,0,1,0,,,,,,,,0.0,0.0,0.0,0.0,58.90636976367743,,,,,72.67461705330827,湿润宜居综合型
成都,2021,秋季,30.5728,104.0668,91,16.864835164835167,20.38571428571429,13.961538461538462,6.424175824175824,17.24065934065934,0.3758241758241757,79.89010989010988,304.8,3.349450549450549,66,2,12.515384615384615,24.065934065934066,3,5,5.095960592185593,25,33,9.927252747252748,0,0,0,0,,,,,,,,0.0,0.0,0.0,0.0,73.95372063620263,,,,,,湿润宜居综合型
成都,2021,春季,30.5728,104.0668,92,17.77282608695652,22.04891304347826,13.925,8.123913043478261,17.675,-0.0978260869565216,72.55434782608695,200.7,2.1815217391304347,73,0,13.019565217391303,26.63804347826087,0,0,5.896875030193236,30,22,13.63891304347826,3,0,0,0,,,,,,,,0.0,0.0,0.0,0.0,80.20403756424281,,,,,,湿润宜居综合型
成都,2021,夏季,30.5728,104.0668,92,25.405434782608697,29.31413043478261,21.919565217391305,7.394565217391304,28.99673913043478,3.5913043478260867,77.8913043478261,712.9,7.748913043478261,62,6,12.166304347826086,24.942391304347822,1,2,7.969309450483093,52,15,16.60608695652174,40,0,0,0,,,,,,,,0.0,0.0,0.0,0.0,77.23452334704353,,,,49.13607879796455,,湿润宜居综合型
成都,2021,冬季,30.5728,104.0668,90,8.37111111111111,12.613333333333332,4.521111111111111,8.092222222222222,6.068888888888889,-2.3022222222222224,75.05555555555556,48.1,0.5344444444444445,44,0,11.296666666666669,21.604444444444447,0,0,6.062554197530864,36,23,8.921444444444443,0,0,13,0,,,,,,,,0.0,0.0,0.0,0.0,61.26525648929206,,,,,73.26474472419028,湿润宜居综合型
成都,2022,秋季,30.5728,104.0668,91,18.198901098901096,22.021978021978025,15.136263736263738,6.885714285714286,18.606593406593408,0.4076923076923079,76.53846153846153,140.3,1.5417582417582418,60,0,11.736263736263735,22.172527472527477,0,0,4.513849481074481,18,32,9.234835164835165,3,0,0,0,,,,,,,,0.0,0.0,0.0,0.0,79.81382276500673,,,,,,湿润宜居综合型
成都,2022,春季,30.5728,104.0668,92,17.943478260869565,22.843478260869563,13.505434782608695,9.33804347826087,17.894565217391303,-0.0489130434782608,73.98913043478261,401.7,4.366304347826087,59,3,14.69891304347826,27.419565217391305,2,5,6.367665851449275,44,28,13.767934782608696,2,0,0,0,,,,,,,,0.0,0.0,0.0,0.0,79.49733501432786,,,,,,湿润宜居综合型
成都,2022,夏季,30.5728,104.0668,92,27.480434782608693,32.25217391304348,23.24673913043478,9.005434782608695,31.36521739130435,3.884782608695653,72.76086956521739,421.6,4.582608695652174,55,6,13.419565217391304,25.833695652173912,1,1,8.973173973429951,62,8,17.745108695652174,65,26,0,0,,,,,,,,0.0,0.0,0.0,0.0,74.30296851557807,,,,43.62596099770087,,湿润宜居综合型
成都,2022,冬季,30.5728,104.0668,90,7.017777777777778,10.385555555555555,3.8777777777777778,6.507777777777778,4.488888888888889,-2.528888888888889,77.72222222222223,78.2,0.8688888888888889,60,0,11.71,21.493333333333336,0,0,3.651149197530864,13,41,6.565666666666666,0,0,6,0,,,,,,,,0.0,0.0,0.0,0.0,56.83899801326401,,,,,70.6936102904882,湿润宜居综合型
成都,2023,秋季,30.5728,104.0668,91,18.583516483516483,22.33626373626373,15.38901098901099,6.9472527472527466,19.4,0.8164835164835168,79.14285714285714,161.8,1.778021978021978,59,0,11.726373626373626,21.72087912087912,0,1,5.215528510378511,23,30,9.892747252747252,5,0,0,0,50.07115384615385,72.90160256410256,697.617673992674,49.525045787545785,47.90631868131869,39.07921245421245,2.906135531135531,23.0,9.0,6.0,4.0,78.41979413589972,88.7304480514961,81.51299031057863,11.269551948503906,,,湿润宜居综合型
成都,2023,春季,30.5728,104.0668,92,18.681521739130435,23.756521739130434,14.056521739130435,9.7,18.08478260869565,-0.5967391304347825,64.67391304347827,195.3,2.122826086956522,66,1,15.075,28.36521739130435,3,4,5.904393870772947,30,23,13.274239130434784,11,1,0,0,57.68740942028985,84.47110507246376,893.9352355072464,56.08269927536232,66.86657608695653,50.35326086956522,7.278079710144928,12.0,17.0,20.0,1.0,81.50887480804823,86.44963745262703,82.99110360142187,13.55036254737297,,,湿润宜居综合型
成都,2023,夏季,30.5728,104.0668,92,26.54565217391304,31.394565217391307,22.333695652173912,9.060869565217391,29.666304347826088,3.1206521739130437,70.81521739130434,511.5,5.559782608695652,62,2,14.443478260869565,27.53804347826087,2,3,7.818697826086956,53,14,16.286195652173912,67,13,0,0,55.42083333333333,81.36000905797101,642.5153985507246,44.69977355072464,46.34773550724638,89.45606884057972,6.751811594202898,10.0,12.0,17.0,31.0,77.22739092510992,85.95758972682157,79.84645056562341,14.042410273178437,45.85635266098832,,湿润宜居综合型
成都,2023,冬季,30.5728,104.0668,90,8.405555555555555,12.46111111111111,4.76,7.701111111111111,5.9366666666666665,-2.468888888888889,70.37777777777778,31.3,0.3477777777777778,27,0,11.596666666666668,21.97,0,0,4.816946358024691,17,28,7.790333333333333,0,0,7,0,69.94416666666667,100.78842592592594,1508.6833333333334,61.08009259259259,68.63481481481482,27.801388888888887,2.4444444444444446,3.0,35.0,5.0,0.0,61.47973784888319,85.29979364133948,68.62575458662008,14.700206358660532,,76.4694045451523,湿润宜居综合型
成都,2024,秋季,30.5728,104.0668,91,19.42087912087912,23.251648351648356,16.25934065934066,6.9923076923076914,20.62967032967033,1.2087912087912087,78.47252747252747,274.3,3.0142857142857142,64,1,11.685714285714289,23.22087912087912,1,2,5.914284035409035,33,27,10.708241758241758,22,2,0,0,56.10888278388278,74.70169413919415,989.2097069597068,51.601877289377285,59.14427655677655,41.123168498168496,2.0572344322344325,9.0,15.0,6.0,3.0,76.24254422195638,87.45063170579151,79.60497046710691,12.549368294208492,,,湿润宜居综合型
成都,2024,春季,30.5728,104.0668,92,19.33695652173913,24.555434782608696,14.65108695652174,9.904347826086957,19.45,0.1130434782608695,69.47826086956522,208.2,2.2630434782608693,67,0,13.463043478260868,25.90869565217391,1,3,6.542800120772947,41,19,14.08532608695652,17,4,0,0,52.31050724637681,82.00040760869565,566.6761775362319,37.65828804347826,31.982518115942025,64.72644927536231,21.57019927536232,14.0,5.0,52.0,5.0,81.05515959502831,88.10442075249465,83.16993794226822,11.895579247505356,,,湿润宜居综合型
成都,2024,夏季,30.5728,104.0668,92,27.14565217391305,31.867391304347827,23.17065217391304,8.696739130434782,30.92065217391304,3.775,73.51086956521739,448.4,4.873913043478261,66,3,12.963043478260868,25.428260869565214,0,0,7.863923309178744,53,10,16.42086956521739,69,13,0,0,52.787681159420295,77.73464673913043,556.0711050724638,39.32545289855072,35.374184782608694,90.2355072463768,6.951539855072463,13.0,10.0,17.0,31.0,75.54030901310715,86.75874768210086,78.90584061380525,13.241252317899148,43.283848815996734,,湿润宜居综合型
成都,2024,冬季,30.5728,104.0668,91,7.803296703296703,11.759340659340658,4.414285714285715,7.345054945054945,5.374725274725275,-2.4285714285714284,75.31868131868131,53.0,0.5824175824175825,42,0,10.85934065934066,21.593406593406595,0,0,4.398982509157509,22,39,7.596593406593406,0,0,4,0,71.00654761904761,89.80801282051281,1296.2211538461538,46.920970695970695,73.28319597069597,31.087454212454208,3.651556776556776,9.0,40.0,5.0,0.0,59.22979950514132,86.00847948580609,67.26340349934075,13.9915205141939,,76.05352869688511,湿润宜居综合型
成都,2025,秋季,30.5728,104.0668,91,18.3,21.50769230769231,15.751648351648353,5.756043956043955,19.520879120879123,1.2208791208791208,82.06593406593407,224.5,2.467032967032967,70,2,9.73076923076923,22.16923076923077,0,0,5.018497557997558,26,31,9.589450549450548,2,0,0,0,64.11272893772893,66.06886446886446,1263.7637362637363,55.41346153846154,98.6418498168498,33.76968864468864,3.5961538461538463,7.0,24.0,11.0,0.0,76.26667492962724,86.0161594782962,79.19152029422793,13.9838405217038,,,湿润宜居综合型
成都,2025,春季,30.5728,104.0668,92,18.782608695652176,23.87934782608696,14.059782608695652,9.819565217391304,18.41521739130435,-0.3673913043478263,64.33695652173913,164.9,1.792391304347826,56,1,11.907608695652174,27.82717391304348,0,7,6.212608182367149,37,26,14.294021739130434,21,4,0,0,58.72400362318841,83.76716485507247,770.4719202898551,40.85778985507246,67.75584239130436,69.0240036231884,47.34057971014492,9.0,14.0,77.0,3.0,78.6409196893509,86.2431430741516,80.92158670479111,13.756856925848396,,,湿润宜居综合型
成都,2025,夏季,30.5728,104.0668,92,27.293478260869566,31.794565217391305,23.467391304347824,8.32717391304348,31.382608695652173,4.089130434782609,74.08695652173913,761.2,8.273913043478261,70,11,10.956521739130435,26.98478260869565,0,2,8.159546467391305,55,11,16.523913043478263,62,17,0,0,61.80611413043479,66.40009057971015,821.2613224637681,43.04882246376811,77.05430253623189,94.79846014492756,9.110960144927535,5.0,24.0,26.0,38.0,73.26205575551788,84.6518382477359,76.67899050318329,15.348161752264106,43.32262294168539,,湿润宜居综合型
成都,2025,冬季,30.5728,104.0668,90,8.198888888888888,11.877777777777778,5.0777777777777775,6.8,6.224444444444445,-1.974444444444444,79.58888888888889,69.0,0.7666666666666667,47,0,9.323333333333334,21.45888888888889,0,0,4.398571296296296,21,38,7.424222222222221,0,0,3,0,88.55898148148148,92.44379629629633,1901.5314814814813,50.6549537037037,108.09708333333332,31.574074074074076,6.789351851851851,1.0,55.0,12.0,0.0,59.55703074123193,82.88770471607683,66.5562329336854,17.112295283923185,,75.10433584177201,湿润宜居综合型
昆明,2016,秋季,25.0389,102.7183,91,16.22967032967033,19.95054945054945,13.21978021978022,6.730769230769231,16.0989010989011,-0.1307692307692308,83.0,372.3,4.091208791208792,57,2,14.145054945054946,30.951648351648352,0,1,7.712175122100121,55,14,12.765274725274727,0,0,0,0,,,,,,,,0.0,0.0,0.0,0.0,75.10557391946946,,,,,,高原避暑型
昆明,2016,春季,25.0389,102.7183,92,18.444565217391304,23.76304347826087,13.466304347826089,10.296739130434782,16.42608695652174,-2.018478260869565,58.130434782608695,233.4,2.5369565217391306,54,2,24.10326086956522,51.38369565217391,18,50,10.735115368357487,83,5,21.46358695652174,1,0,0,0,,,,,,,,0.0,0.0,0.0,0.0,78.2323410424241,,,,,,高原避暑型
昆明,2016,夏季,25.0389,102.7183,92,20.06304347826087,24.02391304347826,17.007608695652173,7.016304347826087,21.659782608695654,1.5967391304347829,85.06521739130434,708.7,7.703260869565218,91,2,13.622826086956522,32.34347826086957,0,5,9.160526721014492,67,9,17.83108695652174,0,0,0,0,,,,,,,,0.0,0.0,0.0,0.0,82.00525162779199,,,,65.7889189253092,,高原避暑型
昆明,2016,冬季,25.0389,102.7183,91,8.891208791208792,13.614285714285716,4.961538461538462,8.652747252747252,6.040659340659341,-2.85054945054945,76.28571428571429,84.0,0.9230769230769232,35,0,18.947252747252747,40.11868131868132,5,22,7.872291025641025,59,16,12.286153846153846,0,0,4,2,,,,,,,,0.0,0.0,0.0,0.0,60.25142172193083,,,,,74.54567059401526,高原避暑型
昆明,2017,秋季,25.0389,102.7183,91,14.576923076923077,18.73076923076923,11.204395604395604,7.526373626373626,14.062637362637362,-0.5142857142857141,83.64835164835165,315.4,3.4659340659340656,71,0,13.73956043956044,32.526373626373626,0,1,7.242976923076923,54,18,12.794835164835163,0,0,0,0,,,,,,,,0.0,0.0,0.0,0.0,71.48051139993375,,,,,,高原避暑型
昆明,2017,春季,25.0389,102.7183,92,15.247826086956522,21.067391304347822,9.995652173913044,11.071739130434782,13.19891304347826,-2.0489130434782608,64.25,211.5,2.2989130434782608,65,1,20.40108695652174,48.47826086956522,2,40,9.347445350241545,69,10,19.60326086956522,0,0,0,0,,,,,,,,0.0,0.0,0.0,0.0,73.32376715969167,,,,,,高原避暑型
昆明,2017,夏季,25.0389,102.7183,92,18.921739130434784,23.222826086956523,15.606521739130434,7.616304347826087,19.85217391304348,0.930434782608696,82.92391304347827,969.5,10.53804347826087,89,8,13.56195652173913,35.27282608695652,0,6,8.445012137681159,54,12,17.01,0,0,0,0,,,,,,,,0.0,0.0,0.0,0.0,80.54055374447624,,,,68.60694795904953,,高原避暑型
昆明,2017,冬季,25.0389,102.7183,90,8.913333333333334,14.574444444444444,4.204444444444444,10.37,6.282222222222222,-2.631111111111111,77.15555555555555,90.7,1.007777777777778,47,0,17.092222222222222,39.91111111111111,0,12,7.816034166666667,56,11,13.229444444444445,0,0,5,0,,,,,,,,0.0,0.0,0.0,0.0,59.98578810368714,,,,,74.62415090017575,高原避暑型
昆明,2018,秋季,25.0389,102.7183,91,14.304395604395603,19.03076923076923,10.45934065934066,8.571428571428571,13.491208791208791,-0.8131868131868132,80.85714285714286,359.1,3.9461538461538463,67,1,15.092307692307694,35.987912087912086,0,1,8.38904300976801,59,8,15.043736263736264,0,0,0,0,,,,,,,,0.0,0.0,0.0,0.0,71.4423050584107,,,,,,高原避暑型
昆明,2018,春季,25.0389,102.7183,92,15.857608695652177,22.043478260869566,10.375,11.668478260869565,13.946739130434782,-1.9108695652173917,63.43478260869565,310.1,3.370652173913044,60,1,19.75434782608696,47.29456521739131,1,36,10.170378079710146,78,2,19.96967391304348,0,0,0,0,,,,,,,,0.0,0.0,0.0,0.0,74.86091666177924,,,,,,高原避暑型
昆明,2018,夏季,25.0389,102.7183,92,18.70108695652174,23.11521739130435,15.18804347826087,7.927173913043478,19.794565217391305,1.093478260869565,84.83695652173913,972.2,10.567391304347826,90,7,13.21195652173913,33.07934782608696,0,3,8.915482548309178,59,9,18.052391304347825,0,0,0,0,,,,,,,,0.0,0.0,0.0,0.0,80.02801978244612,,,,68.83395929578268,,高原避暑型
昆明,2018,冬季,25.0389,102.7183,90,8.867777777777778,14.661111111111111,4.057777777777778,10.603333333333332,5.914444444444444,-2.9533333333333336,72.8,110.0,1.2222222222222223,36,1,18.921111111111117,43.98111111111111,1,23,7.715225586419753,58,17,13.524444444444445,0,0,7,0,,,,,,,,0.0,0.0,0.0,0.0,59.84018936879928,,,,,74.55097389766385,高原避暑型
昆明,2019,秋季,25.0389,102.7183,91,15.175824175824175,20.006593406593407,11.223076923076922,8.783516483516483,14.465934065934066,-0.7098901098901098,79.16483516483517,290.8,3.195604395604396,73,1,14.77912087912088,35.60989010989011,0,4,9.116564560439562,68,2,15.497692307692308,0,0,0,0,,,,,,,,0.0,0.0,0.0,0.0,73.65629695886325,,,,,,高原避暑型
昆明,2019,春季,25.0389,102.7183,92,18.058695652173917,24.858695652173918,11.335869565217392,13.52282608695652,15.533695652173911,-2.525,50.09782608695652,133.39999999999998,1.4499999999999995,46,1,22.730434782608693,53.70217391304348,9,59,11.058364492753624,86,1,22.02173913043478,11,0,0,0,,,,,,,,0.0,0.0,0.0,0.0,76.5169640499419,,,,,,高原避暑型
昆明,2019,夏季,25.0389,102.7183,92,19.82608695652174,24.426086956521736,16.068478260869565,8.357608695652173,20.855434782608697,1.0293478260869566,80.1086956521739,608.5,6.614130434782608,87,1,14.15,35.2695652173913,0,5,9.574589221014492,67,7,19.32086956521739,0,0,0,0,,,,,,,,0.0,0.0,0.0,0.0,82.8236165772065,,,,68.04431213950309,,高原避暑型
昆明,2019,冬季,25.0389,102.7183,90,9.214444444444444,15.644444444444444,3.732222222222222,11.91222222222222,6.108888888888888,-3.105555555555556,67.32222222222222,100.7,1.1188888888888888,26,1,19.11777777777778,45.13444444444444,1,29,9.148782067901234,75,6,15.37622222222222,0,0,9,0,,,,,,,,0.0,0.0,0.0,0.0,61.30547087287586,,,,,76.82141437668068,高原避暑型
昆明,2020,秋季,25.0389,102.7183,91,14.87142857142857,19.46923076923077,11.063736263736264,8.405494505494506,14.259340659340658,-0.612087912087912,80.68131868131869,407.8,4.481318681318681,62,2,13.852747252747251,33.63296703296703,0,1,7.955831532356532,58,13,14.48076923076923,0,0,0,0,,,,,,,,0.0,0.0,0.0,0.0,72.71154030760316,,,,,,高原避暑型
昆明,2020,春季,25.0389,102.7183,92,17.075,23.483695652173918,11.161956521739132,12.321739130434782,14.720652173913043,-2.3543478260869564,56.09782608695652,247.6,2.691304347826087,54,2,21.74021739130435,51.49347826086956,7,49,10.44043070652174,81,4,21.232717391304348,3,0,0,0,,,,,,,,0.0,0.0,0.0,0.0,75.35092637920484,,,,,,高原避暑型
昆明,2020,夏季,25.0389,102.7183,92,19.87934782608696,24.36847826086957,16.360869565217392,8.007608695652175,20.71195652173913,0.832608695652174,80.15217391304348,960.6,10.441304347826089,87,11,15.838043478260868,38.37934782608696,0,10,9.10241811594203,64,8,18.705434782608695,1,0,0,0,,,,,,,,0.0,0.0,0.0,0.0,82.22435805935052,,,,67.73359879772764,,高原避暑型
昆明,2020,冬季,25.0389,102.7183,91,9.415384615384616,15.632967032967032,4.3538461538461535,11.27912087912088,6.4252747252747255,-2.99010989010989,70.6923076923077,150.9,1.6582417582417583,45,1,19.967032967032967,47.48681318681319,1,36,8.678830982905982,69,8,14.295054945054943,0,0,5,0,,,,,,,,0.0,0.0,0.0,0.0,61.22057371412943,,,,,76.36378704348407,高原避暑型
昆明,2021,秋季,25.0389,102.7183,91,14.74175824175824,19.296703296703296,11.11758241758242,8.179120879120878,14.04835164835165,-0.6934065934065934,81.58241758241758,324.7,3.568131868131868,79,0,15.141758241758245,35.18571428571428,0,8,8.093581593406594,62,14,14.795384615384616,0,0,0,0,,,,,,,,0.0,0.0,0.0,0.0,71.61831444595833,,,,,,高原避暑型
昆明,2021,春季,25.0389,102.7183,92,18.003260869565217,24.530434782608697,11.702173913043476,12.828260869565218,15.672826086956524,-2.3304347826086955,53.119565217391305,223.0,2.4239130434782608,44,2,22.14565217391305,51.58478260869565,3,58,10.756115760869564,84,4,21.955,11,0,0,0,,,,,,,,0.0,0.0,0.0,0.0,75.99553040263284,,,,,,高原避暑型
昆明,2021,夏季,25.0389,102.7183,92,19.503260869565217,24.007608695652173,15.904347826086957,8.103260869565217,20.5,0.9967391304347828,81.44565217391305,848.2,9.219565217391304,91,9,14.08695652173913,35.16413043478261,0,2,9.468159571256038,67,9,18.854130434782608,0,0,0,0,,,,,,,,0.0,0.0,0.0,0.0,81.73140410478648,,,,68.3733783515795,,高原避暑型
昆明,2021,冬季,25.0389,102.7183,90,9.001111111111111,15.221111111111112,3.775555555555556,11.445555555555554,6.112222222222223,-2.888888888888889,72.14444444444445,99.9,1.11,44,0,17.782222222222224,41.02555555555556,2,17,8.145344074074075,61,10,14.008777777777777,0,0,10,0,,,,,,,,0.0,0.0,0.0,0.0,60.91391883080507,,,,,75.07961506127998,高原避暑型
昆明,2022,秋季,25.0389,102.7183,91,15.05054945054945,20.185714285714287,10.802197802197805,9.383516483516484,14.305494505494504,-0.7450549450549451,77.47252747252747,368.8,4.052747252747253,59,2,13.995604395604394,32.15714285714286,0,1,8.862972557997558,66,8,16.22714285714286,0,0,0,0,,,,,,,,0.0,0.0,0.0,0.0,73.69433332722731,,,,,,高原避暑型
昆明,2022,春季,25.0389,102.7183,92,16.059782608695652,22.49021739130435,10.454347826086956,12.035869565217393,14.275,-1.7847826086956524,64.09782608695652,418.8,4.552173913043478,62,2,18.819565217391304,42.61086956521739,1,22,9.26487913647343,68,8,19.847065217391304,0,0,1,0,,,,,,,,0.0,0.0,0.0,0.0,74.21298033475834,,,,,,高原避暑型
昆明,2022,夏季,25.0389,102.7183,92,19.23152173913044,24.19782608695652,15.333695652173914,8.86413043478261,20.291304347826088,1.059782608695652,81.84782608695652,649.7,7.061956521739131,91,4,13.914130434782608,32.24130434782609,0,2,9.738483665458938,69,3,20.730652173913043,0,0,0,0,,,,,,,,0.0,0.0,0.0,0.0,81.50181542130663,,,,68.91232816599147,,高原避暑型
昆明,2022,冬季,25.0389,102.7183,90,8.385555555555555,14.13,3.5966666666666667,10.533333333333331,5.274444444444445,-3.111111111111111,73.5111111111111,194.6,2.1622222222222223,57,1,20.337777777777777,44.89,2,28,7.851859135802469,58,12,13.652222222222225,0,0,7,0,,,,,,,,0.0,0.0,0.0,0.0,58.96351183058947,,,,,74.18691953669345,高原避暑型
昆明,2023,秋季,25.0389,102.7183,91,15.9021978021978,21.464835164835165,11.28131868131868,10.183516483516485,15.23956043956044,-0.6626373626373626,75.25274725274726,232.2,2.5516483516483515,67,0,15.369230769230768,34.05604395604396,1,3,9.261519413919414,72,6,17.13230769230769,0,0,0,0,16.276602564102564,23.48869047619048,363.1236263736264,26.95018315018315,18.933424908424907,53.4441391941392,0.412087912087912,89.0,0.0,0.0,0.0,75.66912108979831,93.87693879415252,81.13146640110457,6.123061205847494,,,高原避暑型
昆明,2023,春季,25.0389,102.7183,92,18.47826086956522,25.475,11.757608695652175,13.717391304347826,15.765217391304349,-2.71304347826087,49.369565217391305,83.2,0.9043478260869564,44,0,23.467391304347824,52.30652173913043,5,56,10.875638496376812,83,3,22.84576086956522,17,0,0,0,22.242164855072463,32.08605072463768,341.5067934782609,19.690579710144927,16.52667572463768,102.43568840579712,0.6911231884057971,84.0,0.0,0.0,47.0,76.86735074414466,91.2220034021918,81.1737465415588,8.777996597808196,,,高原避暑型
昆明,2023,夏季,25.0389,102.7183,92,19.93586956521739,24.969565217391303,15.728260869565217,9.241304347826087,20.722826086956523,0.7869565217391307,76.59782608695652,688.6,7.484782608695652,85,3,15.335869565217392,35.05652173913043,0,2,9.85506259057971,65,3,20.38880434782609,3,0,0,0,17.3088768115942,24.906204710144927,299.39402173913044,25.210733695652173,16.3263134057971,71.59873188405797,0.7608695652173914,89.0,0.0,1.0,9.0,83.05134219255126,93.0631347016698,86.05487994528681,6.936865298330193,68.26583115868466,,高原避暑型
昆明,2023,冬季,25.0389,102.7183,90,10.104444444444445,16.615555555555552,4.515555555555555,12.1,7.066666666666666,-3.0377777777777784,66.86666666666666,54.1,0.6011111111111112,32,0,19.97888888888889,43.532222222222224,1,26,8.110762901234569,57,11,14.491888888888887,0,0,5,0,21.87009259259259,31.415879629629632,525.0157407407407,29.28615740740741,24.55333333333333,60.92824074074073,0.174074074074074,81.0,0.0,0.0,5.0,63.37044232978128,92.50249913611457,72.11005937168125,7.497500863885441,,80.97497262465048,高原避暑型
昆明,2024,秋季,25.0389,102.7183,91,15.448351648351649,20.284615384615385,11.646153846153846,8.638461538461538,14.918681318681315,-0.5296703296703293,79.92307692307692,422.7,4.6450549450549445,76,3,14.349450549450548,33.28901098901099,0,4,8.473893833943835,63,7,15.073186813186814,0,0,0,0,18.98374542124542,25.272847985347983,477.88461538461536,27.498580586080585,17.0628663003663,57.94230769230769,0.1684981684981684,88.0,0.0,0.0,0.0,74.189568895391,93.26668639816562,79.91270414622339,6.733313601834395,,,高原避暑型
昆明,2024,春季,25.0389,102.7183,92,18.56413043478261,25.242391304347827,12.220652173913043,13.021739130434783,15.979347826086956,-2.584782608695652,50.09782608695652,116.1,1.2619565217391304,48,0,24.566304347826087,53.46630434782608,19,60,11.11154082125604,89,1,22.82108695652174,0,0,0,0,18.332427536231883,28.14859601449275,317.06340579710144,12.0361865942029,9.763858695652171,95.59556159420288,3.988677536231884,92.0,0.0,6.0,32.0,77.01793466072618,92.50313570924024,81.66349497528039,7.496864290759776,,,高原避暑型
昆明,2024,夏季,25.0389,102.7183,92,19.78804347826087,24.63586956521739,15.870652173913042,8.765217391304347,20.976086956521737,1.1880434782608695,81.59782608695652,731.0,7.945652173913044,88,5,15.126086956521736,34.13804347826087,0,2,9.960161201690822,72,1,20.92217391304348,0,0,0,0,15.703442028985508,22.77083333333333,283.9823369565217,20.675951086956523,13.850090579710145,68.10461956521739,1.1947463768115942,92.0,0.0,2.0,2.0,82.53866181882772,93.701115663017,85.88739797208449,6.298884336983014,67.81233764898062,,高原避暑型
昆明,2024,冬季,25.0389,102.7183,91,10.2,16.44065934065934,4.914285714285715,11.526373626373628,7.237362637362637,-2.9626373626373628,67.85714285714286,100.0,1.098901098901099,47,0,20.64065934065934,46.04835164835164,14,32,8.870983302808304,69,5,14.972967032967032,0,0,3,0,19.315613553113558,24.646932234432235,490.1456043956044,22.19143772893773,16.431272893772896,60.52106227106228,1.5146520146520148,87.0,0.0,0.0,0.0,62.85728983054359,93.3805389844602,72.01426457671856,6.619461015539804,,81.43142758427837,高原避暑型
昆明,2025,秋季,25.0389,102.7183,91,15.183516483516485,19.582417582417584,11.67142857142857,7.91098901098901,15.112087912087912,-0.0714285714285714,82.3076923076923,529.5,5.818681318681318,79,3,11.585714285714284,31.663736263736265,0,0,7.538120421245422,57,15,14.369230769230768,0,0,2,0,20.108150183150183,20.25357142857143,503.9052197802198,29.64839743589744,10.888736263736265,47.9441391941392,0.0943223443223443,86.0,0.0,0.0,0.0,73.57280786959535,93.67940533058464,79.60478710789214,6.320594669415361,,,高原避暑型
昆明,2025,春季,25.0389,102.7183,92,17.068478260869565,23.222826086956523,11.575,11.64782608695652,15.38695652173913,-1.681521739130435,58.98913043478261,328.8,3.573913043478261,64,4,17.43804347826087,46.51195652173914,0,40,9.474517814009662,69,9,20.035326086956523,1,0,0,0,22.67332427536232,26.066576086956523,421.7490942028985,14.907019927536233,7.236322463768116,103.46693840579712,7.699728260869565,76.0,0.0,22.0,57.0,76.90387049387869,91.5132558170032,81.28668609081603,8.486744182996791,,,高原避暑型
昆明,2025,夏季,25.0389,102.7183,92,19.125,23.768478260869564,15.56413043478261,8.204347826086956,20.43695652173913,1.3119565217391302,82.54347826086956,917.3,9.970652173913043,91,4,11.51304347826087,32.42391304347826,0,1,8.980865700483092,63,9,19.16163043478261,0,0,0,0,18.676177536231883,19.468795289855077,422.0421195652174,24.25602355072464,7.116893115942029,67.77355072463769,1.7033514492753623,92.0,0.0,4.0,5.0,81.33099795099298,93.26959439797352,84.91257688508713,6.730405602026476,68.21636226785307,,高原避暑型
昆明,2025,冬季,25.0389,102.7183,90,9.744444444444444,16.02111111111111,4.640000000000001,11.38111111111111,7.154444444444445,-2.5900000000000003,68.43333333333334,47.3,0.5255555555555556,46,0,15.58,41.49888888888889,0,21,8.11718200617284,61,11,14.330777777777778,0,0,2,0,29.24787037037037,30.09226851851852,773.6393518518519,28.289074074074072,16.69439814814815,67.3013888888889,1.5467592592592594,63.0,0.0,1.0,4.0,63.26584332716656,91.43357450702004,71.7161626811226,8.566425492979972,,81.01515643316169,高原避暑型
杭州,2016,秋季,30.2741,120.1551,91,19.06043956043956,22.50989010989011,16.130769230769232,6.37912087912088,19.978021978021975,0.9175824175824177,82.10989010989012,373.4,4.103296703296703,56,3,14.60879120879121,29.42637362637363,0,3,4.824971886446887,32,42,8.766373626373626,7,0,0,0,,,,,,,,0.0,0.0,0.0,0.0,74.98912556677888,,,,,,湿润宜居综合型
杭州,2016,春季,30.2741,120.1551,92,16.377173913043478,21.096739130434784,12.109782608695651,8.98695652173913,16.229347826086954,-0.1478260869565217,78.48913043478261,543.7,5.909782608695653,59,4,13.932608695652174,30.61413043478261,0,4,6.4348964673913045,43,32,14.261521739130432,0,0,2,0,,,,,,,,0.0,0.0,0.0,0.0,73.89091784430944,,,,,,湿润宜居综合型
杭州,2016,夏季,30.2741,120.1551,92,27.89891304347826,32.0195652173913,24.292391304347827,7.727173913043478,32.62173913043478,4.7228260869565215,77.95652173913044,554.1,6.022826086956522,58,8,13.528260869565216,30.25434782608696,0,1,9.229108605072463,62,13,17.76369565217391,69,21,0,0,,,,,,,,0.0,0.0,0.0,0.0,70.1084499347905,,,,40.329619246719325,,湿润宜居综合型
杭州,2016,冬季,30.2741,120.1551,91,6.603296703296703,10.952747252747251,2.596703296703297,8.356043956043957,3.7813186813186817,-2.821978021978022,75.65934065934066,166.0,1.824175824175824,36,0,13.227472527472528,27.087912087912088,1,1,6.653346855921855,48,25,10.074175824175825,0,0,24,3,,,,,,,,0.0,0.0,0.0,0.0,57.24559217549938,,,,,69.89428682911175,湿润宜居综合型
杭州,2017,秋季,30.2741,120.1551,91,18.50989010989011,22.17472527472528,15.36043956043956,6.814285714285715,19.064835164835166,0.5549450549450547,78.92307692307692,287.7,3.1615384615384614,53,2,15.03956043956044,29.43736263736264,0,1,5.498123351648352,35,37,9.802087912087911,10,0,0,0,,,,,,,,0.0,0.0,0.0,0.0,74.59507082638173,,,,,,湿润宜居综合型
杭州,2017,春季,30.2741,120.1551,92,16.706521739130434,21.425,12.240217391304348,9.184782608695652,16.329347826086956,-0.3771739130434783,73.75,408.0,4.434782608695652,51,4,15.677173913043475,31.15108695652174,1,2,8.117255102657005,56,20,17.212391304347825,4,0,0,0,,,,,,,,0.0,0.0,0.0,0.0,74.71811063511123,,,,,,湿润宜居综合型
杭州,2017,夏季,30.2741,120.1551,92,27.867391304347827,31.655434782608697,24.63478260869565,7.020652173913043,32.65,4.782608695652174,78.16304347826087,763.8,8.302173913043477,70,7,14.36413043478261,31.768478260869564,0,7,8.770616968599034,63,14,17.357934782608698,61,25,0,0,,,,,,,,0.0,0.0,0.0,0.0,70.46288103989603,,,,40.79530991079084,,湿润宜居综合型
杭州,2017,冬季,30.2741,120.1551,90,6.488888888888889,11.197777777777777,2.295555555555556,8.902222222222223,3.542222222222222,-2.9466666666666663,73.28888888888889,115.7,1.2855555555555556,32,0,13.877777777777778,27.40888888888889,0,1,6.808703827160493,52,22,10.254777777777775,0,0,25,1,,,,,,,,0.0,0.0,0.0,0.0,56.876374571615735,,,,,70.53037667386259,湿润宜居综合型
杭州,2018,秋季,30.2741,120.1551,91,18.571428571428573,22.59450549450549,15.063736263736264,7.530769230769231,19.25604395604396,0.6846153846153846,78.25274725274726,244.3,2.684615384615385,49,0,13.657142857142857,27.042857142857144,1,1,6.83440876068376,45,18,12.015274725274727,11,0,0,0,,,,,,,,0.0,0.0,0.0,0.0,75.98495338422278,,,,,,湿润宜居综合型
杭州,2018,春季,30.2741,120.1551,92,17.669565217391302,22.745652173913044,13.048913043478262,9.696739130434782,17.953260869565216,0.283695652173913,77.71739130434783,354.5,3.853260869565217,52,2,15.003260869565215,30.845652173913045,0,3,6.907577355072464,49,26,14.548369565217392,6,1,1,0,,,,,,,,0.0,0.0,0.0,0.0,74.52520214213838,,,,,,湿润宜居综合型
杭州,2018,夏季,30.2741,120.1551,92,27.32608695652174,31.190217391304348,24.01521739130435,7.175,32.18586956521739,4.859782608695652,81.46739130434783,566.4,6.156521739130435,66,7,15.083695652173914,31.14673913043478,1,3,9.40847234299517,66,12,18.74423913043478,67,6,0,0,,,,,,,,0.0,0.0,0.0,0.0,70.02497148400116,,,,40.844226471556105,,湿润宜居综合型
杭州,2018,冬季,30.2741,120.1551,90,5.164444444444444,9.143333333333333,1.3455555555555556,7.797777777777777,2.085555555555556,-3.078888888888889,77.47777777777777,317.2,3.5244444444444443,52,0,14.384444444444444,28.13888888888889,0,1,4.659404444444444,39,47,7.932666666666667,0,0,36,8,,,,,,,,0.0,0.0,0.0,0.0,53.62709478301399,,,,,64.62488924839205,湿润宜居综合型
杭州,2019,秋季,30.2741,120.1551,91,18.95604395604396,23.38131868131868,15.025274725274723,8.356043956043957,19.419780219780225,0.4637362637362639,75.07692307692308,148.5,1.6318681318681318,35,2,14.510989010989013,28.83516483516484,3,7,7.954879212454212,59,17,13.131208791208792,4,0,0,0,,,,,,,,0.0,0.0,0.0,0.0,77.85452262384116,,,,,,湿润宜居综合型
杭州,2019,春季,30.2741,120.1551,92,16.59565217391304,21.52065217391305,12.117391304347825,9.403260869565218,16.316304347826087,-0.2793478260869565,75.31521739130434,274.2,2.9804347826086954,48,1,15.002173913043478,29.825,0,4,7.10864541062802,47,21,15.58945652173913,5,0,0,0,,,,,,,,0.0,0.0,0.0,0.0,75.49581426942757,,,,,,湿润宜居综合型
杭州,2019,夏季,30.2741,120.1551,92,26.72826086956522,30.430434782608696,23.39565217391305,7.034782608695653,31.16304347826087,4.434782608695652,80.78260869565217,704.8,7.660869565217391,68,8,14.907608695652174,30.819565217391304,3,4,9.057322705314007,64,16,17.98608695652174,53,11,0,0,,,,,,,,0.0,0.0,0.0,0.0,71.93101350566049,,,,44.019929742741205,,湿润宜居综合型
杭州,2019,冬季,30.2741,120.1551,90,6.608888888888888,10.485555555555557,3.0822222222222218,7.403333333333332,3.8144444444444447,-2.7944444444444443,79.92222222222222,309.3,3.436666666666667,48,1,13.763333333333334,27.19111111111111,0,2,4.439318580246914,32,46,7.341333333333334,0,0,12,0,,,,,,,,0.0,0.0,0.0,0.0,54.29738139548556,,,,,69.14766239681923,湿润宜居综合型
杭州,2020,秋季,30.2741,120.1551,91,18.748351648351647,22.72857142857143,15.196703296703298,7.531868131868132,18.953846153846158,0.2054945054945054,74.91208791208791,209.1,2.2978021978021976,46,2,14.296703296703296,28.870329670329667,0,0,6.985966239316239,47,20,11.845274725274724,11,0,0,0,,,,,,,,0.0,0.0,0.0,0.0,77.87435549585662,,,,,,湿润宜居综合型
杭州,2020,春季,30.2741,120.1551,92,17.039130434782606,21.84130434782609,12.588043478260868,9.253260869565215,16.705434782608698,-0.3336956521739133,73.80434782608695,417.7,4.540217391304347,52,4,15.705434782608696,31.972826086956523,2,5,7.153648309178744,47,24,15.633260869565218,7,0,0,0,,,,,,,,0.0,0.0,0.0,0.0,75.1806580820717,,,,,,湿润宜居综合型
杭州,2020,夏季,30.2741,120.1551,92,27.73695652173913,31.458695652173912,24.57717391304348,6.881521739130435,32.62826086956522,4.891304347826087,80.69565217391305,1017.2,11.056521739130435,70,12,14.209782608695653,32.48695652173913,1,3,7.134455495169082,44,19,15.879565217391304,57,18,0,0,,,,,,,,0.0,0.0,0.0,0.0,70.16259541508984,,,,39.9686222611044,,湿润宜居综合型
杭州,2020,冬季,30.2741,120.1551,91,7.216483516483517,11.326373626373629,3.6329670329670334,7.693406593406594,4.47032967032967,-2.7461538461538457,77.50549450549451,275.6,3.028571428571429,46,1,14.663736263736263,28.84945054945055,1,7,5.148981929181929,30,34,8.293186813186813,0,0,16,2,,,,,,,,0.0,0.0,0.0,0.0,56.776994118334166,,,,,69.77390377934859,湿润宜居综合型
杭州,2021,秋季,30.2741,120.1551,91,19.436263736263736,23.85604395604396,15.554945054945057,8.3010989010989,20.51978021978022,1.0835164835164834,78.41758241758242,332.4,3.6527472527472526,47,3,14.993406593406595,29.405494505494502,2,7,7.591017826617826,51,14,12.958241758241758,23,0,0,0,,,,,,,,0.0,0.0,0.0,0.0,73.41427595805455,,,,,,湿润宜居综合型
杭州,2021,春季,30.2741,120.1551,92,17.369565217391305,21.73152173913044,13.472826086956522,8.258695652173913,17.315217391304348,-0.0543478260869566,76.84782608695652,448.2,4.871739130434783,59,4,15.545652173913044,31.730434782608693,0,2,6.517525664251208,41,27,14.65358695652174,8,0,0,0,,,,,,,,0.0,0.0,0.0,0.0,74.92248422817518,,,,,,湿润宜居综合型
杭州,2021,夏季,30.2741,120.1551,92,27.15,30.665217391304346,24.23695652173913,6.428260869565217,32.12934782608696,4.979347826086956,83.80434782608695,1056.7,11.485869565217392,70,15,14.721739130434784,31.588043478260868,2,6,7.908345833333334,53,16,16.929239130434784,58,5,0,0,,,,,,,,0.0,0.0,0.0,0.0,70.09675924885815,,,,40.65843080815755,,湿润宜居综合型
杭州,2021,冬季,30.2741,120.1551,90,7.612222222222223,13.045555555555554,3.081111111111112,9.964444444444444,4.715555555555556,-2.8966666666666665,69.43333333333334,107.5,1.1944444444444444,27,0,14.353333333333332,27.664444444444445,0,0,7.094378518518519,54,21,10.612555555555556,0,0,24,5,,,,,,,,0.0,0.0,0.0,0.0,59.75170376425465,,,,,71.46732260289755,湿润宜居综合型
杭州,2022,秋季,30.2741,120.1551,91,19.056043956043958,23.287912087912087,15.312087912087913,7.975824175824175,19.44065934065934,0.3846153846153847,77.01098901098901,233.3,2.563736263736264,47,0,15.767032967032966,30.140659340659344,2,6,6.643420024420025,48,26,11.934505494505494,8,2,0,0,,,,,,,,0.0,0.0,0.0,0.0,77.27078353190306,,,,,,湿润宜居综合型
杭州,2022,春季,30.2741,120.1551,92,16.757608695652173,21.65434782608696,12.305434782608694,9.34891304347826,16.531521739130437,-0.2260869565217391,77.0,460.2,5.002173913043478,58,5,15.25,28.660869565217396,0,2,6.624405102657005,44,29,14.985,3,0,0,0,,,,,,,,0.0,0.0,0.0,0.0,75.73484520431927,,,,,,湿润宜居综合型
杭州,2022,夏季,30.2741,120.1551,92,29.51630434782609,33.93043478260869,25.688043478260877,8.242391304347825,34.582608695652176,5.066304347826087,73.84782608695652,423.4,4.602173913043478,62,3,15.214130434782607,30.88804347826087,0,2,9.822683605072465,70,8,19.96445652173913,74,42,0,0,,,,,,,,0.0,0.0,0.0,0.0,68.09012824535412,,,,37.25462808279328,,湿润宜居综合型
杭州,2022,冬季,30.2741,120.1551,90,5.046666666666667,8.836666666666666,1.5777777777777775,7.258888888888888,1.8633333333333333,-3.183333333333333,76.84444444444445,307.5,3.4166666666666665,51,1,14.346666666666668,27.063333333333333,1,1,4.465805216049383,30,45,7.702999999999999,0,0,26,1,,,,,,,,0.0,0.0,0.0,0.0,52.67065426376242,,,,,66.43134456814212,湿润宜居综合型
杭州,2023,秋季,30.2741,120.1551,91,19.248351648351647,24.13736263736264,14.81098901098901,9.326373626373629,20.15274725274725,0.9043956043956044,76.51648351648352,198.5,2.181318681318681,43,2,13.53956043956044,25.298901098901094,0,1,7.716637942612942,55,17,13.114615384615384,14,0,0,0,45.8201923076923,68.8853021978022,845.5833333333333,49.63571428571429,34.699587912087914,32.765567765567766,1.612179487179487,31.0,7.0,3.0,3.0,76.5382625055777,89.58073652211215,80.45100471053803,10.419263477887846,,,湿润宜居综合型
杭州,2023,春季,30.2741,120.1551,92,17.195652173913043,22.221739130434784,12.63804347826087,9.583695652173914,16.843478260869563,-0.3521739130434781,72.79347826086956,308.4,3.3521739130434782,47,3,15.55,29.691304347826087,0,2,6.730330042270531,45,26,15.179130434782609,9,0,0,0,48.0504981884058,70.71920289855073,726.7903079710144,49.06182065217392,48.942663043478255,40.61865942028985,3.091485507246377,22.0,6.0,6.0,0.0,75.68818025252027,88.85642262961981,79.63865296565014,11.14357737038019,,,湿润宜居综合型
杭州,2023,夏季,30.2741,120.1551,92,27.444565217391304,31.460869565217397,24.168478260869566,7.2923913043478255,32.47391304347826,5.029347826086957,81.73913043478261,758.4,8.243478260869566,76,9,14.454347826086956,29.62826086956522,0,2,8.17599888285024,53,12,17.6,73,11,0,0,47.85516304347826,70.14053442028985,683.0570652173913,46.753125,30.295516304347824,71.01132246376812,1.2001811594202898,32.0,10.0,3.0,13.0,70.63747174366465,87.87252583727933,75.80798797174904,12.127474162720675,38.97020207398664,,湿润宜居综合型
杭州,2023,冬季,30.2741,120.1551,90,6.421111111111111,11.525555555555554,2.114444444444445,9.411111111111111,3.3622222222222224,-3.058888888888889,72.26666666666667,173.8,1.9311111111111112,33,1,14.993333333333334,28.43777777777778,0,2,6.675262469135802,51,22,10.132444444444443,0,0,28,5,57.82282407407408,85.16703703703703,1412.8800925925923,55.41037037037037,55.417314814814816,18.44074074074074,1.2023148148148148,24.0,23.0,2.0,0.0,57.2327276088074,87.73208165387832,66.38253382232868,12.26791834612168,,73.96604467840065,湿润宜居综合型
杭州,2024,秋季,30.2741,120.1551,91,20.0989010989011,24.06923076923077,16.667032967032966,7.402197802197802,21.22197802197802,1.1230769230769229,78.36263736263736,306.7,3.3703296703296703,54,2,16.1010989010989,31.19450549450549,1,2,6.991859371184371,48,22,12.252857142857144,18,6,0,0,37.783836996337,53.77706043956044,714.0851648351648,44.25961538461539,30.68891941391941,35.63003663003663,1.4862637362637363,46.0,4.0,2.0,3.0,74.71991601986386,90.87361950823238,79.56602706637442,9.126380491767623,,,湿润宜居综合型
杭州,2024,春季,30.2741,120.1551,92,17.07282608695652,22.34021739130435,12.43586956521739,9.904347826086957,17.121739130434783,0.0489130434782611,77.79347826086956,455.8,4.9543478260869565,59,3,15.31086956521739,28.88913043478261,0,2,6.856922584541063,43,24,15.453478260869565,5,0,2,0,47.24610507246376,71.62210144927536,758.195652173913,43.2754981884058,28.279393115942025,45.15760869565217,4.978260869565218,28.0,4.0,12.0,2.0,76.06180727488905,89.30876111328031,80.03589342640642,10.691238886719688,,,湿润宜居综合型
杭州,2024,夏季,30.2741,120.1551,92,29.00108695652174,33.528260869565216,25.10108695652174,8.427173913043479,33.75869565217391,4.757608695652174,74.05434782608695,648.9,7.053260869565217,60,9,15.333695652173914,30.567391304347822,1,4,8.611918448067632,66,19,18.43967391304348,69,43,0,0,41.45031702898551,60.61820652173913,522.1385869565217,36.26548913043479,21.22785326086956,87.8899456521739,0.6657608695652174,37.0,3.0,0.0,27.0,68.6913916751085,88.62443012684189,74.67130321062851,11.3755698731581,38.47851890447661,,湿润宜居综合型
杭州,2024,冬季,30.2741,120.1551,91,6.326373626373627,11.220879120879122,2.031868131868132,9.18901098901099,3.3098901098901097,-3.0164835164835164,73.42857142857143,227.4,2.498901098901099,42,0,13.876923076923076,27.575824175824177,1,1,6.390328907203907,54,28,9.648791208791208,0,0,27,1,65.92174908424909,83.55343406593407,1115.8498168498168,47.38539377289377,55.17417582417583,21.740842490842493,1.4871794871794872,21.0,40.0,1.0,0.0,56.323656952491326,87.49504162168584,65.67507235324967,12.50495837831416,,74.11138503889076,湿润宜居综合型
杭州,2025,秋季,30.2741,120.1551,91,21.23076923076923,25.91318681318681,17.678021978021977,8.235164835164836,23.11868131868132,1.887912087912088,75.10989010989012,355.6,3.907692307692308,56,2,12.361538461538462,29.90989010989011,0,4,7.227180555555556,50,19,12.70153846153846,40,11,0,0,53.999771062271066,56.463644688644685,802.7408424908425,51.14047619047619,41.19752747252747,43.1510989010989,2.3237179487179485,19.0,19.0,8.0,7.0,72.3552707857229,88.28554938497237,77.13435436549773,11.714450615027632,,,湿润宜居综合型
杭州,2025,春季,30.2741,120.1551,92,18.88804347826087,24.60217391304348,13.514130434782608,11.08804347826087,18.27608695652174,-0.6119565217391303,62.04347826086956,324.8,3.530434782608696,44,2,15.097826086956522,36.256521739130434,1,9,8.032320803140097,57,20,17.196195652173913,25,2,0,0,56.047463768115946,66.4381793478261,672.7241847826087,45.85289855072463,35.38269927536232,66.38677536231884,18.069746376811597,18.0,18.0,52.0,5.0,77.7613017596278,87.28700122802849,80.619011600148,12.712998771971508,,,湿润宜居综合型
杭州,2025,夏季,30.2741,120.1551,92,28.936956521739127,33.73586956521739,25.05978260869565,8.67608695652174,33.725,4.788043478260869,74.51086956521739,705.2,7.665217391304348,72,7,14.208695652173914,34.73586956521739,0,6,9.351998973429952,66,12,19.31304347826087,75,39,0,0,41.19479166666667,42.75434782608696,578.5221920289855,42.42024456521739,31.493115942028982,76.74184782608695,2.1408514492753623,45.0,6.0,6.0,22.0,68.75953636039053,88.87546065865791,74.79431364987073,11.124539341342087,38.26094430548474,,湿润宜居综合型
杭州,2025,冬季,30.2741,120.1551,90,7.665555555555556,12.922222222222222,2.9211111111111108,10.001111111111111,4.711111111111111,-2.954444444444444,62.93333333333333,82.3,0.9144444444444444,27,0,12.533333333333331,29.203333333333337,0,1,7.151782222222222,55,20,10.853222222222222,0,0,19,1,90.24601851851853,93.64277777777778,1252.039351851852,52.967638888888885,77.26231481481481,25.750925925925927,3.323148148148148,7.0,54.0,8.0,0.0,60.0719194470212,84.0218814421645,67.25690804556417,15.9781185578355,,76.21311060431314,湿润宜居综合型
桂林,2016,秋季,25.2736,110.29,91,21.5010989010989,25.55164835164835,18.042857142857144,7.50879120879121,22.531868131868134,1.0307692307692309,72.12087912087912,268.2,2.947252747252747,39,1,13.804395604395603,32.98021978021978,0,3,7.672121642246642,57,19,12.794175824175824,26,0,0,0,,,,,,,,0.0,0.0,0.0,0.0,78.76606916289158,,,,,,滨海暖冬度假型
桂林,2016,春季,25.2736,110.29,92,19.708695652173912,23.154347826086955,16.655434782608694,6.498913043478261,21.317391304347822,1.608695652173913,82.98913043478261,1166.2,12.67608695652174,72,15,11.98804347826087,34.2,0,6,4.674788043478261,25,45,10.677717391304348,3,0,0,0,,,,,,,,0.0,0.0,0.0,0.0,77.2980495588248,,,,,,滨海暖冬度假型
桂林,2016,夏季,25.2736,110.29,92,27.194565217391304,30.642391304347825,24.40217391304348,6.240217391304348,32.27065217391304,5.076086956521739,81.70652173913044,639.9,6.955434782608696,70,8,11.590217391304348,31.345652173913045,0,6,9.094018961352656,65,12,16.814239130434782,65,1,0,0,,,,,,,,0.0,0.0,0.0,0.0,70.67485954447555,,,,40.88344413853155,,滨海暖冬度假型
桂林,2016,冬季,25.2736,110.29,91,10.649450549450547,14.67032967032967,7.135164835164835,7.535164835164836,8.569230769230769,-2.0802197802197804,73.41758241758242,270.8,2.975824175824176,49,1,12.526373626373628,30.87692307692308,0,4,5.988435592185591,44,29,9.65153846153846,0,0,1,0,,,,,,,,0.0,0.0,0.0,0.0,64.63294137432214,,,,,76.39557748214057,滨海暖冬度假型
桂林,2017,秋季,25.2736,110.29,91,21.067032967032965,24.787912087912087,18.065934065934066,6.721978021978022,21.72967032967033,0.6626373626373626,71.7032967032967,202.2,2.221978021978022,54,1,17.214285714285715,33.60769230769231,2,7,8.141035866910867,59,14,13.489230769230767,27,0,0,0,,,,,,,,0.0,0.0,0.0,0.0,76.22473345049104,,,,,,滨海暖冬度假型
桂林,2017,春季,25.2736,110.29,92,18.545652173913044,22.367391304347827,15.201086956521738,7.166304347826087,19.03695652173913,0.4913043478260869,79.54347826086956,934.7,10.159782608695652,70,8,16.375,34.368478260869566,0,8,5.876545138888889,35,35,13.286304347826086,5,0,0,0,,,,,,,,0.0,0.0,0.0,0.0,75.25473548178967,,,,,,滨海暖冬度假型
桂林,2017,夏季,25.2736,110.29,92,26.445652173913043,29.668478260869566,23.88695652173913,5.781521739130435,31.469565217391303,5.02391304347826,85.55434782608695,1326.6,14.419565217391304,85,17,13.007608695652175,31.71521739130435,0,2,7.456053260869566,49,20,15.069347826086958,45,0,0,0,,,,,,,,0.0,0.0,0.0,0.0,70.75471934403714,,,,42.73871177662254,,滨海暖冬度假型
桂林,2017,冬季,25.2736,110.29,90,10.863333333333332,14.866666666666667,7.763333333333334,7.103333333333333,8.034444444444444,-2.828888888888889,69.16666666666667,208.3,2.3144444444444447,43,1,17.62666666666667,33.66222222222222,0,2,5.8111550925925926,44,31,9.57577777777778,0,0,0,0,,,,,,,,0.0,0.0,0.0,0.0,63.94289961764264,,,,,76.09582528707186,滨海暖冬度假型
桂林,2018,秋季,25.2736,110.29,91,19.71538461538461,23.53956043956044,16.607692307692307,6.931868131868131,20.082417582417584,0.3670329670329672,74.62637362637362,484.9,5.328571428571428,55,4,16.245054945054946,31.88791208791209,2,2,7.390294627594628,55,22,13.456263736263736,12,0,0,0,,,,,,,,0.0,0.0,0.0,0.0,77.02217035619456,,,,,,滨海暖冬度假型
桂林,2018,春季,25.2736,110.29,92,20.17717391304348,24.175,16.619565217391305,7.555434782608696,21.44891304347826,1.2717391304347827,80.41304347826087,738.4,8.02608695652174,74,3,16.39782608695652,36.29565217391304,1,15,6.49702032004831,41,29,13.282065217391304,7,0,0,0,,,,,,,,0.0,0.0,0.0,0.0,76.72397051894066,,,,,,滨海暖冬度假型
桂林,2018,夏季,25.2736,110.29,92,27.119565217391305,30.68586956521739,24.032608695652176,6.653260869565218,32.02608695652174,4.906521739130435,81.55434782608695,569.5,6.190217391304348,82,4,13.335869565217392,30.35108695652174,0,0,9.71741856884058,71,7,18.680108695652173,70,0,0,0,,,,,,,,0.0,0.0,0.0,0.0,71.22180272342197,,,,41.04392733399677,,滨海暖冬度假型
桂林,2018,冬季,25.2736,110.29,90,8.612222222222222,12.024444444444445,5.957777777777778,6.066666666666666,5.5,-3.1122222222222224,73.57777777777778,371.9,4.132222222222222,59,2,18.3,34.913333333333334,0,6,3.7688760802469137,24,50,7.324777777777778,0,0,9,0,,,,,,,,0.0,0.0,0.0,0.0,58.79162140009619,,,,,70.46333638561848,滨海暖冬度假型
桂林,2019,秋季,25.2736,110.29,91,21.58681318681319,26.345054945054947,17.65714285714286,8.687912087912089,21.696703296703294,0.1098901098901097,63.87912087912088,125.5,1.379120879120879,39,1,16.25934065934066,32.20989010989011,2,3,8.759879395604397,68,12,15.312417582417584,34,0,0,0,,,,,,,,0.0,0.0,0.0,0.0,79.02062560320995,,,,,,滨海暖冬度假型
桂林,2019,春季,25.2736,110.29,92,19.14782608695652,23.32717391304348,15.84891304347826,7.478260869565218,20.205434782608695,1.0576086956521735,83.1086956521739,1120.8,12.182608695652174,84,10,15.959782608695653,34.25326086956522,1,6,5.509454710144928,27,31,12.738804347826088,5,0,0,0,,,,,,,,0.0,0.0,0.0,0.0,75.13959178503497,,,,,,滨海暖冬度假型
桂林,2019,夏季,25.2736,110.29,92,27.319565217391304,30.844565217391303,24.15652173913044,6.68804347826087,32.61195652173913,5.2923913043478255,83.19565217391305,1427.2,15.51304347826087,84,15,13.183695652173911,30.875,1,2,9.031034118357487,64,12,18.042826086956524,63,0,0,0,,,,,,,,0.0,0.0,0.0,0.0,69.4590711375594,,,,39.92773656530412,,滨海暖冬度假型
桂林,2019,冬季,25.2736,110.29,90,9.052222222222223,13.318888888888887,5.757777777777778,7.561111111111111,6.069999999999999,-2.982222222222222,76.12222222222222,408.4,4.5377777777777775,64,2,18.486666666666665,34.66888888888889,0,3,4.217015277777778,26,45,8.32611111111111,0,0,2,0,,,,,,,,0.0,0.0,0.0,0.0,58.73351964799359,,,,,71.72409154283498,滨海暖冬度假型
桂林,2020,秋季,25.2736,110.29,91,19.569230769230767,23.20769230769231,16.874725274725275,6.332967032967033,19.667032967032966,0.0978021978021979,74.50549450549451,322.3,3.541758241758242,50,4,18.069230769230767,34.87472527472527,0,1,7.319548382173382,52,18,13.075054945054944,8,0,0,0,,,,,,,,0.0,0.0,0.0,0.0,77.70292872779294,,,,,,滨海暖冬度假型
桂林,2020,春季,25.2736,110.29,92,19.40652173913044,23.430434782608696,15.960869565217392,7.469565217391305,20.317391304347822,0.9108695652173912,80.28260869565217,1051.5,11.429347826086955,78,16,16.096739130434784,34.323913043478264,0,5,6.32170157004831,31,23,13.99032608695652,8,0,0,0,,,,,,,,0.0,0.0,0.0,0.0,75.51445703661022,,,,,,滨海暖冬度假型
桂林,2020,夏季,25.2736,110.29,92,27.26086956521739,30.578260869565216,24.45,6.128260869565218,32.417391304347824,5.156521739130435,84.06521739130434,1322.0,14.369565217391305,85,18,13.964130434782607,36.06739130434782,0,12,9.013195380434782,66,19,17.461739130434783,68,0,0,0,,,,,,,,0.0,0.0,0.0,0.0,68.7295241988173,,,,39.58186596827379,,滨海暖冬度假型
桂林,2020,冬季,25.2736,110.29,91,10.534065934065934,14.531868131868134,7.393406593406593,7.138461538461539,7.923076923076923,-2.610989010989011,74.34065934065934,453.5,4.983516483516484,53,5,18.22967032967033,34.754945054945054,0,4,5.615611019536019,42,35,9.693296703296705,0,0,0,0,,,,,,,,0.0,0.0,0.0,0.0,62.841653965708886,,,,,74.73294174491593,滨海暖冬度假型
桂林,2021,秋季,25.2736,110.29,91,21.316483516483515,25.151648351648355,17.9967032967033,7.154945054945055,22.12087912087912,0.8043956043956045,70.35164835164835,568.5,6.247252747252747,64,8,15.941758241758242,31.395604395604398,1,7,7.453568376068375,56,23,13.487252747252748,37,5,0,0,,,,,,,,0.0,0.0,0.0,0.0,73.97106588567858,,,,,,滨海暖冬度假型
桂林,2021,春季,25.2736,110.29,92,19.157608695652176,22.90108695652174,16.181521739130435,6.719565217391305,20.269565217391303,1.1119565217391305,84.92391304347827,1110.4,12.069565217391306,86,11,16.42608695652174,35.642391304347825,0,9,4.782200211352657,26,37,11.547391304347824,5,0,0,0,,,,,,,,0.0,0.0,0.0,0.0,74.38544339676612,,,,,,滨海暖冬度假型
桂林,2021,夏季,25.2736,110.29,92,27.940217391304348,31.671739130434784,24.52065217391305,7.1510869565217385,33.06630434782608,5.126086956521739,79.33695652173913,717.0,7.793478260869565,81,8,12.906521739130437,30.269565217391307,0,2,10.231109178743962,73,8,19.84130434782609,77,5,0,0,,,,,,,,0.0,0.0,0.0,0.0,69.47186447063982,,,,39.04030680487493,,滨海暖冬度假型
桂林,2021,冬季,25.2736,110.29,90,11.673333333333332,16.61111111111111,7.517777777777778,9.093333333333334,9.103333333333332,-2.5700000000000003,65.0,147.7,1.641111111111111,33,2,16.197777777777777,30.793333333333333,0,0,6.775663271604937,48,21,10.928666666666668,0,0,4,0,,,,,,,,0.0,0.0,0.0,0.0,67.63972903188018,,,,,77.88949907368472,滨海暖冬度假型
桂林,2022,秋季,25.2736,110.29,91,23.50989010989011,28.43186813186813,19.34065934065934,9.09120879120879,23.13296703296703,-0.3769230769230769,55.53846153846154,199.4,2.1912087912087914,28,3,17.97032967032967,34.61538461538461,1,4,8.774002747252748,71,14,15.844505494505494,42,6,0,0,,,,,,,,0.0,0.0,0.0,0.0,79.43028764735448,,,,,,滨海暖冬度假型
桂林,2022,春季,25.2736,110.29,92,19.02173913043478,23.28695652173913,15.376086956521736,7.910869565217391,19.76521739130435,0.7434782608695649,80.33695652173913,1115.2,12.121739130434785,70,15,15.527173913043478,29.88913043478261,0,1,5.337442844202898,25,37,13.190978260869564,0,0,0,0,,,,,,,,0.0,0.0,0.0,0.0,77.82330161993467,,,,,,滨海暖冬度假型
桂林,2022,夏季,25.2736,110.29,92,27.49673913043478,31.457608695652173,24.22608695652174,7.231521739130434,32.50434782608696,5.0076086956521735,81.03260869565217,1297.6,14.104347826086956,78,17,13.655434782608696,28.90869565217391,0,0,8.962422463768116,62,13,18.85315217391304,69,5,0,0,,,,,,,,0.0,0.0,0.0,0.0,69.95547574316107,,,,39.74742923958864,,滨海暖冬度假型
桂林,2022,冬季,25.2736,110.29,90,7.977777777777778,11.763333333333334,5.07,6.693333333333333,4.568888888888889,-3.408888888888889,73.9,437.2,4.857777777777778,53,4,18.23111111111111,33.33888888888889,2,2,4.481837283950617,29,42,8.56188888888889,0,0,0,0,,,,,,,,0.0,0.0,0.0,0.0,57.03293048916251,,,,,71.77067744383874,滨海暖冬度假型
桂林,2023,秋季,25.2736,110.29,91,21.802197802197803,26.043956043956044,18.290109890109893,7.753846153846154,23.06263736263736,1.2604395604395604,74.2967032967033,417.2,4.584615384615384,52,4,16.432967032967035,30.805494505494508,0,1,8.452431868131868,63,13,14.791318681318682,28,0,0,0,17.34610805860806,25.44253663003663,370.7586996336996,8.767261904761904,8.44084249084249,68.13141025641025,0.2751831501831501,90.0,0.0,0.0,2.0,78.63594678605384,94.11846566917426,83.28070245098996,5.881534330825737,,,滨海暖冬度假型
桂林,2023,春季,25.2736,110.29,92,19.69782608695652,24.05652173913043,16.039130434782606,8.017391304347827,20.567391304347822,0.8695652173913043,79.1413043478261,1245.0,13.532608695652174,74,16,16.893478260869564,32.83695652173913,0,3,6.129881400966184,33,25,14.102826086956522,9,0,0,0,29.102717391304346,42.09180253623188,403.1834239130435,13.370923913043478,10.570018115942029,69.88315217391305,0.6829710144927537,67.0,0.0,1.0,0.0,77.12914194521586,92.38369385010368,81.7055075166822,7.616306149896338,,,滨海暖冬度假型
桂林,2023,夏季,25.2736,110.29,92,27.72826086956522,31.696739130434786,24.39130434782609,7.305434782608696,32.70326086956521,4.975,79.79347826086956,917.2,9.969565217391304,82,12,14.454347826086956,29.785869565217396,0,1,9.775723037439612,70,5,20.100652173913044,74,4,0,0,17.52649456521739,25.487817028985507,245.7866847826087,8.334103260869565,7.1861865942029,76.33967391304348,0.238677536231884,92.0,0.0,0.0,5.0,70.32413438211115,93.86112996564496,77.38523305717129,6.13887003435505,39.54111724272321,,滨海暖冬度假型
桂林,2023,冬季,25.2736,110.29,90,10.581111111111111,15.125555555555556,6.866666666666666,8.25888888888889,7.872222222222222,-2.708888888888889,69.56666666666666,307.5,3.4166666666666665,43,1,17.89888888888889,32.79,2,7,5.62135012345679,40,34,10.189,0,0,3,0,29.846342592592592,43.22157407407407,626.8652777777778,12.231064814814816,16.256435185185186,59.61203703703704,0.4037037037037037,59.0,0.0,0.0,1.0,64.00069689064861,92.54873125602596,72.56510720026182,7.451268743974036,,79.5961100586538,滨海暖冬度假型
桂林,2024,秋季,25.2736,110.29,91,22.486813186813187,27.021978021978025,18.95604395604396,8.065934065934066,22.88791208791209,0.401098901098901,65.23076923076923,181.7,1.9967032967032965,33,0,18.0989010989011,36.44285714285714,0,5,9.302035958485956,71,3,15.745384615384614,32,0,0,0,19.695924908424907,27.292399267399265,360.5004578754578,7.389102564102564,7.832783882783882,72.28525641025641,0.3141025641025641,85.0,0.0,0.0,4.0,80.14510682050242,93.75352514742464,84.22763231857908,6.2464748525753535,,,滨海暖冬度假型
桂林,2024,春季,25.2736,110.29,92,20.330434782608695,24.506521739130434,16.94891304347826,7.557608695652173,21.670652173913044,1.340217391304348,81.31521739130434,1592.6,17.31086956521739,79,20,16.860869565217392,32.6554347826087,0,1,6.261280012077294,34,29,14.187608695652171,6,0,0,0,20.29782608695652,30.13673007246377,370.6272644927536,8.334601449275363,5.719882246376812,70.01449275362319,1.5303442028985506,87.0,0.0,3.0,2.0,77.24415022796741,93.74686445664828,82.19496449657166,6.253135543351723,,,滨海暖冬度假型
桂林,2024,夏季,25.2736,110.29,92,27.39021739130435,31.08695652173913,24.325,6.761956521739131,32.380434782608695,4.990217391304348,82.27173913043478,1242.5,13.505434782608695,84,19,14.777173913043478,31.120652173913044,0,0,8.873410809178745,62,15,18.64163043478261,64,6,0,0,14.276766304347827,20.860733695652176,238.2355072463768,7.234239130434782,7.662273550724637,72.12635869565217,0.0529891304347826,92.0,0.0,0.0,1.0,69.76477229178293,94.49542705518644,77.18396872080397,5.504572944813543,40.23904173418861,,滨海暖冬度假型
桂林,2024,冬季,25.2736,110.29,91,10.108791208791208,14.337362637362638,6.807692307692308,7.52967032967033,7.228571428571428,-2.88021978021978,70.74725274725274,555.2,6.101098901098902,56,7,17.939560439560438,35.43736263736264,0,6,4.461736172161172,23,42,8.55879120879121,0,0,6,0,26.0724358974359,32.08168498168498,538.9358974358975,10.032371794871796,13.838690476190475,61.54487179487179,0.320054945054945,69.0,0.0,0.0,0.0,62.14713256007393,93.19478271196508,71.46142760564128,6.805217288034925,,77.88070788499688,滨海暖冬度假型
桂林,2025,秋季,25.2736,110.29,91,22.345054945054947,27.19120879120879,18.494505494505493,8.696703296703296,23.43956043956044,1.0945054945054948,67.74725274725274,244.2,2.6835164835164838,49,3,14.630769230769232,35.68571428571428,0,10,8.404124358974359,66,11,14.728791208791208,42,7,0,0,17.988827838827838,18.301007326007326,360.4826007326007,11.064514652014651,8.472161172161172,66.62133699633699,0.3186813186813186,88.0,0.0,0.0,0.0,76.3270216970422,94.1114972594536,81.66236436576561,5.888502740546426,,,滨海暖冬度假型
桂林,2025,春季,25.2736,110.29,92,19.971739130434784,25.29565217391304,15.854347826086956,9.441304347826089,20.878260869565217,0.9065217391304348,74.08695652173913,1097.2,11.92608695652174,66,16,14.290217391304347,34.31521739130435,1,9,6.606748882850241,37,23,14.957826086956524,16,0,0,0,28.68550724637681,35.42024456521739,394.870018115942,11.111458333333331,6.052083333333333,82.54076086956522,12.379076086956522,70.0,4.0,29.0,13.0,78.10425437095294,92.06490640788516,82.29244998203261,7.935093592114833,,,滨海暖冬度假型
桂林,2025,夏季,25.2736,110.29,92,28.02391304347826,32.93586956521739,24.172826086956523,8.76304347826087,33.14891304347826,5.125000000000001,78.6304347826087,920.8,10.008695652173913,84,14,12.047826086956524,33.2945652173913,0,5,9.568540157004833,66,8,19.93336956521739,80,21,0,0,16.14800724637681,16.47576992753623,299.2160326086956,10.87644927536232,3.904755434782609,71.99954710144927,0.3048007246376811,92.0,0.0,0.0,1.0,69.75850921886308,94.19498264716086,77.08945124735241,5.805017352839143,38.30141630632088,,滨海暖冬度假型
桂林,2025,冬季,25.2736,110.29,90,12.036666666666664,16.874444444444446,8.19,8.684444444444445,9.505555555555556,-2.531111111111111,62.45555555555556,244.7,2.718888888888889,42,1,14.511111111111113,32.50666666666667,0,5,5.524411296296297,41,33,9.803777777777778,0,0,0,0,35.78791666666667,36.73398148148148,617.2939814814815,13.119907407407409,17.707638888888887,68.25555555555556,1.5324074074074072,39.0,0.0,0.0,1.0,67.28257532272501,91.566544736317,74.56776614680261,8.433455263682982,,81.07352847075758,滨海暖冬度假型
海口,2016,秋季,20.044,110.1999,91,25.924175824175823,27.708791208791208,24.50989010989011,3.198901098901099,28.95384615384616,3.0296703296703296,83.63736263736264,542.6,5.962637362637363,69,3,23.55934065934066,37.29450549450549,21,17,8.462364133089133,63,10,14.2878021978022,15,0,0,0,,,,,,,,0.0,0.0,0.0,0.0,72.5289937922599,,,,,,滨海暖冬度假型
海口,2016,春季,20.044,110.1999,92,25.267391304347825,28.39891304347826,23.061956521739127,5.336956521739131,28.370652173913044,3.1032608695652173,82.32608695652173,255.4,2.776086956521739,48,2,21.72826086956522,33.095652173913045,2,2,10.106785628019324,77,7,19.99423913043478,38,0,0,0,,,,,,,,0.0,0.0,0.0,0.0,72.62997933044996,,,,,,滨海暖冬度假型
海口,2016,夏季,20.044,110.1999,92,29.02717391304348,31.59130434782609,27.18152173913043,4.409782608695652,34.48695652173913,5.459782608695653,82.03260869565217,705.6999999999999,7.670652173913043,68,5,18.66521739130435,30.29891304347826,5,3,10.3195009057971,75,7,20.477934782608692,77,0,0,0,,,,,,,,0.0,0.0,0.0,0.0,65.22900788813853,,,,35.92418247038131,,滨海暖冬度假型
海口,2016,冬季,20.044,110.1999,91,19.17912087912088,21.04945054945055,17.636263736263736,3.4131868131868126,18.5032967032967,-0.6758241758241759,80.53846153846153,199.4,2.1912087912087914,49,1,24.917582417582416,39.21868131868132,14,7,5.640113278388278,33,33,10.197912087912089,0,0,0,0,,,,,,,,0.0,0.0,0.0,0.0,77.7044589566649,,,,,80.09944876100526,滨海暖冬度假型
海口,2017,秋季,20.044,110.1999,91,25.468131868131863,27.45604395604396,23.78241758241758,3.673626373626374,28.54615384615384,3.078021978021978,83.35164835164835,489.7,5.381318681318681,69,5,22.47472527472528,41.64065934065934,17,22,7.783473992673992,61,19,14.35098901098901,25,0,0,0,,,,,,,,0.0,0.0,0.0,0.0,73.34138813313949,,,,,,滨海暖冬度假型
海口,2017,春季,20.044,110.1999,92,25.083695652173912,28.18586956521739,22.630434782608692,5.555434782608696,28.094565217391303,3.010869565217391,82.73913043478261,286.6,3.115217391304348,66,0,21.17608695652174,39.42934782608695,3,7,9.66415120772947,73,9,18.330434782608695,26,2,0,0,,,,,,,,0.0,0.0,0.0,0.0,74.4976790279512,,,,,,滨海暖冬度假型
海口,2017,夏季,20.044,110.1999,92,28.55217391304348,31.464130434782607,26.317391304347822,5.146739130434782,33.8945652173913,5.342391304347825,83.28260869565217,541.0,5.880434782608695,83,2,18.59130434782609,37.05,1,5,10.6681827294686,80,3,20.47043478260869,72,1,0,0,,,,,,,,0.0,0.0,0.0,0.0,66.08823984429974,,,,37.562229109251085,,滨海暖冬度假型
海口,2017,冬季,20.044,110.1999,90,19.43888888888889,21.528888888888886,17.68111111111111,3.847777777777778,19.03555555555556,-0.403333333333333,80.96666666666667,60.1,0.6677777777777778,49,0,24.39777777777778,43.98888888888889,10,21,6.756998888888889,46,20,11.594222222222225,0,0,0,0,,,,,,,,0.0,0.0,0.0,0.0,79.10866431592913,,,,,81.22443439186107,滨海暖冬度假型
海口,2018,秋季,20.044,110.1999,91,25.517582417582418,28.029670329670328,23.445054945054945,4.584615384615384,28.83076923076923,3.3131868131868134,82.67032967032966,277.9,3.0538461538461537,77,2,19.71318681318681,36.37032967032967,2,4,9.61287106227106,77,7,16.35934065934066,13,0,0,0,,,,,,,,0.0,0.0,0.0,0.0,74.79898447283806,,,,,,滨海暖冬度假型
海口,2018,春季,20.044,110.1999,92,25.230434782608693,28.74347826086957,22.301086956521736,6.442391304347827,28.21195652173913,2.981521739130435,80.47826086956522,200.9,2.1836956521739133,62,0,20.590217391304343,37.721739130434784,2,5,10.621738134057972,83,5,19.639347826086954,40,2,0,0,,,,,,,,0.0,0.0,0.0,0.0,74.32193730702207,,,,,,滨海暖冬度假型
海口,2018,夏季,20.044,110.1999,92,27.98804347826087,30.494565217391305,26.040217391304346,4.4543478260869565,33.13913043478261,5.1510869565217385,85.71739130434783,1233.0,13.402173913043478,90,14,19.943478260869565,38.64347826086957,11,15,8.869814794685992,64,14,17.571521739130436,58,0,0,0,,,,,,,,0.0,0.0,0.0,0.0,66.39041644318807,,,,38.80327716790924,,滨海暖冬度假型
海口,2018,冬季,20.044,110.1999,90,19.16555555555556,21.466666666666665,17.244444444444444,4.222222222222222,18.90888888888889,-0.2566666666666665,82.32222222222222,65.2,0.7244444444444444,51,0,23.96333333333333,42.92666666666667,10,18,6.105133271604939,41,29,10.913333333333334,0,0,0,0,,,,,,,,0.0,0.0,0.0,0.0,77.09001167336406,,,,,80.36736975113358,滨海暖冬度假型
海口,2019,秋季,20.044,110.1999,91,25.57472527472528,28.146153846153847,23.13956043956044,5.006593406593407,28.46153846153846,2.8868131868131868,80.01098901098901,235.7,2.5901098901098902,63,2,21.924175824175823,40.65934065934066,8,12,9.902457783882785,81,5,17.114505494505494,18,0,0,0,,,,,,,,0.0,0.0,0.0,0.0,75.45074289151067,,,,,,滨海暖冬度假型
海口,2019,春季,20.044,110.1999,92,26.805434782608696,30.41304347826087,24.131521739130434,6.281521739130435,30.525,3.719565217391304,81.8586956521739,283.1,3.0771739130434783,64,1,20.93695652173913,38.75217391304348,0,4,10.039658061594205,78,3,18.91217391304348,51,6,0,0,,,,,,,,0.0,0.0,0.0,0.0,72.00105575638021,,,,,,滨海暖冬度假型
海口,2019,夏季,20.044,110.1999,92,29.218478260869563,32.176086956521736,26.843478260869563,5.332608695652175,34.99891304347826,5.780434782608697,82.28260869565217,752.0,8.173913043478262,78,4,17.770652173913046,35.72934782608696,6,9,10.713642028985507,77,2,20.848152173913043,78,6,0,0,,,,,,,,0.0,0.0,0.0,0.0,64.68305151868317,,,,35.13394767041941,,滨海暖冬度假型
海口,2019,冬季,20.044,110.1999,90,21.18888888888889,23.94333333333333,18.986666666666665,4.956666666666666,21.64444444444445,0.4555555555555557,80.8,58.8,0.6533333333333333,52,0,23.39444444444445,42.42,3,10,8.468554845679012,66,9,13.529666666666667,5,0,0,0,,,,,,,,0.0,0.0,0.0,0.0,80.24908943179733,,,,,83.92209911433004,滨海暖冬度假型
海口,2020,秋季,20.044,110.1999,91,25.640659340659344,27.54725274725275,24.021978021978025,3.525274725274725,28.262637362637363,2.621978021978022,81.96703296703296,394.5,4.335164835164835,69,4,24.967032967032967,45.64505494505495,26,33,8.10998836996337,61,12,14.69956043956044,24,0,0,0,,,,,,,,0.0,0.0,0.0,0.0,74.519483722468,,,,,,滨海暖冬度假型
海口,2020,春季,20.044,110.1999,92,26.27608695652174,29.89130434782609,23.433695652173917,6.457608695652175,29.25108695652174,2.975,78.6304347826087,188.6,2.05,54,0,21.957608695652173,40.63913043478261,5,10,9.698788496376812,74,8,18.706304347826087,47,9,0,0,,,,,,,,0.0,0.0,0.0,0.0,74.19247797670224,,,,,,滨海暖冬度假型
海口,2020,夏季,20.044,110.1999,92,29.813043478260877,33.60217391304348,26.81847826086957,6.783695652173913,34.69782608695652,4.8847826086956525,75.8695652173913,361.6,3.930434782608696,73,2,19.51086956521739,38.08369565217391,1,4,11.236854347826087,81,1,21.95304347826087,87,32,0,0,,,,,,,,0.0,0.0,0.0,0.0,66.15260589708517,,,,35.89498163294933,,滨海暖冬度假型
海口,2020,冬季,20.044,110.1999,91,20.106593406593408,22.767032967032968,18.146153846153847,4.62087912087912,20.00879120879121,-0.0978021978021978,79.87912087912088,82.6,0.9076923076923076,54,0,24.032967032967036,43.62967032967033,7,14,7.813569658119658,61,11,12.634285714285715,1,0,0,0,,,,,,,,0.0,0.0,0.0,0.0,80.3586039640403,,,,,82.84888614188392,滨海暖冬度假型
海口,2021,秋季,20.044,110.1999,91,25.38131868131868,27.78901098901099,23.32747252747253,4.461538461538462,28.205494505494503,2.8241758241758244,81.6043956043956,520.4,5.718681318681319,70,4,22.93076923076923,42.04395604395605,12,17,8.857735775335776,71,7,15.554285714285715,29,0,0,0,,,,,,,,0.0,0.0,0.0,0.0,74.79166177488943,,,,,,滨海暖冬度假型
海口,2021,春季,20.044,110.1999,92,26.81847826086957,30.62608695652174,23.725,6.9010869565217385,29.819565217391304,3.0010869565217395,77.45652173913044,137.1,1.4902173913043475,67,0,21.793478260869566,40.00978260869565,2,5,10.551659722222222,81,4,19.21010869565217,46,21,0,0,,,,,,,,0.0,0.0,0.0,0.0,73.32923310627395,,,,,,滨海暖冬度假型
海口,2021,夏季,20.044,110.1999,92,29.60108695652174,32.891304347826086,26.95217391304348,5.939130434782609,34.58369565217391,4.982608695652174,77.0,382.0,4.152173913043479,79,1,19.528260869565216,38.89565217391304,3,9,10.688603894927535,77,4,20.61521739130435,87,16,0,0,,,,,,,,0.0,0.0,0.0,0.0,66.18243008062655,,,,35.63258725982834,,滨海暖冬度假型
海口,2021,冬季,20.044,110.1999,90,18.66111111111111,21.244444444444444,16.267777777777777,4.976666666666667,18.102222222222224,-0.5588888888888887,79.47777777777777,173.6,1.9288888888888889,41,3,23.764444444444447,43.32888888888889,11,19,7.9893881172839505,62,15,13.938,1,0,0,0,,,,,,,,0.0,0.0,0.0,0.0,78.19565380961753,,,,,81.78542853805558,滨海暖冬度假型
海口,2022,秋季,20.044,110.1999,91,25.7021978021978,27.98351648351648,23.72857142857143,4.254945054945056,28.73406593406593,3.031868131868132,81.7032967032967,441.4,4.85054945054945,65,3,22.142857142857142,39.58461538461538,12,13,9.064021642246642,71,10,16.404175824175823,19,0,0,0,,,,,,,,0.0,0.0,0.0,0.0,74.46900937719086,,,,,,滨海暖冬度假型
海口,2022,春季,20.044,110.1999,92,24.38804347826087,27.342391304347824,21.96413043478261,5.378260869565217,27.335869565217397,2.9478260869565216,85.65217391304348,514.0,5.586956521739131,68,4,21.183695652173917,38.09891304347826,3,5,8.796401177536232,62,9,17.682391304347824,25,0,0,0,,,,,,,,0.0,0.0,0.0,0.0,75.3200839920771,,,,,,滨海暖冬度假型
海口,2022,夏季,20.044,110.1999,92,28.43152173913043,31.38369565217392,26.09021739130435,5.293478260869565,33.858695652173914,5.427173913043478,84.0,938.8,10.204347826086956,80,6,18.65217391304348,34.63586956521739,3,5,10.350345682367148,71,4,21.13532608695652,79,0,0,0,,,,,,,,0.0,0.0,0.0,0.0,65.930859642075,,,,36.46395090477034,,滨海暖冬度假型
海口,2022,冬季,20.044,110.1999,90,18.772222222222226,20.84555555555556,16.936666666666667,3.908888888888889,18.23444444444444,-0.5377777777777777,82.14444444444445,170.1,1.89,68,0,23.931111111111115,41.68222222222222,5,8,5.963166203703704,40,30,11.160222222222222,0,0,0,0,,,,,,,,0.0,0.0,0.0,0.0,77.4485534279703,,,,,79.81575829879876,滨海暖冬度假型
海口,2023,秋季,20.044,110.1999,91,25.748351648351647,27.946153846153845,23.870329670329667,4.075824175824176,29.142857142857142,3.3945054945054944,84.04395604395604,676.6,7.435164835164835,80,6,21.74065934065934,39.25714285714286,12,20,7.92756633089133,53,13,15.075604395604396,20,0,0,0,18.58507326007326,31.468589743589742,284.98717948717945,9.63992673992674,7.21565934065934,87.34249084249085,0.0897435897435897,89.0,0.0,0.0,27.0,73.41932139427577,93.04260404677906,79.30630619002675,6.95739595322094,,,滨海暖冬度假型
海口,2023,春季,20.044,110.1999,92,25.91195652173913,29.680434782608696,23.02173913043478,6.658695652173913,29.01413043478261,3.1021739130434782,81.06521739130434,185.8,2.019565217391305,60,0,22.85326086956522,40.275,5,7,10.366784993961351,77,5,19.93684782608696,44,8,0,0,33.62527173913043,51.2965579710145,318.2432065217391,14.005570652173914,7.326630434782608,81.46240942028986,0.1567028985507246,54.0,2.0,0.0,13.0,73.45193418323471,91.36831822104514,78.82684939457783,8.631681778954862,,,滨海暖冬度假型
海口,2023,夏季,20.044,110.1999,92,28.803260869565214,31.742391304347827,26.45,5.2923913043478255,34.525,5.721739130434782,83.0,736.3,8.003260869565217,86,5,17.944565217391304,34.13260869565217,3,3,10.626646165458938,79,3,21.369565217391305,80,0,0,0,16.032110507246376,24.11865942028985,215.40217391304347,9.74248188405797,5.251902173913043,74.9633152173913,0.2971014492753623,91.0,0.0,0.0,6.0,65.34617248515796,94.0810286187472,73.96662932523475,5.918971381252794,35.586174211464325,,滨海暖冬度假型
海口,2023,冬季,20.044,110.1999,90,19.57555555555556,21.79111111111111,17.59111111111111,4.2,19.48,-0.0955555555555558,82.17777777777778,162.7,1.8077777777777777,58,1,23.557777777777776,41.00111111111111,12,12,6.152442530864198,44,28,11.528333333333332,1,0,0,0,24.446435185185187,40.50828703703704,417.3171296296296,13.621018518518518,12.342037037037036,75.21018518518518,0.1314814814814814,78.0,0.0,0.0,10.0,77.37946365507034,92.5405024521711,81.92777529420057,7.459497547828908,,83.69130757009142,滨海暖冬度假型
海口,2024,秋季,20.044,110.1999,91,25.6978021978022,27.81538461538461,23.727472527472525,4.087912087912088,28.5989010989011,2.901098901098901,81.08791208791209,775.1,8.517582417582418,69,10,24.164835164835164,44.15714285714286,14,22,8.319647527472528,65,15,15.807032967032969,16,0,0,0,20.755173992673992,31.25856227106227,308.54395604395603,9.703708791208792,8.323443223443222,94.9162087912088,0.0892857142857142,88.0,0.0,0.0,36.0,73.89845514355044,92.41954475768432,79.4547820277906,7.580455242315653,,,滨海暖冬度假型
海口,2024,春季,20.044,110.1999,92,26.73804347826087,30.38913043478261,24.047826086956523,6.341304347826087,30.11304347826087,3.375,80.55434782608695,455.2,4.947826086956522,65,3,23.10978260869565,41.25217391304348,10,17,9.370382940821257,68,6,18.457608695652173,53,11,0,0,18.943297101449275,29.79361413043478,281.55480072463763,8.44429347826087,4.168342391304348,81.87092391304348,0.3903985507246376,88.0,0.0,0.0,14.0,71.67826405791742,93.4105669518742,78.19795492610444,6.589433048125815,,,滨海暖冬度假型
海口,2024,夏季,20.044,110.1999,92,28.963043478260868,32.16630434782609,26.555434782608696,5.610869565217392,34.584782608695654,5.621739130434783,82.30434782608695,605.2,6.578260869565218,85,4,18.01086956521739,34.75760869565217,1,2,10.637666576086955,75,2,21.36869565217392,84,0,0,0,14.055434782608694,21.36521739130435,205.49184782608697,8.00421195652174,4.398822463768116,74.05842391304348,0.1471920289855072,92.0,0.0,0.0,4.0,65.65977959323246,94.46340486913114,74.30086717600206,5.536595130868868,35.19053069291283,,滨海暖冬度假型
海口,2024,冬季,20.044,110.1999,91,20.45054945054945,23.198901098901096,18.21978021978022,4.979120879120879,20.301098901098904,-0.1494505494505493,78.51648351648352,55.3,0.6076923076923076,53,0,23.77692307692308,43.11098901098901,5,13,7.245409706959706,59,20,12.736483516483515,4,0,0,0,21.28818681318681,30.472573260073258,378.139652014652,8.91904761904762,9.216849816849818,84.13049450549451,0.1744505494505494,83.0,0.0,0.0,22.0,80.28868494200069,92.86297792235231,84.06097283610617,7.137022077647687,,85.52655872546556,滨海暖冬度假型
海口,2025,秋季,20.044,110.1999,91,25.32967032967033,27.75714285714286,23.323076923076925,4.434065934065934,28.04945054945055,2.7197802197802194,81.10989010989012,722.6,7.940659340659341,74,6,22.87912087912088,43.39670329670329,14,26,7.993456776556777,58,14,14.91912087912088,29,0,0,0,16.066483516483515,17.66231684981685,309.7857142857143,8.302289377289377,8.7257326007326,79.89514652014651,0.1387362637362637,91.0,0.0,0.0,19.0,74.27359680572306,93.84099840321248,80.14381728496988,6.159001596787525,,,滨海暖冬度假型
海口,2025,春季,20.044,110.1999,92,24.955434782608695,28.62608695652174,21.90652173913044,6.719565217391303,27.63913043478261,2.6836956521739133,78.59782608695652,367.1,3.990217391304348,61,4,20.59891304347826,39.25869565217391,4,13,9.65139302536232,72,11,19.095108695652176,45,3,0,0,23.205389492753625,26.211639492753623,334.22192028985506,9.650860507246378,6.404574275362319,92.8677536231884,3.017210144927536,81.0,0.0,6.0,32.0,74.21360021697038,92.34929332576574,79.65430814960897,7.650706674234268,,,滨海暖冬度假型
海口,2025,夏季,20.044,110.1999,92,28.355434782608693,31.39782608695652,25.975,5.422826086956522,33.55217391304348,5.196739130434782,83.96739130434783,881.4,9.580434782608696,89,8,19.32282608695652,37.8445652173913,10,12,9.580873913043478,68,10,19.705760869565218,73,0,0,0,12.982427536231883,14.47115036231884,261.8460144927536,7.4496376811594205,5.590987318840579,77.28985507246377,0.6956521739130435,92.0,0.0,0.0,6.0,66.51000576797013,94.44831461940856,74.89149842340166,5.551685380591446,37.22586076558389,,滨海暖冬度假型
海口,2025,冬季,20.044,110.1999,90,19.572222222222223,22.267777777777777,17.395555555555553,4.872222222222222,19.226666666666667,-0.3455555555555555,78.36666666666666,49.9,0.5544444444444444,41,0,22.96444444444445,44.00111111111111,2,19,7.618663086419753,55,14,13.289888888888887,0,0,0,0,24.497916666666665,26.99439814814815,398.8944444444445,8.94037037037037,11.26925925925926,98.76203703703705,0.3486111111111111,80.0,0.0,0.0,44.0,80.54527260240921,91.82277460042316,83.9285232018134,8.177225399576834,,84.99541969759473,滨海暖冬度假型
深圳,2016,秋季,22.5431,114.0579,91,24.481318681318683,27.463736263736266,22.17032967032967,5.293406593406593,27.638461538461534,3.157142857142857,82.82417582417582,615.9,6.768131868131868,58,7,16.36263736263736,34.57802197802198,2,7,8.17610051892552,65,13,14.195604395604397,22,0,0,0,,,,,,,,0.0,0.0,0.0,0.0,74.1574436531349,,,,,,滨海暖冬度假型
深圳,2016,春季,22.5431,114.0579,92,22.88804347826087,25.905434782608697,20.534782608695654,5.370652173913044,25.622826086956525,2.734782608695652,86.92391304347827,659.9,7.172826086956522,67,8,17.86413043478261,37.45869565217391,0,8,8.049832457729469,56,13,15.861304347826088,12,0,0,0,,,,,,,,0.0,0.0,0.0,0.0,74.3247487060462,,,,,,滨海暖冬度假型
深圳,2016,夏季,22.5431,114.0579,92,28.421739130434784,31.176086956521736,26.419565217391305,4.756521739130435,34.60108695652174,6.179347826086956,87.46739130434783,872.0,9.478260869565217,84,8,14.970652173913043,33.25434782608696,1,3,9.745824426328502,71,11,18.87391304347826,71,0,0,0,,,,,,,,0.0,0.0,0.0,0.0,64.43946894513819,,,,35.45475372453189,,滨海暖冬度假型
深圳,2016,冬季,22.5431,114.0579,91,15.804395604395603,18.884615384615383,13.161538461538465,5.723076923076922,14.485714285714286,-1.3186813186813189,75.37362637362638,274.2,3.013186813186813,42,3,18.13736263736264,37.27912087912088,3,7,6.317019139194139,45,27,10.43054945054945,0,0,0,0,,,,,,,,0.0,0.0,0.0,0.0,73.99270142309803,,,,,79.67723201392212,滨海暖冬度假型
深圳,2017,秋季,22.5431,114.0579,91,23.93406593406593,27.458241758241755,21.33186813186813,6.126373626373627,26.531868131868134,2.597802197802198,77.92307692307692,298.6,3.2813186813186817,55,3,15.478021978021978,31.8989010989011,1,2,8.766969017094018,66,11,15.015714285714289,34,0,0,0,,,,,,,,0.0,0.0,0.0,0.0,77.30366272851283,,,,,,滨海暖冬度假型
深圳,2017,春季,22.5431,114.0579,92,22.055434782608696,25.51086956521739,19.35652173913044,6.154347826086957,23.98586956521739,1.930434782608696,82.20652173913044,291.8,3.1717391304347826,68,1,16.91304347826087,34.01086956521739,0,1,7.792065911835749,52,20,15.833152173913044,5,0,0,0,,,,,,,,0.0,0.0,0.0,0.0,78.25239406888699,,,,,,滨海暖冬度假型
深圳,2017,夏季,22.5431,114.0579,92,27.57717391304348,30.34130434782609,25.63478260869565,4.706521739130435,32.97717391304348,5.4,87.07608695652173,965.6,10.495652173913044,91,7,17.13478260869565,37.06195652173913,4,6,9.54120256642512,68,13,18.12793478260869,57,1,0,0,,,,,,,,0.0,0.0,0.0,0.0,66.56867897363591,,,,39.59722943772988,,滨海暖冬度假型
深圳,2017,冬季,22.5431,114.0579,90,16.434444444444445,20.81111111111111,13.034444444444444,7.776666666666666,14.831111111111111,-1.6033333333333335,66.72222222222223,47.2,0.5244444444444445,30,0,16.97222222222222,33.51111111111111,0,1,8.246424074074074,60,11,13.036666666666664,0,0,0,0,,,,,,,,0.0,0.0,0.0,0.0,77.45998058049804,,,,,83.17044344627477,滨海暖冬度假型
深圳,2018,秋季,22.5431,114.0579,91,23.51428571428572,26.95604395604396,20.75714285714286,6.198901098901099,25.90989010989011,2.395604395604396,78.97802197802197,454.7,4.996703296703297,58,2,15.369230769230768,31.504395604395604,2,2,8.58286681929182,63,9,14.685054945054944,12,0,0,0,,,,,,,,0.0,0.0,0.0,0.0,79.91805131593897,,,,,,滨海暖冬度假型
深圳,2018,春季,22.5431,114.0579,92,23.069565217391304,27.205434782608695,20.02934782608696,7.17608695652174,25.245652173913044,2.17608695652174,78.92391304347827,313.3,3.405434782608696,65,2,16.35326086956522,33.714130434782604,0,2,9.261588194444444,72,12,17.435760869565218,21,0,0,0,,,,,,,,0.0,0.0,0.0,0.0,77.63803500558137,,,,,,滨海暖冬度假型
深圳,2018,夏季,22.5431,114.0579,92,27.153260869565216,29.75326086956522,25.257608695652173,4.495652173913044,32.368478260869566,5.215217391304348,87.44565217391305,1130.9,12.292391304347827,91,11,16.09130434782609,33.97717391304348,0,3,8.289474094202898,57,18,16.547608695652173,47,0,0,0,,,,,,,,0.0,0.0,0.0,0.0,68.0856291995357,,,,41.02947171746104,,滨海暖冬度假型
深圳,2018,冬季,22.5431,114.0579,90,15.34,19.324444444444445,12.094444444444443,7.23,13.88,-1.46,71.82222222222222,73.4,0.8155555555555556,36,0,17.191111111111113,33.656666666666666,0,2,7.463995617283951,59,16,11.949444444444444,0,0,0,0,,,,,,,,0.0,0.0,0.0,0.0,73.90606887005067,,,,,80.91900820251111,滨海暖冬度假型
深圳,2019,秋季,22.5431,114.0579,91,24.478021978021975,28.915384615384617,20.932967032967035,7.9824175824175825,26.74175824175824,2.263736263736264,71.76923076923077,191.6,2.1054945054945056,41,1,14.051648351648351,30.089010989010987,0,1,10.078288522588522,83,3,17.301538461538463,33,0,0,0,,,,,,,,0.0,0.0,0.0,0.0,80.1347745998587,,,,,,滨海暖冬度假型
深圳,2019,春季,22.5431,114.0579,92,22.63369565217392,25.830434782608695,20.23260869565217,5.5978260869565215,25.14565217391305,2.51195652173913,87.31521739130434,757.6,8.234782608695653,79,6,17.65434782608696,35.518478260869564,0,5,7.275340942028985,50,16,14.599021739130434,4,0,0,0,,,,,,,,0.0,0.0,0.0,0.0,77.28464134497993,,,,,,滨海暖冬度假型
深圳,2019,夏季,22.5431,114.0579,92,27.67717391304348,30.27065217391305,25.703260869565216,4.567391304347827,33.28913043478261,5.61195652173913,88.22826086956522,849.9,9.238043478260868,90,8,16.52173913043478,35.53913043478261,1,4,9.082024939613529,64,14,17.288478260869564,59,0,0,0,,,,,,,,0.0,0.0,0.0,0.0,66.29850646835348,,,,38.500512300793055,,滨海暖冬度假型
深圳,2019,冬季,22.5431,114.0579,90,17.75,22.34111111111111,14.105555555555556,8.235555555555557,17.05,-0.7,72.38888888888889,91.8,1.02,47,0,16.68777777777778,32.663333333333334,1,1,8.107876635802468,57,8,12.805444444444444,0,0,0,0,,,,,,,,0.0,0.0,0.0,0.0,79.29936419570383,,,,,82.98956666224042,滨海暖冬度假型
深圳,2020,秋季,22.5431,114.0579,91,23.884615384615383,27.396703296703297,21.14945054945055,6.247252747252747,26.1978021978022,2.3131868131868134,77.5934065934066,499.1,5.484615384615385,51,6,15.84065934065934,32.321978021978026,1,1,8.43279246031746,67,10,14.525164835164835,10,0,0,0,,,,,,,,0.0,0.0,0.0,0.0,79.69736780694637,,,,,,滨海暖冬度假型
深圳,2020,春季,22.5431,114.0579,92,22.672826086956523,26.44347826086957,19.80978260869565,6.6336956521739125,24.90869565217391,2.235869565217391,82.57608695652173,484.4,5.265217391304348,68,4,16.860869565217392,34.4,1,3,8.169902506038648,58,14,16.148152173913044,13,0,0,0,,,,,,,,0.0,0.0,0.0,0.0,78.17186771412672,,,,,,滨海暖冬度假型
深圳,2020,夏季,22.5431,114.0579,92,27.98913043478261,30.944565217391304,25.980434782608693,4.964130434782609,33.325,5.335869565217391,84.79347826086956,698.5,7.592391304347826,88,7,16.93913043478261,35.529347826086955,1,3,10.29927581521739,74,11,18.945760869565216,70,1,0,0,,,,,,,,0.0,0.0,0.0,0.0,66.49740030680799,,,,38.40150334620755,,滨海暖冬度假型
深圳,2020,冬季,22.5431,114.0579,91,16.793406593406594,21.475824175824176,13.135164835164836,8.340659340659341,15.541758241758242,-1.251648351648352,70.0,81.7,0.8978021978021978,31,0,17.142857142857142,33.636263736263736,0,2,8.954378663003663,69,3,13.805164835164836,0,0,0,0,,,,,,,,0.0,0.0,0.0,0.0,78.16451998461791,,,,,83.64970415676007,滨海暖冬度假型
深圳,2021,秋季,22.5431,114.0579,91,23.98681318681319,27.665934065934064,20.9956043956044,6.670329670329671,26.55934065934066,2.5725274725274723,76.73626373626374,447.7,4.91978021978022,59,4,15.403296703296704,31.825274725274724,2,6,8.9643913003663,73,7,15.273626373626374,33,0,0,0,,,,,,,,0.0,0.0,0.0,0.0,76.70549151652084,,,,,,滨海暖冬度假型
深圳,2021,春季,22.5431,114.0579,92,23.87826086956522,27.61195652173913,21.11521739130435,6.496739130434783,26.393478260869564,2.515217391304348,80.01086956521739,257.4,2.7978260869565217,67,3,17.023913043478263,34.67717391304348,0,0,9.292055646135266,69,8,17.369565217391305,27,0,0,0,,,,,,,,0.0,0.0,0.0,0.0,77.74540965397527,,,,,,滨海暖冬度假型
深圳,2021,夏季,22.5431,114.0579,92,27.56086956521739,30.225,25.61195652173913,4.613043478260869,33.13695652173913,5.576086956521739,87.45652173913044,856.7,9.31195652173913,92,8,15.180434782608694,32.28804347826087,0,0,8.79755395531401,59,15,17.09184782608696,56,0,0,0,,,,,,,,0.0,0.0,0.0,0.0,67.08264260099898,,,,39.12034182227318,,滨海暖冬度假型
深圳,2021,冬季,22.5431,114.0579,90,16.44222222222222,21.36777777777778,12.438888888888888,8.928888888888888,14.923333333333332,-1.5188888888888887,65.08888888888889,98.4,1.0933333333333335,18,1,16.755555555555556,32.99888888888889,0,1,8.970753333333333,71,8,14.549222222222223,0,0,0,0,,,,,,,,0.0,0.0,0.0,0.0,76.70952573841333,,,,,83.19088763157369,滨海暖冬度假型
深圳,2022,秋季,22.5431,114.0579,91,24.78351648351649,28.665934065934064,21.748351648351647,6.917582417582418,27.0010989010989,2.2175824175824177,74.5934065934066,316.1,3.4736263736263733,50,2,17.064835164835166,33.12527472527473,1,4,8.592242002442003,67,14,15.831978021978022,41,0,0,0,,,,,,,,0.0,0.0,0.0,0.0,78.35756031292833,,,,,,滨海暖冬度假型
深圳,2022,春季,22.5431,114.0579,92,22.03369565217391,26.00434782608696,19.119565217391305,6.884782608695652,23.971739130434784,1.9380434782608695,81.80434782608695,618.8,6.726086956521739,63,9,16.119565217391305,31.36195652173913,0,0,7.951587560386473,55,19,16.937065217391304,6,0,0,0,,,,,,,,0.0,0.0,0.0,0.0,78.79235596972744,,,,,,滨海暖冬度假型
深圳,2022,夏季,22.5431,114.0579,92,27.55217391304348,30.52717391304348,25.36413043478261,5.163043478260869,32.79891304347826,5.246739130434783,85.68478260869566,853.8,9.280434782608696,87,10,16.627173913043478,33.58369565217391,3,7,8.788642814009663,60,16,18.520217391304342,53,3,0,0,,,,,,,,0.0,0.0,0.0,0.0,67.83261963990479,,,,40.20036384715858,,滨海暖冬度假型
深圳,2022,冬季,22.5431,114.0579,90,14.352222222222222,18.42222222222222,11.078888888888889,7.343333333333333,12.71111111111111,-1.6411111111111114,75.18888888888888,217.0,2.411111111111111,38,2,16.64,31.78666666666667,0,1,6.929036265432099,46,20,11.96577777777778,0,0,0,0,,,,,,,,0.0,0.0,0.0,0.0,71.76977955975534,,,,,79.19243779682358,滨海暖冬度假型
深圳,2023,秋季,22.5431,114.0579,91,24.01648351648352,27.743956043956043,21.0978021978022,6.646153846153846,26.78351648351649,2.767032967032967,80.82417582417582,709.7,7.7989010989011,55,8,16.03076923076923,30.95054945054945,4,4,8.123954304029304,64,14,14.605054945054944,25,0,0,0,28.35700549450549,43.46584249084249,465.6510989010989,61.2081043956044,53.12687728937729,39.33012820512821,0.1968864468864469,69.0,1.0,0.0,0.0,77.2146947446712,90.74176739386586,81.2728165394296,9.258232606134149,,,滨海暖冬度假型
深圳,2023,春季,22.5431,114.0579,92,22.80652173913043,26.583695652173912,20.03152173913044,6.552173913043478,24.93586956521739,2.1293478260869567,81.30434782608695,352.7,3.8336956521739127,70,3,17.34891304347826,33.29347826086956,0,2,8.155291092995169,56,14,16.536521739130436,15,2,0,0,35.57246376811594,55.13011775362318,622.7653985507246,74.7723731884058,158.6136322463768,46.13405797101449,0.4433876811594203,61.0,5.0,0.0,2.0,78.90850285307383,86.94912840821466,81.32069051961606,13.050871591785343,,,滨海暖冬度假型
深圳,2023,夏季,22.5431,114.0579,92,27.790217391304346,31.11195652173913,25.280434782608697,5.831521739130435,33.29130434782609,5.501086956521739,84.94565217391305,733.2,7.969565217391305,89,7,15.104347826086956,30.39673913043478,1,2,9.856588556763285,69,7,19.19641304347826,75,1,0,0,20.988179347826087,32.51938405797102,334.6023550724637,52.8588768115942,76.42699275362318,33.75271739130435,0.2318840579710144,86.0,0.0,0.0,1.0,67.78742245425799,92.01977923356384,75.05712948804974,7.980220766436164,37.74802410655759,,滨海暖冬度假型
深圳,2023,冬季,22.5431,114.0579,90,16.695555555555554,21.414444444444445,12.938888888888888,8.475555555555555,15.44111111111111,-1.2544444444444445,68.37777777777778,61.9,0.6877777777777777,38,0,16.903333333333332,31.784444444444443,1,2,7.972061635802468,61,12,13.292666666666666,0,0,0,0,39.78087962962963,59.805,875.3564814814814,69.43537037037036,123.09995370370368,33.49907407407407,0.1541666666666666,42.0,7.0,0.0,0.0,77.46241805996345,87.72824465886971,80.54216603963533,12.271755341130296,,84.28506379686958,滨海暖冬度假型
深圳,2024,秋季,22.5431,114.0579,91,24.51428571428572,28.478021978021975,21.46043956043956,7.0175824175824175,26.84285714285714,2.3285714285714287,74.75824175824175,511.3,5.618681318681319,53,8,16.03846153846154,32.61208791208791,2,3,8.693569627594627,70,11,15.663076923076922,40,0,0,0,29.496108058608066,41.20595238095238,489.8054029304029,58.18452380952381,50.61112637362638,44.82600732600732,0.0622710622710622,69.0,1.0,0.0,0.0,77.63951312036997,90.56258766077562,81.51643548249166,9.437412339224394,,,滨海暖冬度假型
深圳,2024,春季,22.5431,114.0579,92,22.957608695652173,26.518478260869564,20.29021739130435,6.228260869565218,25.38804347826087,2.430434782608696,84.73913043478261,1020.4,11.091304347826089,77,15,18.86847826086957,35.33586956521739,0,2,6.990946618357488,45,21,14.991630434782609,5,0,0,0,24.718795289855077,39.82708333333333,347.9076086956522,53.65905797101449,44.69547101449275,38.21784420289855,1.2812499999999998,75.0,0.0,1.0,1.0,76.43140369666106,91.82843003188228,81.05051159722743,8.171569968117721,,,滨海暖冬度假型
深圳,2024,夏季,22.5431,114.0579,92,27.77391304347826,30.792391304347827,25.62608695652174,5.166304347826087,33.21847826086957,5.444565217391304,86.51086956521739,874.1,9.50108695652174,89,11,16.61304347826087,32.91847826086956,0,1,8.989258031400967,62,14,18.316521739130437,63,1,0,0,18.182789855072464,28.671829710144927,252.5548007246377,48.35548007246376,44.670788043478254,32.518568840579704,0.0738224637681159,86.0,0.0,0.0,0.0,66.97966225108576,93.24189778842604,74.85833291228782,6.75810221157398,38.36927912518886,,滨海暖冬度假型
深圳,2024,冬季,22.5431,114.0579,91,16.73186813186813,21.565934065934066,12.924175824175824,8.641758241758241,15.510989010989013,-1.2208791208791208,68.48351648351648,26.4,0.2901098901098901,27,0,15.808791208791208,31.478021978021975,0,0,8.193525885225885,66,11,13.172967032967032,0,0,0,0,35.965934065934064,46.37385531135531,601.9239926739928,54.31185897435898,48.48548534798535,39.5206043956044,0.1794871794871795,51.0,2.0,0.0,0.0,78.07310298895185,90.25338634877237,81.727187996898,9.74661365122764,,85.17965538990806,滨海暖冬度假型
深圳,2025,秋季,22.5431,114.0579,91,24.58681318681319,28.72857142857143,21.467032967032967,7.261538461538462,26.96043956043956,2.3736263736263736,72.62637362637362,395.2,4.342857142857143,65,3,15.04835164835165,36.47802197802198,2,12,8.224002808302808,62,14,15.031758241758244,40,4,0,0,32.435393772893775,33.4614010989011,487.231684981685,51.57380952380952,39.739285714285714,37.58882783882783,0.1547619047619047,53.0,0.0,0.0,0.0,76.71256409427734,91.2460645811195,81.07261424032998,8.753935418880507,,,滨海暖冬度假型
深圳,2025,春季,22.5431,114.0579,92,22.43586956521739,26.907608695652176,18.991304347826087,7.916304347826086,24.382608695652173,1.9467391304347823,77.28260869565217,433.7,4.714130434782609,65,4,14.345652173913043,35.81413043478261,0,4,8.140443357487923,58,13,17.238369565217393,18,0,0,0,34.8473731884058,39.09461050724637,465.3048007246376,57.65357789855072,35.62685688405797,45.74139492753623,4.590579710144928,55.0,3.0,12.0,1.0,78.46406754789504,90.3184027374973,82.02036810477571,9.681597262502708,,,滨海暖冬度假型
深圳,2025,夏季,22.5431,114.0579,92,27.48478260869565,30.86413043478261,25.09021739130435,5.77391304347826,32.86630434782609,5.381521739130434,85.98913043478261,975.1,10.59891304347826,90,8,14.495652173913042,36.0195652173913,1,10,8.571854015700483,60,16,17.934239130434783,65,0,0,0,27.066077898550724,28.988858695652173,400.95244565217394,50.1059329710145,37.428396739130434,41.47010869565217,0.4488224637681159,70.0,1.0,0.0,1.0,67.8644867343279,91.82838708912048,75.05365684076568,8.171612910879517,38.70083809917136,,滨海暖冬度假型
深圳,2025,冬季,22.5431,114.0579,90,16.733333333333334,21.474444444444444,13.045555555555554,8.428888888888888,15.571111111111112,-1.1622222222222225,66.9,67.4,0.7488888888888889,30,0,13.644444444444444,32.19888888888889,0,0,8.376663271604938,62,8,13.70322222222222,0,0,0,0,46.96587962962963,47.8712962962963,648.6763888888889,59.409444444444446,47.560462962962966,47.13194444444444,0.5851851851851851,35.0,11.0,0.0,0.0,78.7969409801319,88.50626489645589,81.70973815502909,11.49373510354412,,85.12102910380776,滨海暖冬度假型
苏州,2016,秋季,31.2989,120.5853,91,18.968131868131863,22.0956043956044,16.315384615384616,5.78021978021978,19.09450549450549,0.1263736263736262,80.06593406593407,461.2,5.068131868131868,52,5,19.553846153846155,31.73076923076923,8,6,5.499841025641025,37,35,9.757472527472528,7,0,0,0,,,,,,,,0.0,0.0,0.0,0.0,75.06293700317075,,,,,,湿润宜居综合型
苏州,2016,春季,31.2989,120.5853,92,15.958695652173914,19.995652173913044,12.40108695652174,7.594565217391305,14.778260869565216,-1.1804347826086958,77.1086956521739,638.0,6.934782608695652,50,9,20.945652173913043,34.62826086956522,4,4,6.8833067330917865,47,26,15.308478260869569,0,0,1,0,,,,,,,,0.0,0.0,0.0,0.0,72.66570039009534,,,,,,湿润宜居综合型
苏州,2016,夏季,31.2989,120.5853,92,27.585869565217397,30.867391304347827,24.82608695652174,6.041304347826086,31.80217391304348,4.216304347826087,80.06521739130434,600.0,6.521739130434782,57,10,18.705434782608695,32.05760869565218,0,0,9.178323007246377,65,16,17.752065217391305,61,11,0,0,,,,,,,,0.0,0.0,0.0,0.0,69.87622707589297,,,,41.98918254977483,,湿润宜居综合型
苏州,2016,冬季,31.2989,120.5853,91,6.196703296703297,9.958241758241758,2.7725274725274724,7.185714285714285,2.5483516483516486,-3.648351648351648,73.37362637362638,185.4,2.037362637362637,33,0,19.287912087912087,30.88131868131868,7,5,6.917238492063492,55,22,10.51142857142857,0,0,24,3,,,,,,,,0.0,0.0,0.0,0.0,55.93463956099451,,,,,69.25894081292024,湿润宜居综合型
苏州,2017,秋季,31.2989,120.5853,91,18.23186813186813,21.88131868131868,15.132967032967032,6.748351648351648,18.17142857142857,-0.0604395604395604,76.41758241758242,283.2,3.112087912087912,51,1,16.551648351648353,33.74395604395604,1,4,5.909970207570208,40,28,10.344505494505494,5,0,0,0,,,,,,,,0.0,0.0,0.0,0.0,75.22103616566743,,,,,,湿润宜居综合型
苏州,2017,春季,31.2989,120.5853,92,15.880434782608695,20.588043478260868,11.368478260869566,9.219565217391304,14.68695652173913,-1.193478260869565,71.26086956521739,261.6,2.8434782608695657,47,2,17.99021739130435,35.79673913043479,2,8,8.171793478260868,55,19,17.876413043478262,5,0,0,0,,,,,,,,0.0,0.0,0.0,0.0,73.93184210905859,,,,,,湿润宜居综合型
苏州,2017,夏季,31.2989,120.5853,92,27.657608695652176,31.436956521739127,24.49673913043478,6.940217391304348,32.02717391304348,4.369565217391305,77.69565217391305,303.6,3.3000000000000003,67,1,15.540217391304347,33.31086956521739,0,6,8.718931853864735,61,16,18.03586956521739,60,18,0,0,,,,,,,,0.0,0.0,0.0,0.0,71.15367564364557,,,,42.08204648371814,,湿润宜居综合型
苏州,2017,冬季,31.2989,120.5853,90,5.945555555555556,10.426666666666666,1.941111111111111,8.485555555555557,2.462222222222222,-3.4833333333333334,70.56666666666666,106.7,1.1855555555555557,27,0,15.66,31.711111111111112,1,2,7.0235620370370375,54,22,10.468555555555556,0,0,28,0,,,,,,,,0.0,0.0,0.0,0.0,55.98782044371111,,,,,70.0635431225858,湿润宜居综合型
苏州,2018,秋季,31.2989,120.5853,91,18.454945054945057,22.605494505494505,14.856043956043957,7.74945054945055,18.584615384615383,0.1296703296703297,75.68131868131869,264.9,2.910989010989011,43,3,15.274725274725276,31.59230769230769,1,3,7.507026282051282,51,14,12.708681318681318,10,0,0,0,,,,,,,,0.0,0.0,0.0,0.0,76.46687227713174,,,,,,湿润宜居综合型
苏州,2018,春季,31.2989,120.5853,92,16.84565217391304,21.75434782608696,12.335869565217392,9.418478260869565,16.33478260869565,-0.5108695652173914,75.72826086956522,306.7,3.3336956521739127,46,3,17.391304347826086,34.75760869565217,0,4,7.322022373188405,55,27,15.706195652173914,5,0,1,0,,,,,,,,0.0,0.0,0.0,0.0,73.49231922824686,,,,,,湿润宜居综合型
苏州,2018,夏季,31.2989,120.5853,92,27.12391304347826,30.877173913043475,23.99891304347826,6.878260869565218,31.35760869565217,4.233695652173913,81.1413043478261,434.8,4.72608695652174,63,4,17.52173913043478,35.53478260869565,4,12,9.460718508454104,67,12,19.070326086956523,62,1,0,0,,,,,,,,0.0,0.0,0.0,0.0,71.00581523150784,,,,42.81153943652849,,湿润宜居综合型
苏州,2018,冬季,31.2989,120.5853,90,4.797777777777778,8.74,1.1188888888888888,7.6211111111111105,1.2144444444444444,-3.583333333333333,74.95555555555555,274.0,3.0444444444444443,49,1,16.54,32.778888888888886,1,3,5.223832777777778,37,37,8.690222222222221,0,0,40,12,,,,,,,,0.0,0.0,0.0,0.0,53.9551891952723,,,,,64.02474998418315,湿润宜居综合型
苏州,2019,秋季,31.2989,120.5853,91,18.642857142857142,23.045054945054943,14.721978021978025,8.323076923076924,18.76483516483516,0.1219780219780218,74.81318681318682,284.0,3.120879120879121,36,4,15.59010989010989,31.67472527472528,1,7,7.87247844932845,53,12,12.829010989010987,2,0,0,0,,,,,,,,0.0,0.0,0.0,0.0,77.78038607137773,,,,,,湿润宜居综合型
苏州,2019,春季,31.2989,120.5853,92,15.835869565217392,20.94782608695652,11.209782608695653,9.738043478260868,14.73695652173913,-1.0989130434782608,72.3586956521739,207.2,2.252173913043478,39,1,17.15108695652174,34.49130434782609,1,6,7.628257759661835,51,16,16.624673913043477,2,0,0,0,,,,,,,,0.0,0.0,0.0,0.0,74.9191227812953,,,,,,湿润宜居综合型
苏州,2019,夏季,31.2989,120.5853,92,26.083695652173912,29.707608695652173,22.87826086956522,6.8293478260869565,30.005434782608692,3.921739130434783,81.91304347826087,632.4,6.873913043478261,63,8,16.043478260869566,32.7804347826087,3,4,9.23626847826087,66,13,18.283586956521734,44,2,0,0,,,,,,,,0.0,0.0,0.0,0.0,73.46334945226529,,,,46.90848382595762,,湿润宜居综合型
苏州,2019,冬季,31.2989,120.5853,90,6.125555555555555,10.065555555555555,2.556666666666666,7.508888888888888,2.855555555555556,-3.27,77.4888888888889,257.2,2.8577777777777778,46,0,15.627777777777778,31.24888888888889,0,3,5.043267191358025,36,38,8.14611111111111,0,0,20,0,,,,,,,,0.0,0.0,0.0,0.0,54.06320899321874,,,,,68.41093373653074,湿润宜居综合型
苏州,2020,秋季,31.2989,120.5853,91,18.248351648351647,22.25274725274725,14.685714285714289,7.567032967032968,18.22967032967033,-0.0186813186813187,75.68131868131869,244.7,2.689010989010989,41,2,14.567032967032969,30.31538461538461,0,0,7.513501037851038,56,18,12.675164835164836,8,0,0,0,,,,,,,,0.0,0.0,0.0,0.0,77.30422725881405,,,,,,湿润宜居综合型
苏州,2020,春季,31.2989,120.5853,92,16.170652173913044,21.08695652173913,11.543478260869565,9.543478260869565,15.095652173913043,-1.075,71.8586956521739,271.0,2.9456521739130435,50,1,17.63695652173913,35.71630434782609,0,4,8.14681002415459,58,17,17.07554347826087,5,0,0,0,,,,,,,,0.0,0.0,0.0,0.0,74.07560219670462,,,,,,湿润宜居综合型
苏州,2020,夏季,31.2989,120.5853,92,26.869565217391305,30.333695652173912,23.854347826086958,6.479347826086957,31.321739130434786,4.452173913043478,83.1304347826087,914.4,9.939130434782609,68,11,16.104347826086954,34.80434782608695,2,6,7.374725392512078,50,24,16.68173913043478,45,6,0,0,,,,,,,,0.0,0.0,0.0,0.0,71.20757555241669,,,,43.25638566165656,,湿润宜居综合型
苏州,2020,冬季,31.2989,120.5853,91,6.595604395604396,10.61098901098901,2.96043956043956,7.650549450549451,3.376923076923077,-3.2186813186813192,76.03296703296704,211.3,2.321978021978022,43,0,16.48021978021978,33.17912087912088,3,7,5.646301190476191,39,32,8.816043956043956,0,0,17,2,,,,,,,,0.0,0.0,0.0,0.0,55.65601036326056,,,,,69.56372755568037,湿润宜居综合型
苏州,2021,秋季,31.2989,120.5853,91,19.09010989010989,23.38791208791209,15.485714285714286,7.902197802197802,19.645054945054945,0.5549450549450553,77.16483516483517,258.8,2.843956043956044,44,1,16.51208791208791,33.300000000000004,7,11,8.441128083028083,61,9,13.661318681318685,14,0,0,0,,,,,,,,0.0,0.0,0.0,0.0,73.75773080456301,,,,,,湿润宜居综合型
苏州,2021,春季,31.2989,120.5853,92,16.443478260869565,20.91304347826087,12.241304347826087,8.671739130434782,15.628260869565215,-0.815217391304348,75.07608695652173,364.4,3.960869565217391,50,4,17.51195652173913,35.525,0,5,6.770122342995169,49,30,15.624239130434784,6,0,0,0,,,,,,,,0.0,0.0,0.0,0.0,73.7028940369165,,,,,,湿润宜居综合型
苏州,2021,夏季,31.2989,120.5853,92,26.722826086956523,30.25869565217392,23.823913043478264,6.434782608695652,30.991304347826084,4.268478260869565,83.08695652173913,849.1,9.229347826086956,69,7,16.778260869565216,34.86195652173913,4,7,8.292902747584542,58,17,17.677934782608695,57,1,0,0,,,,,,,,0.0,0.0,0.0,0.0,71.47831769083766,,,,43.005920063348064,,湿润宜居综合型
苏州,2021,冬季,31.2989,120.5853,90,6.582222222222222,11.821111111111112,2.301111111111111,9.52,3.1711111111111108,-3.411111111111111,68.9888888888889,83.0,0.9222222222222224,25,0,16.143333333333334,32.60444444444445,1,3,7.160608919753087,54,17,10.653666666666668,0,0,27,5,,,,,,,,0.0,0.0,0.0,0.0,57.9462922166323,,,,,70.21335636392607,湿润宜居综合型
苏州,2022,秋季,31.2989,120.5853,91,18.6,22.81648351648352,14.917582417582418,7.898901098901098,18.562637362637364,-0.0373626373626373,76.6043956043956,318.2,3.4967032967032967,49,2,16.85164835164835,32.98131868131868,2,6,6.9089233821733815,49,23,12.092637362637364,6,1,0,0,,,,,,,,0.0,0.0,0.0,0.0,76.7646001515126,,,,,,湿润宜居综合型
苏州,2022,春季,31.2989,120.5853,92,16.192391304347826,21.351086956521737,11.583695652173914,9.767391304347829,15.167391304347827,-1.025,72.82608695652173,328.9,3.575,38,5,16.827173913043477,32.47608695652174,0,3,7.62512270531401,55,21,16.823478260869564,2,0,0,0,,,,,,,,0.0,0.0,0.0,0.0,75.56371978416361,,,,,,湿润宜居综合型
苏州,2022,夏季,31.2989,120.5853,92,29.080434782608695,33.36630434782609,25.34130434782609,8.025,33.58586956521739,4.505434782608695,74.03260869565217,325.5,3.5380434782608696,57,3,16.480434782608697,33.41195652173913,0,2,9.783894776570047,71,8,20.166847826086958,73,36,0,0,,,,,,,,0.0,0.0,0.0,0.0,69.4020622418111,,,,39.01292536789212,,湿润宜居综合型
苏州,2022,冬季,31.2989,120.5853,90,4.651111111111112,8.568888888888889,0.92,7.648888888888889,1.0744444444444443,-3.576666666666666,73.22222222222223,178.2,1.98,41,0,15.51888888888889,30.334444444444443,1,2,5.230332345679012,35,34,8.775222222222222,0,0,35,0,,,,,,,,0.0,0.0,0.0,0.0,53.22775518015631,,,,,66.28351019822571,湿润宜居综合型
苏州,2023,秋季,31.2989,120.5853,91,18.924175824175823,23.23076923076923,15.2,8.03076923076923,19.47252747252747,0.5483516483516484,76.58241758241758,222.2,2.441758241758242,38,1,14.958241758241758,28.973626373626374,0,2,7.748689957264957,60,17,13.240549450549452,9,0,0,0,40.5467032967033,62.88699633699633,1034.179487179487,60.22362637362638,44.22985347985348,29.970695970695967,2.3154761904761902,46.0,7.0,6.0,0.0,76.27709948635427,89.4281709085957,80.2224209130267,10.571829091404307,,,湿润宜居综合型
苏州,2023,春季,31.2989,120.5853,92,16.786956521739132,21.963043478260868,12.105434782608697,9.857608695652171,15.618478260869566,-1.1684782608695652,69.03260869565217,190.9,2.075,49,0,17.867391304347827,34.93695652173913,3,6,7.250132759661836,50,21,16.172717391304346,9,0,0,0,45.953577898550726,69.14293478260869,702.46875,60.47250905797101,62.0083786231884,40.45018115942029,5.278532608695652,32.0,5.0,16.0,0.0,75.39853456639476,88.31080895880919,79.27221688411908,11.689191041190814,,,湿润宜居综合型
苏州,2023,夏季,31.2989,120.5853,92,27.15,30.955434782608695,24.032608695652176,6.922826086956522,31.62173913043478,4.471739130434783,81.20652173913044,714.4,7.765217391304348,72,11,16.235869565217392,32.672826086956526,3,3,7.997070561594203,54,20,17.82771739130435,69,2,0,0,40.82033514492753,60.83940217391305,784.5842391304348,53.08442028985507,48.20720108695652,66.63405797101449,1.6879528985507246,45.0,5.0,5.0,23.0,71.11885875927872,88.16635409827829,76.2331073609786,11.833645901721702,40.75992322814627,,湿润宜居综合型
苏州,2023,冬季,31.2989,120.5853,90,5.611111111111111,10.464444444444444,1.4322222222222225,9.032222222222222,2.145555555555556,-3.4655555555555555,71.1,161.5,1.7944444444444445,32,0,16.241111111111113,31.75888888888889,1,4,6.705970401234568,49,21,10.178,0,0,34,5,55.96944444444444,83.82916666666667,1248.3287037037037,62.28981481481481,64.78583333333334,18.831018518518515,1.9523148148148148,28.0,23.0,5.0,0.0,56.16713802885136,87.55982276232494,65.58494344889343,12.440177237675051,,72.83528610740561,湿润宜居综合型
苏州,2024,秋季,31.2989,120.5853,91,19.8989010989011,23.59230769230769,16.732967032967032,6.85934065934066,20.625274725274725,0.7263736263736263,77.2967032967033,466.3,5.124175824175825,51,4,17.27802197802198,34.4989010989011,2,8,7.035623565323565,51,23,12.396263736263736,17,0,0,0,33.95155677655678,50.31144688644688,840.3447802197802,55.75517399267399,37.97371794871795,30.687728937728934,2.146978021978022,53.0,3.0,5.0,1.0,74.59124212486402,90.70608985954858,79.4256964452694,9.293910140451406,,,湿润宜居综合型
苏州,2024,春季,31.2989,120.5853,92,16.023913043478263,20.975,11.694565217391306,9.280434782608696,15.165217391304347,-0.8586956521739131,76.22826086956522,265.3,2.883695652173913,49,2,17.60326086956522,33.99239130434783,1,2,7.150351026570048,45,20,16.19445652173913,1,0,2,0,41.64284420289855,65.35769927536232,1060.5548007246375,54.97780797101449,39.264447463768114,41.060235507246375,7.272192028985507,31.0,3.0,22.0,1.0,74.48693095760144,89.06318884857036,78.85980832489211,10.936811151429646,,,湿润宜居综合型
苏州,2024,夏季,31.2989,120.5853,92,28.25978260869565,32.17065217391304,24.87608695652174,7.294565217391304,32.84130434782609,4.581521739130435,77.26086956521739,567.6,6.1695652173913045,54,6,16.395652173913046,32.573913043478264,2,4,8.642637047101449,60,15,18.765652173913043,64,29,0,0,37.97934782608696,56.32083333333333,788.8596014492753,44.65335144927536,31.925951086956523,80.65217391304348,0.7884963768115942,48.0,4.0,0.0,29.0,69.79937812094218,88.51082502571134,75.41281219237291,11.48917497428867,40.147141919430375,,湿润宜居综合型
苏州,2024,冬季,31.2989,120.5853,91,5.482417582417583,9.89010989010989,1.7241758241758245,8.165934065934065,2.097802197802198,-3.3846153846153846,74.07692307692308,170.1,1.8692307692307693,33,0,15.067032967032969,31.412087912087912,0,2,6.427212576312575,47,24,9.697142857142858,0,0,32,1,58.13956043956044,76.32884615384616,1045.3424908424909,52.65668498168498,47.69688644688645,22.082875457875456,1.8104395604395604,27.0,26.0,4.0,0.0,54.96566853874697,88.25091783509195,64.95124332765046,11.749082164908042,,73.12255202644063,湿润宜居综合型
苏州,2025,秋季,31.2989,120.5853,91,20.636263736263736,24.76483516483516,17.456043956043956,7.3087912087912095,22.203296703296704,1.567032967032967,75.4065934065934,186.8,2.052747252747253,48,0,12.734065934065931,30.94175824175824,0,5,7.737713644688644,60,15,13.10901098901099,31,3,0,0,45.16529304029304,48.30009157509158,711.0297619047619,57.987271062271056,52.00879120879121,42.79120879120879,2.8713369963369964,30.0,7.0,8.0,7.0,72.8366711366498,88.82148670064026,77.63211580584695,11.17851329935973,,,湿润宜居综合型
苏州,2025,春季,31.2989,120.5853,92,17.85978260869565,23.214130434782607,12.997826086956522,10.216304347826089,16.804347826086957,-1.0554347826086956,63.55434782608695,225.6,2.4521739130434783,36,2,16.403260869565216,39.10652173913044,2,11,8.67724568236715,66,14,18.18554347826087,14,0,0,0,44.42789855072464,55.676086956521736,587.878170289855,41.95697463768116,35.71100543478261,78.14311594202898,19.187047101449277,32.0,3.0,53.0,22.0,77.65435049940689,88.24497307712927,80.8315372727236,11.755026922870734,,,湿润宜居综合型
苏州,2025,夏季,31.2989,120.5853,92,28.65108695652174,32.790217391304346,25.267391304347825,7.522826086956522,33.207608695652176,4.556521739130434,75.90217391304348,521.4,5.6673913043478255,68,6,15.048913043478262,37.43152173913043,1,11,9.422631672705313,69,13,19.488478260869567,74,30,0,0,31.132744565217397,32.96589673913044,495.5665760869565,36.15588768115942,37.29664855072463,82.71105072463769,2.198822463768116,65.0,1.0,8.0,36.0,68.90492220260163,89.98029787891006,75.22753490549415,10.019702121089937,39.12342433758918,,湿润宜居综合型
苏州,2025,冬季,31.2989,120.5853,90,6.772222222222222,11.336666666666666,2.786666666666666,8.55,3.477777777777778,-3.2944444444444443,64.55555555555556,41.9,0.4655555555555555,23,0,13.667777777777776,32.32555555555556,0,2,7.569197592592593,60,16,11.112111111111112,0,0,17,1,66.83865740740741,70.5849537037037,967.3342592592592,56.10726851851852,59.67,27.41851851851852,3.656944444444445,17.0,30.0,11.0,0.0,59.08434535798433,86.91030598555479,67.43213354625546,13.08969401444521,,76.93671019710737,湿润宜居综合型
西安,2016,秋季,34.3416,108.9398,91,15.161538461538465,19.74615384615385,11.09010989010989,8.656043956043957,14.503296703296703,-0.6582417582417581,67.7032967032967,214.2,2.353846153846154,37,1,8.071428571428571,21.82857142857143,0,1,6.3755269536019545,41,27,10.66835164835165,7,0,7,2,,,,,,,,0.0,0.0,0.0,0.0,75.06841344567057,,,,,,湿润宜居综合型
西安,2016,春季,34.3416,108.9398,92,15.77282608695652,21.8,9.958695652173914,11.841304347826089,14.179347826086955,-1.5934782608695657,52.68478260869565,117.1,1.2728260869565218,39,0,10.03695652173913,26.92391304347826,0,1,8.933317663043479,61,11,17.53586956521739,6,0,2,0,,,,,,,,0.0,0.0,0.0,0.0,76.77956112428123,,,,,,湿润宜居综合型
西安,2016,夏季,34.3416,108.9398,92,27.067391304347822,32.370652173913044,21.816304347826087,10.554347826086955,29.61521739130435,2.547826086956522,60.85869565217392,261.3,2.840217391304348,34,3,9.397826086956522,25.59891304347826,0,0,11.152892934782608,82,6,20.76391304347826,73,25,0,0,,,,,,,,0.0,0.0,0.0,0.0,77.25762113398775,,,,48.83276708021363,,湿润宜居综合型
西安,2016,冬季,34.3416,108.9398,91,2.926373626373626,8.561538461538461,-1.7604395604395606,10.32197802197802,-0.4802197802197802,-3.4065934065934065,55.81318681318681,40.3,0.4428571428571428,15,0,9.05934065934066,24.67142857142857,0,1,8.492344352869353,68,6,11.361868131868132,0,0,63,15,,,,,,,,0.0,0.0,0.0,0.0,55.79667373491501,,,,,65.17924607456884,湿润宜居综合型
西安,2017,秋季,34.3416,108.9398,91,14.2,18.282417582417583,10.694505494505496,7.587912087912088,13.31098901098901,-0.889010989010989,74.0,235.1,2.583516483516484,37,2,13.053846153846155,26.895604395604398,0,0,5.828937179487179,38,31,9.876813186813186,0,0,4,0,,,,,,,,0.0,0.0,0.0,0.0,71.70585698093905,,,,,,湿润宜居综合型
西安,2017,春季,34.3416,108.9398,92,15.729347826086956,22.067391304347822,9.575,12.492391304347825,13.85108695652174,-1.8782608695652172,55.51086956521739,166.6,1.8108695652173912,31,1,15.25,31.39021739130435,2,4,9.197364190821256,64,12,18.41804347826087,16,2,2,0,,,,,,,,0.0,0.0,0.0,0.0,73.71807430449533,,,,,,湿润宜居综合型
西安,2017,夏季,34.3416,108.9398,92,28.039130434782606,33.64021739130435,22.65108695652174,10.98913043478261,29.73913043478261,1.7,56.03260869565217,286.1,3.1097826086956526,51,3,15.160869565217393,32.667391304347824,0,3,10.482088224637682,75,11,20.066521739130437,71,40,0,0,,,,,,,,0.0,0.0,0.0,0.0,73.98498992839286,,,,48.86372471313156,,湿润宜居综合型
西安,2017,冬季,34.3416,108.9398,90,2.8766666666666665,8.741111111111111,-1.8444444444444448,10.585555555555556,-0.9377777777777778,-3.8144444444444447,58.06666666666667,20.8,0.2311111111111111,14,0,13.047777777777778,26.76,1,1,7.926556697530864,67,9,10.832777777777778,0,0,74,4,,,,,,,,0.0,0.0,0.0,0.0,54.52586661611624,,,,,63.59530848084125,湿润宜居综合型
西安,2018,秋季,34.3416,108.9398,91,14.547252747252749,19.854945054945052,9.946153846153846,9.90879120879121,12.757142857142858,-1.7901098901098902,61.175824175824175,117.8,1.2945054945054946,28,1,13.783516483516484,28.25274725274725,1,3,7.010244841269841,51,19,12.03758241758242,4,1,4,0,,,,,,,,0.0,0.0,0.0,0.0,72.55008926446396,,,,,,湿润宜居综合型
西安,2018,春季,34.3416,108.9398,92,17.319565217391304,23.767391304347825,11.432608695652174,12.334782608695653,15.546739130434782,-1.7728260869565218,55.82608695652174,121.9,1.325,39,0,16.70978260869565,34.131521739130434,5,10,8.223452053140097,61,16,16.673478260869565,14,1,1,0,,,,,,,,0.0,0.0,0.0,0.0,76.80853676221597,,,,,,湿润宜居综合型
西安,2018,夏季,34.3416,108.9398,92,28.74673913043478,34.10652173913044,23.57934782608696,10.527173913043478,30.99347826086957,2.2467391304347823,57.82608695652174,201.2,2.1869565217391305,44,2,16.002173913043478,33.23913043478261,0,0,10.088871678743962,76,11,19.613478260869567,74,50,0,0,,,,,,,,0.0,0.0,0.0,0.0,73.3260028029669,,,,45.62868063936702,,湿润宜居综合型
西安,2018,冬季,34.3416,108.9398,90,0.6144444444444445,5.834444444444444,-3.604444444444444,9.438888888888888,-3.497777777777778,-4.112222222222223,53.68888888888889,37.1,0.4122222222222222,23,0,12.91222222222222,26.006666666666664,0,0,7.188103919753087,54,16,10.178333333333333,0,0,75,38,,,,,,,,0.0,0.0,0.0,0.0,53.73507628474616,,,,,57.7910712948445,湿润宜居综合型
西安,2019,秋季,34.3416,108.9398,91,14.33956043956044,19.048351648351648,10.252747252747254,8.795604395604395,13.497802197802198,-0.841758241758242,74.57142857142857,258.5,2.840659340659341,42,1,13.373626373626374,27.61318681318681,0,1,6.51838952991453,49,25,11.065934065934066,4,0,4,0,,,,,,,,0.0,0.0,0.0,0.0,71.3790886263966,,,,,,湿润宜居综合型
西安,2019,春季,34.3416,108.9398,92,16.97391304347826,23.63804347826087,10.696739130434782,12.941304347826089,14.710869565217392,-2.2630434782608697,48.70652173913044,87.9,0.9554347826086956,32,0,15.958695652173914,32.76195652173913,0,6,7.977077173913043,61,15,16.562934782608696,17,4,2,0,,,,,,,,0.0,0.0,0.0,0.0,75.27670346787113,,,,,,湿润宜居综合型
西安,2019,夏季,34.3416,108.9398,92,26.55652173913043,31.875,21.469565217391303,10.405434782608696,28.369565217391305,1.8130434782608695,61.51086956521739,269.3,2.9271739130434784,38,1,14.721739130434784,30.25978260869565,0,1,8.877430585748792,62,12,18.27358695652174,67,21,0,0,,,,,,,,0.0,0.0,0.0,0.0,78.23021217704495,,,,49.88970603870608,,湿润宜居综合型
西安,2019,冬季,34.3416,108.9398,90,2.026666666666667,7.737777777777778,-2.2688888888888887,10.006666666666668,-1.8888888888888888,-3.9155555555555552,58.74444444444445,23.0,0.2555555555555555,19,0,12.843333333333334,26.121111111111112,0,1,7.243759475308642,54,9,9.761333333333331,0,0,72,11,,,,,,,,0.0,0.0,0.0,0.0,54.45699129113362,,,,,62.1545719232519,湿润宜居综合型
西安,2020,秋季,34.3416,108.9398,91,14.517582417582416,19.026373626373623,10.564835164835165,8.461538461538462,13.373626373626374,-1.143956043956044,70.35164835164835,149.70000000000002,1.6450549450549452,40,0,12.942857142857145,26.984615384615385,0,0,6.514034768009768,47,24,11.185164835164835,4,0,4,0,,,,,,,,0.0,0.0,0.0,0.0,73.16689523230863,,,,,,湿润宜居综合型
西安,2020,春季,34.3416,108.9398,92,17.11195652173913,23.67717391304348,10.770652173913044,12.906521739130437,14.754347826086958,-2.357608695652174,47.06521739130435,84.5,0.9184782608695652,28,1,15.77608695652174,33.025,0,5,8.807235718599033,65,8,17.841195652173916,22,3,1,0,,,,,,,,0.0,0.0,0.0,0.0,74.60566070880851,,,,,,湿润宜居综合型
西安,2020,夏季,34.3416,108.9398,92,25.269565217391307,30.06847826086957,20.93260869565217,9.13586956521739,27.57717391304348,2.3076086956521737,70.84782608695652,380.4,4.134782608695652,49,2,15.047826086956524,30.844565217391303,0,4,8.042061322463768,54,19,17.255434782608695,48,9,0,0,,,,,,,,0.0,0.0,0.0,0.0,78.24404055628493,,,,51.48619549700378,,湿润宜居综合型
西安,2020,冬季,34.3416,108.9398,91,2.391208791208791,7.618681318681318,-1.8769230769230767,9.495604395604396,-1.1615384615384616,-3.552747252747253,65.95604395604396,39.7,0.4362637362637362,28,0,11.852747252747251,24.69010989010989,0,1,6.999805250305251,52,17,9.663736263736263,0,0,69,8,,,,,,,,0.0,0.0,0.0,0.0,53.29692924058241,,,,,61.96769402039931,湿润宜居综合型
西安,2021,秋季,34.3416,108.9398,91,13.884615384615383,18.53406593406593,9.983516483516484,8.55054945054945,13.002197802197802,-0.8824175824175827,75.03296703296704,399.9,4.394505494505495,42,6,13.842857142857143,27.28351648351649,0,1,6.161784554334555,45,26,10.861978021978022,7,0,8,0,,,,,,,,0.0,0.0,0.0,0.0,69.91115547380313,,,,,,湿润宜居综合型
西安,2021,春季,34.3416,108.9398,92,15.97717391304348,21.870652173913044,10.395652173913044,11.475,14.069565217391306,-1.9076086956521736,58.75,132.4,1.4391304347826088,34,1,16.23804347826087,33.50978260869565,0,5,7.881688677536232,60,19,16.345,13,1,2,0,,,,,,,,0.0,0.0,0.0,0.0,74.40052885366421,,,,,,湿润宜居综合型
西安,2021,夏季,34.3416,108.9398,92,26.88804347826087,32.20652173913044,21.93260869565217,10.27391304347826,29.044565217391305,2.156521739130435,62.32608695652174,391.0,4.25,39,3,14.27608695652174,29.968478260869563,0,2,9.039341968599034,67,12,18.58782608695652,65,24,0,0,,,,,,,,0.0,0.0,0.0,0.0,77.62733769580193,,,,48.99133318111556,,湿润宜居综合型
西安,2021,冬季,34.3416,108.9398,90,3.457777777777778,9.546666666666669,-1.4222222222222225,10.96888888888889,-0.4433333333333333,-3.901111111111111,53.477777777777774,52.5,0.5833333333333334,12,0,13.292222222222222,26.313333333333333,0,0,7.587546944444445,62,12,10.365444444444444,0,0,63,10,,,,,,,,0.0,0.0,0.0,0.0,54.62906994078221,,,,,63.87228206318425,湿润宜居综合型
西安,2022,秋季,34.3416,108.9398,91,14.832967032967032,19.349450549450548,10.8989010989011,8.45054945054945,14.062637362637362,-0.7703296703296703,75.14285714285714,178.0,1.956043956043956,40,2,13.676923076923076,27.153846153846157,2,2,6.19692673992674,38,26,10.77945054945055,1,0,2,0,,,,,,,,0.0,0.0,0.0,0.0,73.06536837154077,,,,,,湿润宜居综合型
西安,2022,春季,34.3416,108.9398,92,17.023913043478263,23.61847826086957,10.834782608695653,12.783695652173911,15.084782608695653,-1.9391304347826084,52.09782608695652,122.9,1.3358695652173913,27,0,15.925,31.030434782608697,1,6,8.133975543478261,58,11,16.95782608695652,15,0,1,0,,,,,,,,0.0,0.0,0.0,0.0,77.2266749827353,,,,,,湿润宜居综合型
西安,2022,夏季,34.3416,108.9398,92,28.27065217391305,34.0304347826087,22.839130434782607,11.191304347826089,30.42934782608696,2.1586956521739125,59.94565217391305,410.6,4.46304347826087,40,5,17.729347826086954,34.892391304347825,2,7,9.943682669082126,74,9,19.82054347826087,77,50,0,0,,,,,,,,0.0,0.0,0.0,0.0,73.03929128780027,,,,45.93095566394683,,湿润宜居综合型
西安,2022,冬季,34.3416,108.9398,90,1.6733333333333331,7.042222222222222,-2.5077777777777777,9.55,-2.161111111111111,-3.8344444444444448,64.11111111111111,27.1,0.3011111111111111,16,0,12.491111111111111,25.15,0,0,7.036324290123457,58,18,9.753333333333332,0,0,83,11,,,,,,,,0.0,0.0,0.0,0.0,52.66390018345113,,,,,59.576454907802855,湿润宜居综合型
西安,2023,秋季,34.3416,108.9398,91,15.307692307692308,20.34835164835165,11.05934065934066,9.289010989010988,14.594505494505494,-0.7131868131868132,70.14285714285714,170.1,1.8692307692307693,33,0,13.153846153846152,25.72967032967033,0,0,7.21985995115995,52,18,11.852637362637362,12,0,3,0,46.68470695970696,68.66442307692307,764.941391941392,45.27174908424909,31.53942307692308,34.69413919413919,4.869047619047619,16.0,1.0,11.0,1.0,72.49817242460556,89.7496460405422,77.67361450938654,10.250353959457795,,,湿润宜居综合型
西安,2023,春季,34.3416,108.9398,92,15.484782608695651,21.62608695652174,9.928260869565218,11.697826086956525,13.73804347826087,-1.7467391304347828,59.25,221.2,2.404347826086956,32,0,15.327173913043476,29.98260869565217,2,5,7.253375211352657,58,25,15.277717391304348,9,0,1,0,46.31748188405797,70.57758152173913,523.9139492753624,53.4745018115942,49.20457427536232,42.05344202898551,14.746829710144926,22.0,4.0,45.0,0.0,73.35953363065967,88.90141032522574,78.02209663902948,11.098589674774267,,,湿润宜居综合型
西安,2023,夏季,34.3416,108.9398,92,26.09891304347826,31.569565217391304,21.046739130434784,10.522826086956522,28.407608695652176,2.3086956521739133,66.19565217391305,299.4,3.2543478260869563,37,2,14.315217391304348,28.671739130434784,1,1,9.038225875603866,65,12,19.038695652173917,66,20,0,0,41.935235507246375,63.51345108695652,490.3464673913044,48.83129528985508,30.51290760869565,86.84103260869566,10.52038043478261,22.0,0.0,28.0,33.0,78.06967488222915,87.81413545568634,80.9930130542663,12.185864544313665,49.59271982848373,,湿润宜居综合型
西安,2023,冬季,34.3416,108.9398,90,2.318888888888889,8.082222222222223,-2.0955555555555554,10.177777777777775,-1.6355555555555554,-3.954444444444444,57.333333333333336,32.4,0.36,21,0,13.86111111111111,27.266666666666666,0,0,7.161830925925926,57,14,9.673333333333334,0,0,67,19,71.29,104.40138888888887,1835.7939814814813,70.31486111111111,57.164953703703695,22.686574074074077,6.398611111111111,6.0,36.0,12.0,0.0,53.49072639037138,84.78275918859046,62.878336229837096,15.217240811409544,,67.00943552596893,湿润宜居综合型
西安,2024,秋季,34.3416,108.9398,91,17.53846153846154,22.51318681318681,13.357142857142858,9.156043956043955,16.72967032967033,-0.808791208791209,67.18681318681318,138.0,1.5164835164835164,33,1,16.16923076923077,32.11868131868132,4,6,7.465204426129426,58,18,12.401868131868133,21,7,1,0,49.66909340659341,68.40238095238095,885.2715201465201,39.31318681318681,33.26790293040293,42.97435897435897,6.597069597069598,29.0,16.0,17.0,1.0,73.83332993196639,89.2117709387389,78.44686223399815,10.788229061261111,,,湿润宜居综合型
西安,2024,春季,34.3416,108.9398,92,18.19891304347826,24.85652173913044,11.911956521739132,12.944565217391306,16.72391304347826,-1.475,54.48913043478261,101.7,1.1054347826086957,25,0,15.941304347826089,31.458695652173912,4,4,8.181478351449275,61,13,16.778260869565216,25,4,4,0,40.83763586956522,70.25652173913043,521.7803442028985,35.888858695652175,19.44891304347826,62.3822463768116,32.82971014492754,35.0,3.0,67.0,3.0,78.119879342208,89.80291203494325,81.62478915002858,10.197087965056744,,,湿润宜居综合型
西安,2024,夏季,34.3416,108.9398,92,27.494565217391305,32.7945652173913,22.714130434782607,10.080434782608696,30.210869565217397,2.716304347826087,64.72826086956522,284.8,3.095652173913044,44,2,14.860869565217392,29.98260869565217,0,1,8.689667632850242,62,11,18.18413043478261,75,26,0,0,45.78333333333333,69.73826992753624,529.0036231884059,45.906431159420286,20.14710144927536,93.75815217391305,12.28125,28.0,7.0,26.0,31.0,75.73174887348742,87.30715433553002,79.2043705121002,12.692845664469989,45.42858923524813,,湿润宜居综合型
西安,2024,冬季,34.3416,108.9398,91,1.7142857142857142,6.923076923076923,-2.234065934065934,9.157142857142857,-2.067032967032967,-3.7813186813186817,61.21978021978022,24.6,0.2703296703296703,23,0,12.483516483516484,25.301098901098904,0,1,6.772036721611722,57,23,9.458791208791208,0,0,75,8,74.3587912087912,96.73576007326008,1394.9652014652015,46.17106227106227,56.686584249084255,28.4235347985348,8.612179487179487,3.0,39.0,10.0,0.0,53.545692189894176,85.94174246382372,63.26450727207304,14.058257536176288,,67.58472506062604,湿润宜居综合型
西安,2025,秋季,34.3416,108.9398,91,14.625274725274728,18.67032967032967,11.403296703296704,7.267032967032967,14.263736263736265,-0.3615384615384615,78.73626373626374,353.4,3.883516483516484,44,2,12.104395604395604,26.37582417582417,0,0,5.383724511599512,38,34,9.74824175824176,2,0,4,0,55.67271062271062,60.058516483516485,1183.0677655677655,48.09235347985347,43.83809523809524,33.1996336996337,7.643772893772893,10.0,10.0,26.0,0.0,71.55272459103892,88.30240423756194,76.57762848499583,11.69759576243806,,,湿润宜居综合型
西安,2025,春季,34.3416,108.9398,92,18.833695652173912,25.653260869565216,12.2,13.453260869565218,16.29021739130435,-2.5434782608695654,39.79347826086956,90.7,0.9858695652173912,21,0,16.997826086956522,37.64673913043478,1,15,8.888553200483091,69,8,17.910326086956523,28,8,2,0,44.69470108695653,92.25783514492753,605.0,36.794610507246375,23.5463768115942,71.47644927536231,90.06929347826087,23.0,4.0,89.0,11.0,74.68323996877733,88.41273071273348,78.80208719196418,11.587269287266516,,,湿润宜居综合型
西安,2025,夏季,34.3416,108.9398,92,29.40978260869565,35.06195652173913,24.15108695652174,10.910869565217393,31.686956521739127,2.2771739130434785,56.0,169.1,1.8380434782608692,42,1,14.97717391304348,34.05,0,2,9.328170440821255,69,10,19.003695652173917,80,49,0,0,39.763858695652175,50.31838768115942,464.2463768115942,36.25946557971015,27.566259057971013,108.9578804347826,20.80389492753623,34.0,0.0,58.0,60.0,72.68076090664508,87.7977630632519,77.21586155362712,12.20223693674809,43.82826288713851,,湿润宜居综合型
西安,2025,冬季,34.3416,108.9398,90,2.7222222222222223,7.930000000000001,-1.3522222222222222,9.282222222222222,-0.7911111111111111,-3.513333333333333,63.888888888888886,44.5,0.4944444444444444,15,0,11.791111111111112,26.03666666666667,0,0,7.595473333333333,59,14,10.22411111111111,0,0,66,5,81.50703703703704,91.44467592592594,1925.847685185185,49.58828703703704,63.65439814814815,31.262037037037032,16.59722222222222,1.0,57.0,30.0,0.0,54.64591759429203,84.36332660634054,63.561140297906576,15.636673393659471,,69.27482852980407,湿润宜居综合型
重庆,2016,秋季,29.563,106.5516,91,19.19120879120879,22.16923076923077,16.603296703296703,5.565934065934066,20.75604395604396,1.5648351648351653,81.63736263736264,270.4,2.971428571428571,56,1,8.169230769230769,19.27912087912088,0,0,4.374245665445666,24,44,8.118351648351648,10,0,0,0,,,,,,,,0.0,0.0,0.0,0.0,76.59976608314555,,,,,,湿润宜居综合型
重庆,2016,春季,29.563,106.5516,92,18.76086956521739,22.870652173913044,14.907608695652174,7.96304347826087,19.680434782608696,0.9195652173913044,78.20652173913044,396.8,4.3130434782608695,63,0,9.92608695652174,22.24347826086957,0,0,6.594646769323671,43,27,13.03217391304348,7,0,0,0,,,,,,,,0.0,0.0,0.0,0.0,79.42047416247338,,,,,,湿润宜居综合型
重庆,2016,夏季,29.563,106.5516,92,27.955434782608695,31.833695652173912,24.229347826086958,7.604347826086957,33.24239130434783,5.28695652173913,78.6086956521739,574.4,6.243478260869565,56,5,9.75108695652174,23.74347826086957,0,0,9.303651992753624,67,14,18.34336956521739,69,17,0,0,,,,,,,,0.0,0.0,0.0,0.0,69.7694500394466,,,,39.43159005482924,,湿润宜居综合型
重庆,2016,冬季,29.563,106.5516,91,9.554945054945057,12.820879120879122,6.576923076923077,6.243956043956045,7.706593406593406,-1.848351648351648,76.17582417582418,100.9,1.1087912087912088,36,0,8.981318681318681,19.41318681318681,0,0,4.69679007936508,25,37,7.597032967032967,0,0,2,0,,,,,,,,0.0,0.0,0.0,0.0,63.10089308871557,,,,,74.78694829041383,湿润宜居综合型
重庆,2017,秋季,29.563,106.5516,91,18.88021978021978,21.578021978021976,16.63186813186813,4.946153846153846,20.285714285714285,1.4054945054945056,82.5934065934066,396.7,4.359340659340659,70,5,9.594505494505494,20.43406593406593,0,0,3.854252869352869,26,50,7.419120879120879,7,0,0,0,,,,,,,,0.0,0.0,0.0,0.0,75.62422860644564,,,,,,湿润宜居综合型
重庆,2017,春季,29.563,106.5516,92,17.90869565217391,21.630434782608692,14.330434782608696,7.3,18.440217391304348,0.5315217391304349,77.0,389.3,4.231521739130435,62,2,10.907608695652174,23.332608695652173,0,0,6.088433967391305,37,34,13.364891304347823,4,0,0,0,,,,,,,,0.0,0.0,0.0,0.0,77.58164771644337,,,,,,湿润宜居综合型
重庆,2017,夏季,29.563,106.5516,92,27.820652173913043,31.811956521739127,24.071739130434786,7.740217391304348,32.37934782608696,4.558695652173913,75.03260869565217,404.6,4.397826086956522,63,2,10.954347826086956,25.252173913043475,0,0,9.005297916666667,64,14,17.738369565217393,60,25,0,0,,,,,,,,0.0,0.0,0.0,0.0,71.71326721613954,,,,42.24452791255301,,湿润宜居综合型
重庆,2017,冬季,29.563,106.5516,90,9.832222222222224,12.80888888888889,7.11888888888889,5.69,8.085555555555556,-1.7466666666666666,78.72222222222223,82.3,0.9144444444444444,49,0,9.655555555555557,19.826666666666668,0,0,3.6039075,17,49,6.541,0,0,0,0,,,,,,,,0.0,0.0,0.0,0.0,62.50578187047013,,,,,73.86719835555324,湿润宜居综合型
重庆,2018,秋季,29.563,106.5516,91,17.936263736263736,21.067032967032965,15.425274725274726,5.641758241758241,18.803296703296706,0.8670329670329671,81.72527472527473,287.5,3.159340659340659,70,1,9.782417582417583,21.45824175824176,0,0,3.6106709706959705,18,51,8.052417582417583,6,5,0,0,,,,,,,,0.0,0.0,0.0,0.0,74.92063519297078,,,,,,湿润宜居综合型
重庆,2018,春季,29.563,106.5516,92,19.221739130434784,23.721739130434784,15.327173913043476,8.394565217391303,20.21195652173913,0.990217391304348,78.23913043478261,411.6,4.4739130434782615,62,3,11.621739130434785,25.84021739130435,0,2,6.736089251207729,49,30,13.545000000000002,8,0,0,0,,,,,,,,0.0,0.0,0.0,0.0,78.94981911502339,,,,,,湿润宜居综合型
重庆,2018,夏季,29.563,106.5516,92,28.21195652173913,32.16195652173913,24.51086956521739,7.651086956521738,33.06086956521739,4.848913043478261,75.3913043478261,330.6,3.5934782608695657,69,1,11.45,26.518478260869564,0,0,9.20495404589372,65,8,18.575869565217392,69,20,0,0,,,,,,,,0.0,0.0,0.0,0.0,71.39340725115649,,,,40.13226244962992,,湿润宜居综合型
重庆,2018,冬季,29.563,106.5516,90,8.3,11.227777777777778,5.687777777777778,5.54,6.181111111111111,-2.118888888888889,77.4,83.1,0.9233333333333332,52,0,9.914444444444444,20.026666666666667,0,0,3.4027139197530865,18,52,6.455666666666667,0,0,1,0,,,,,,,,0.0,0.0,0.0,0.0,59.405565611535934,,,,,72.63977801119644,湿润宜居综合型
重庆,2019,秋季,29.563,106.5516,91,18.88021978021978,22.080219780219775,16.16923076923077,5.91098901098901,20.20769230769231,1.3274725274725274,82.06593406593407,304.8,3.349450549450549,67,1,9.903296703296704,22.428571428571427,0,0,5.102649023199024,33,40,9.73912087912088,11,0,0,0,,,,,,,,0.0,0.0,0.0,0.0,76.19199772971587,,,,,,湿润宜居综合型
重庆,2019,春季,29.563,106.5516,92,18.343478260869563,22.561956521739127,14.633695652173913,7.928260869565217,19.101086956521737,0.7576086956521741,78.59782608695652,342.2,3.719565217391304,69,2,11.254347826086958,24.55,0,0,6.346363858695653,40,31,13.702608695652176,6,0,0,0,,,,,,,,0.0,0.0,0.0,0.0,77.89734046715918,,,,,,湿润宜居综合型
重庆,2019,夏季,29.563,106.5516,92,26.808695652173917,30.49673913043478,23.377173913043475,7.119565217391305,31.542391304347827,4.733695652173913,80.33695652173913,560.1,6.08804347826087,65,3,10.12608695652174,23.52608695652174,0,0,7.563865338164251,52,20,16.454891304347825,49,14,0,0,,,,,,,,0.0,0.0,0.0,0.0,73.02654779739501,,,,43.37296960353115,,湿润宜居综合型
重庆,2019,冬季,29.563,106.5516,90,9.246666666666668,12.254444444444443,6.793333333333333,5.461111111111111,7.35,-1.8966666666666665,77.7,61.3,0.6811111111111111,46,0,9.36111111111111,19.288888888888888,0,0,3.918854320987655,14,41,6.758333333333334,0,0,0,0,,,,,,,,0.0,0.0,0.0,0.0,62.17280792352678,,,,,73.90762894575231,湿润宜居综合型
重庆,2020,秋季,29.563,106.5516,91,18.323076923076925,21.265934065934065,15.813186813186814,5.452747252747253,19.36703296703297,1.043956043956044,81.93406593406593,332.7,3.656043956043956,68,0,9.596703296703296,20.13736263736264,0,0,4.471040018315018,23,44,8.731098901098902,4,1,0,0,,,,,,,,0.0,0.0,0.0,0.0,76.70152654261972,,,,,,湿润宜居综合型
重庆,2020,春季,29.563,106.5516,92,18.472826086956523,22.43586956521739,14.794565217391304,7.641304347826087,19.26521739130435,0.7923913043478261,78.47826086956522,389.5,4.233695652173913,60,3,11.18695652173913,24.38369565217392,0,0,6.602701902173913,44,29,13.873695652173916,9,0,0,0,,,,,,,,0.0,0.0,0.0,0.0,77.52146534271986,,,,,,湿润宜居综合型
重庆,2020,夏季,29.563,106.5516,92,27.448913043478264,31.27282608695652,24.01521739130435,7.257608695652174,32.03478260869565,4.585869565217392,77.66304347826087,600.5,6.527173913043479,65,8,11.577173913043476,26.55652173913043,0,0,8.431564915458937,54,15,17.204239130434782,53,18,0,0,,,,,,,,0.0,0.0,0.0,0.0,72.11941981973744,,,,42.83119215031136,,湿润宜居综合型
重庆,2020,冬季,29.563,106.5516,91,9.24945054945055,11.994505494505496,6.846153846153846,5.148351648351649,7.485714285714287,-1.7637362637362637,80.08791208791209,135.6,1.49010989010989,57,0,9.094505494505494,18.87692307692308,0,0,3.396774297924298,15,51,6.354065934065934,0,0,0,0,,,,,,,,0.0,0.0,0.0,0.0,61.09291673373325,,,,,72.97201360434191,湿润宜居综合型
重庆,2021,秋季,29.563,106.5516,91,18.65714285714286,21.96923076923077,15.757142857142858,6.212087912087911,19.896703296703297,1.2395604395604394,81.10989010989012,373.9,4.108791208791209,59,3,10.928571428571429,23.045054945054943,0,0,5.244634401709402,34,37,10.2489010989011,17,0,0,0,,,,,,,,0.0,0.0,0.0,0.0,72.75012493707897,,,,,,湿润宜居综合型
重庆,2021,春季,29.563,106.5516,92,18.20108695652174,21.90217391304348,15.044565217391304,6.857608695652174,19.055434782608696,0.8543478260869568,80.52173913043478,433.8,4.715217391304348,73,4,10.652173913043478,23.066304347826087,0,1,5.533845893719807,28,32,12.643152173913045,3,0,0,0,,,,,,,,0.0,0.0,0.0,0.0,78.66191983915013,,,,,,湿润宜居综合型
重庆,2021,夏季,29.563,106.5516,92,26.93152173913043,30.52391304347826,23.688043478260877,6.835869565217391,31.80652173913043,4.875,80.52173913043478,702.7,7.63804347826087,74,10,10.565217391304348,24.846739130434784,0,0,8.104330434782609,56,15,16.807173913043478,56,9,0,0,,,,,,,,0.0,0.0,0.0,0.0,72.29548366229847,,,,42.3449865276747,,湿润宜居综合型
重庆,2021,冬季,29.563,106.5516,90,9.648888888888887,13.134444444444444,6.516666666666667,6.617777777777778,7.934444444444445,-1.7144444444444449,79.15555555555555,124.7,1.3855555555555557,41,0,9.601111111111113,19.53333333333333,0,0,4.145576574074074,25,47,7.771777777777778,0,0,3,0,,,,,,,,0.0,0.0,0.0,0.0,62.1261672670672,,,,,73.57382529194086,湿润宜居综合型
重庆,2022,秋季,29.563,106.5516,91,20.045054945054943,23.923076923076923,16.85164835164835,7.071428571428571,21.123076923076923,1.0780219780219782,76.15384615384616,200.9,2.207692307692308,49,0,10.82967032967033,22.11098901098901,0,0,5.216022863247863,29,35,10.040109890109887,13,0,0,0,,,,,,,,0.0,0.0,0.0,0.0,79.9686112963043,,,,,,湿润宜居综合型
重庆,2022,春季,29.563,106.5516,92,19.0,23.492391304347827,14.930434782608694,8.56195652173913,19.846739130434784,0.8467391304347825,78.1413043478261,514.0,5.586956521739131,65,6,11.68586956521739,23.596739130434784,0,1,6.384012530193237,42,27,13.598369565217393,6,0,0,0,,,,,,,,0.0,0.0,0.0,0.0,79.55848666373834,,,,,,湿润宜居综合型
重庆,2022,夏季,29.563,106.5516,92,29.75869565217392,34.03369565217391,25.68913043478261,8.344565217391304,33.95869565217391,4.2,67.3695652173913,270.0,2.9347826086956523,44,2,12.071739130434782,25.220652173913045,0,0,9.477145380434782,64,10,19.39902173913044,67,43,0,0,,,,,,,,0.0,0.0,0.0,0.0,69.30828713096024,,,,40.06027178799556,,湿润宜居综合型
重庆,2022,冬季,29.563,106.5516,90,8.403333333333332,11.572222222222225,5.532222222222222,6.04,6.252222222222223,-2.151111111111111,77.41111111111111,124.5,1.3833333333333333,48,0,9.744444444444444,19.074444444444445,0,0,2.874945246913581,14,57,6.484333333333334,0,0,1,0,,,,,,,,0.0,0.0,0.0,0.0,59.65500490672986,,,,,72.32012751729803,湿润宜居综合型
重庆,2023,秋季,29.563,106.5516,91,20.298901098901094,23.89010989010989,17.341758241758242,6.548351648351648,22.045054945054943,1.7461538461538462,81.20879120879121,493.3,5.420879120879121,59,4,10.437362637362638,20.287912087912087,0,0,5.981476465201465,36,28,10.878241758241758,17,2,0,0,42.26662087912088,60.996703296703295,676.8887362637363,47.55613553113553,30.379761904761907,35.01190476190476,1.01510989010989,36.0,8.0,2.0,0.0,77.60423229842192,90.25369707006855,81.39907172991592,9.746302929931446,,,湿润宜居综合型
重庆,2023,春季,29.563,106.5516,92,18.93913043478261,23.30217391304348,15.206521739130435,8.095652173913043,19.816304347826087,0.8771739130434785,78.07608695652173,418.0,4.543478260869565,69,3,11.834782608695653,24.002173913043475,0,0,6.324347131642512,42,24,13.843152173913042,7,0,0,0,55.76154891304348,80.16671195652174,766.6182065217391,50.61526268115942,54.521557971014495,49.55072463768115,2.107789855072464,16.0,18.0,5.0,2.0,78.8320190711012,87.34431703678915,81.38570846080759,12.65568296321084,,,湿润宜居综合型
重庆,2023,夏季,29.563,106.5516,92,26.78695652173913,30.63804347826087,23.40978260869565,7.228260869565218,31.745652173913044,4.958695652173914,81.52173913043478,773.3,8.405434782608696,67,10,10.941304347826089,22.69782608695652,0,0,7.907790700483092,54,14,17.064891304347828,56,8,0,0,49.4648097826087,71.35457427536232,633.6195652173913,57.4651268115942,36.68052536231884,83.0439311594203,2.257699275362319,13.0,7.0,2.0,31.0,72.42837956468522,86.50930594939605,76.65265748009845,13.490694050603956,42.16059673482132,,湿润宜居综合型
重庆,2023,冬季,29.563,106.5516,90,9.272222222222222,13.091111111111111,5.997777777777777,7.093333333333333,7.359999999999999,-1.9122222222222225,77.9,62.6,0.6955555555555556,40,0,10.195555555555556,19.655555555555555,0,0,3.955225679012346,16,42,7.499111111111111,0,0,4,0,78.51736111111111,112.7274537037037,1880.4791666666667,62.50675925925926,67.4125462962963,23.663425925925928,0.7782407407407408,8.0,51.0,1.0,0.0,62.06053769269159,84.1182415912893,68.6778488622709,15.881758408710688,,75.95852211834887,湿润宜居综合型
重庆,2024,秋季,29.563,106.5516,91,21.73186813186813,25.294505494505497,18.678021978021977,6.616483516483517,23.345054945054947,1.6131868131868132,75.12087912087912,314.6,3.457142857142857,59,2,10.921978021978022,22.59450549450549,0,0,5.39199007936508,32,35,10.50065934065934,28,23,0,0,46.8831043956044,61.107921245421245,724.8136446886448,43.908699633699634,34.379532967032965,42.267857142857146,0.8571428571428571,34.0,8.0,1.0,5.0,75.08071341903278,89.52003271057994,79.41250920649692,10.479967289420063,,,湿润宜居综合型
重庆,2024,春季,29.563,106.5516,92,19.596739130434784,23.85760869565217,16.069565217391304,7.788043478260869,20.944565217391304,1.3478260869565215,79.73913043478261,551.5,5.994565217391305,71,6,11.730434782608697,23.971739130434784,0,1,6.53294393115942,44,26,14.21108695652174,7,1,0,0,43.90978260869565,64.61390398550725,583.9904891304348,43.14515398550724,22.49451992753623,53.95788043478261,5.527626811594202,24.0,1.0,16.0,2.0,79.3409549220721,89.55868028479895,82.40627253089015,10.441319715201052,,,湿润宜居综合型
重庆,2024,夏季,29.563,106.5516,92,28.59891304347826,32.55760869565218,24.971739130434784,7.585869565217393,33.46521739130435,4.866304347826087,75.15217391304348,504.8,5.48695652173913,53,6,11.904347826086957,24.15108695652174,0,0,8.734121256038648,61,9,17.75228260869565,66,32,0,0,39.99492753623189,57.94397644927537,485.067481884058,44.860778985507245,21.86177536231884,86.42798913043478,2.43161231884058,38.0,0.0,5.0,22.0,70.02394131351276,88.45801521457142,75.55416348383037,11.54198478542859,39.46067251331306,,湿润宜居综合型
重庆,2024,冬季,29.563,106.5516,91,9.454945054945057,12.636263736263738,6.823076923076923,5.813186813186813,7.8,-1.6549450549450548,79.81318681318682,99.9,1.097802197802198,49,0,8.913186813186813,18.63736263736264,0,0,3.3233570207570207,16,51,6.888131868131869,0,0,0,0,77.40737179487179,94.7602564102564,1143.7518315018317,44.04903846153847,63.37637362637363,27.574175824175825,1.4821428571428572,12.0,41.0,1.0,0.0,61.69237163710339,85.95793054698893,68.97203931006905,14.042069453011074,,76.41482451173735,湿润宜居综合型
重庆,2025,秋季,29.563,106.5516,91,20.52747252747253,24.021978021978025,17.945054945054945,6.076923076923077,22.748351648351647,2.220879120879121,82.21978021978022,426.5,4.686813186813187,70,5,8.973626373626374,22.806593406593407,0,0,4.986404059829059,28,36,10.074725274725274,26,5,0,0,59.40494505494506,60.1816391941392,847.1643772893773,45.44235347985348,49.44917582417583,38.18269230769231,1.1863553113553114,27.0,27.0,0.0,4.0,73.97129789587812,88.0652339117535,78.19947870064073,11.934766088246516,,,湿润宜居综合型
重庆,2025,春季,29.563,106.5516,92,18.681521739130435,23.02173913043478,15.025,7.996739130434783,19.831521739130437,1.15,78.84782608695652,484.5,5.266304347826087,63,6,9.343478260869563,24.006521739130434,0,1,6.434348701690822,46,28,14.023043478260869,9,0,0,0,69.33460144927535,87.65176630434782,739.7803442028986,48.86209239130435,40.721875,60.54710144927536,34.18478260869565,12.0,35.0,67.0,2.0,77.16263383013158,85.6829849958345,79.71873917984244,14.3170150041655,,,湿润宜居综合型
重庆,2025,夏季,29.563,106.5516,92,29.27282608695652,33.90978260869565,25.25978260869565,8.65,34.143478260869564,4.870652173913044,71.80434782608695,565.5,6.146739130434782,64,8,10.761956521739132,28.617391304347827,0,0,9.3605172705314,67,9,18.88217391304348,76,37,0,0,46.07164855072463,48.35135869565217,534.253170289855,43.99538043478261,33.33555253623189,93.92934782608695,4.296648550724638,28.0,11.0,12.0,35.0,69.26279168312587,87.4192257155164,74.70972189284302,12.5807742844836,38.04735999529214,,湿润宜居综合型
重庆,2025,冬季,29.563,106.5516,90,9.792222222222222,12.755555555555556,7.451111111111111,5.304444444444444,8.438888888888888,-1.3533333333333333,83.25555555555556,134.1,1.49,56,0,8.237777777777778,19.76,0,0,2.9745951543209874,14,56,6.371333333333333,0,0,0,0,107.2623611111111,109.62893518518518,1397.7032407407407,47.00962962962963,87.94884259259258,27.60092592592592,3.901851851851852,3.0,73.0,5.0,0.0,61.43064665956887,82.05989937035916,67.61942247280595,17.940100629640845,,74.92945338832386,湿润宜居综合型
青岛,2016,秋季,36.0671,120.3826,91,16.894505494505495,18.89010989010989,14.73846153846154,4.151648351648352,15.708791208791208,-1.1857142857142855,71.16483516483517,141.4,1.553846153846154,33,2,21.75384615384615,35.24285714285714,10,8,7.841646214896215,59,16,12.338461538461535,0,0,0,0,,,,,,,,0.0,0.0,0.0,0.0,73.79072044984414,,,,,,湿润宜居综合型
青岛,2016,春季,36.0671,120.3826,92,11.604347826086956,13.807608695652174,9.357608695652171,4.45,9.034782608695652,-2.5695652173913044,74.21739130434783,84.89999999999999,0.9228260869565216,18,1,21.991304347826087,35.744565217391305,13,7,10.172312952898553,75,8,19.981739130434782,0,0,5,0,,,,,,,,0.0,0.0,0.0,0.0,64.00489598602041,,,,,,湿润宜居综合型
青岛,2016,夏季,36.0671,120.3826,92,24.48586956521739,26.131521739130434,22.942391304347822,3.189130434782609,27.44347826086957,2.957608695652174,84.52173913043478,215.4,2.341304347826087,42,3,19.52608695652174,32.03913043478261,7,3,10.450494444444445,75,6,19.75554347826087,9,0,0,0,,,,,,,,0.0,0.0,0.0,0.0,73.91759114109819,,,,55.185708150629445,,湿润宜居综合型
青岛,2016,冬季,36.0671,120.3826,91,2.3428571428571425,4.924175824175824,-0.245054945054945,5.169230769230769,-2.5043956043956044,-4.847252747252748,65.04395604395604,49.0,0.5384615384615384,16,0,22.545054945054943,36.48241758241758,14,11,8.168628388278389,70,7,10.763186813186811,0,0,54,9,,,,,,,,0.0,0.0,0.0,0.0,52.909629940262704,,,,,63.70484896649248,湿润宜居综合型
青岛,2017,秋季,36.0671,120.3826,91,15.907692307692306,18.81318681318681,12.679120879120878,6.134065934065935,14.443956043956044,-1.4637362637362636,68.83516483516483,116.5,1.28021978021978,22,1,21.475824175824176,36.85604395604396,13,13,8.110253266178265,62,11,12.696483516483518,0,0,3,0,,,,,,,,0.0,0.0,0.0,0.0,73.7179536483855,,,,,,湿润宜居综合型
青岛,2017,春季,36.0671,120.3826,92,12.764130434782608,16.49021739130435,9.144565217391303,7.345652173913044,10.142391304347829,-2.6217391304347823,67.97826086956522,76.3,0.8293478260869565,22,0,24.84891304347826,43.891304347826086,15,21,10.469370440821256,78,6,20.864891304347825,0,0,5,0,,,,,,,,0.0,0.0,0.0,0.0,66.98251478510817,,,,,,湿润宜居综合型
青岛,2017,夏季,36.0671,120.3826,92,25.00869565217392,27.285869565217396,22.769565217391307,4.516304347826087,28.27173913043478,3.26304347826087,83.26086956521739,362.1,3.935869565217392,52,5,22.193478260869565,39.7695652173913,11,12,9.95383611111111,71,8,20.04880434782609,13,0,0,0,,,,,,,,0.0,0.0,0.0,0.0,73.37108187924359,,,,53.07335703797999,,湿润宜居综合型
青岛,2017,冬季,36.0671,120.3826,90,2.388888888888889,5.595555555555555,-0.9822222222222224,6.5777777777777775,-2.318888888888889,-4.707777777777777,63.93333333333333,52.0,0.5777777777777777,16,0,22.793333333333333,39.32222222222222,20,21,8.182347314814814,68,9,10.706,0,0,62,5,,,,,,,,0.0,0.0,0.0,0.0,52.586524080329966,,,,,63.19023152135367,湿润宜居综合型
青岛,2018,秋季,36.0671,120.3826,91,15.94065934065934,19.22087912087912,12.565934065934066,6.654945054945055,14.53736263736264,-1.4032967032967034,68.97802197802197,122.1,1.3417582417582417,26,0,18.785714285714285,32.79010989010989,6,8,8.443369352869352,66,8,13.122087912087911,0,0,0,0,,,,,,,,0.0,0.0,0.0,0.0,74.77979816462526,,,,,,湿润宜居综合型
青岛,2018,春季,36.0671,120.3826,92,11.72391304347826,15.06086956521739,8.748913043478261,6.311956521739131,8.951086956521738,-2.7728260869565218,74.80434782608695,115.8,1.258695652173913,25,0,25.047826086956523,43.475,20,20,8.746776026570048,65,13,17.49380434782609,0,0,5,0,,,,,,,,0.0,0.0,0.0,0.0,63.90750285894683,,,,,,湿润宜居综合型
青岛,2018,夏季,36.0671,120.3826,92,24.928260869565214,27.104347826086958,22.88804347826087,4.216304347826087,27.946739130434786,3.018478260869565,85.29347826086956,365.9,3.9771739130434782,46,4,23.244565217391305,41.19130434782608,10,12,9.744537983091789,70,7,19.73880434782609,19,0,0,0,,,,,,,,0.0,0.0,0.0,0.0,73.13556446776204,,,,52.67227280912002,,湿润宜居综合型
青岛,2018,冬季,36.0671,120.3826,90,0.9955555555555556,4.202222222222222,-2.1333333333333333,6.3355555555555565,-3.9644444444444447,-4.96,61.03333333333333,30.0,0.3333333333333333,17,0,23.793333333333333,40.59777777777778,26,25,7.420892129629629,56,11,9.907,0,0,67,21,,,,,,,,0.0,0.0,0.0,0.0,52.15115053439942,,,,,58.94415674508615,湿润宜居综合型
青岛,2019,秋季,36.0671,120.3826,91,16.87032967032967,20.583516483516483,13.058241758241758,7.525274725274726,15.365934065934065,-1.5043956043956044,66.24175824175825,53.9,0.5923076923076923,19,0,22.15164835164835,38.49120879120879,15,15,8.685416727716728,71,9,13.41,2,0,4,0,,,,,,,,0.0,0.0,0.0,0.0,75.97071030776577,,,,,,湿润宜居综合型
青岛,2019,春季,36.0671,120.3826,92,12.402173913043478,15.969565217391304,8.781521739130435,7.188043478260869,9.507608695652175,-2.894565217391305,68.58695652173913,88.1,0.957608695652174,25,0,25.535869565217396,44.21739130434783,19,22,9.20745009057971,71,11,18.23228260869565,0,0,0,0,,,,,,,,0.0,0.0,0.0,0.0,66.44240532899543,,,,,,湿润宜居综合型
青岛,2019,夏季,36.0671,120.3826,92,24.22608695652174,26.70108695652174,22.053260869565214,4.647826086956522,26.85652173913044,2.630434782608696,83.27173913043478,230.3,2.5032608695652177,44,2,21.97391304347826,39.94130434782608,6,11,9.90229972826087,73,5,19.848695652173912,5,0,0,0,,,,,,,,0.0,0.0,0.0,0.0,75.8449864774988,,,,56.48662851095918,,湿润宜居综合型
青岛,2019,冬季,36.0671,120.3826,90,2.23,5.647777777777778,-1.2966666666666666,6.944444444444445,-2.2144444444444447,-4.444444444444445,66.25555555555556,38.4,0.4266666666666666,22,0,20.45777777777778,35.224444444444444,10,10,7.150972098765432,52,14,9.621666666666668,0,0,65,5,,,,,,,,0.0,0.0,0.0,0.0,52.85060325071275,,,,,62.038665404238,湿润宜居综合型
青岛,2020,秋季,36.0671,120.3826,91,16.294505494505493,19.392307692307693,12.904395604395605,6.487912087912088,15.089010989010989,-1.2054945054945054,69.74725274725274,75.9,0.8340659340659341,22,1,19.338461538461537,33.678021978021974,6,7,8.218781349206349,62,8,12.966483516483516,0,0,2,0,,,,,,,,0.0,0.0,0.0,0.0,75.58427315134726,,,,,,湿润宜居综合型
青岛,2020,春季,36.0671,120.3826,92,12.11195652173913,15.661956521739132,8.681521739130435,6.980434782608696,9.18804347826087,-2.9239130434782608,69.43478260869566,149.6,1.626086956521739,29,1,26.09130434782609,45.26521739130435,26,27,9.268940549516907,67,10,18.193586956521735,0,0,3,0,,,,,,,,0.0,0.0,0.0,0.0,65.05395449303971,,,,,,湿润宜居综合型
青岛,2020,夏季,36.0671,120.3826,92,23.664130434782606,25.881521739130434,21.64782608695652,4.233695652173913,26.416304347826088,2.752173913043478,87.51086956521739,582.5,6.331521739130435,50,6,22.27717391304348,39.40434782608696,6,7,8.461037711352656,58,15,17.930108695652173,0,0,0,0,,,,,,,,0.0,0.0,0.0,0.0,76.30336252161219,,,,56.37290588445687,,湿润宜居综合型
青岛,2020,冬季,36.0671,120.3826,91,2.587912087912088,5.946153846153846,-0.7131868131868132,6.65934065934066,-1.9384615384615385,-4.526373626373627,69.8021978021978,98.5,1.0824175824175823,20,1,21.801098901098904,37.431868131868136,13,14,7.173158241758241,54,12,9.513076923076923,0,0,59,3,,,,,,,,0.0,0.0,0.0,0.0,52.13197165708853,,,,,62.41778672548621,湿润宜居综合型
青岛,2021,秋季,36.0671,120.3826,91,16.603296703296703,19.514285714285712,13.573626373626372,5.940659340659341,15.62087912087912,-0.9824175824175824,75.6923076923077,266.1,2.9241758241758244,35,2,22.751648351648356,38.526373626373626,18,18,7.809746062271062,55,13,12.39054945054945,0,0,0,0,,,,,,,,0.0,0.0,0.0,0.0,72.84440839220326,,,,,,湿润宜居综合型
青岛,2021,春季,36.0671,120.3826,92,11.994565217391305,15.371739130434785,8.841304347826087,6.530434782608695,9.183695652173911,-2.8108695652173914,72.47826086956522,163.6,1.7782608695652171,35,1,25.40108695652174,43.7695652173913,24,22,8.871799094202899,62,13,17.757608695652173,0,0,4,0,,,,,,,,0.0,0.0,0.0,0.0,65.11493144470882,,,,,,湿润宜居综合型
青岛,2021,夏季,36.0671,120.3826,92,24.12608695652174,26.27391304347826,22.018478260869564,4.255434782608695,26.869565217391305,2.743478260869565,85.54347826086956,442.4,4.808695652173912,55,4,22.703260869565216,40.025,13,15,8.697843085748792,60,18,18.62195652173913,1,0,0,0,,,,,,,,0.0,0.0,0.0,0.0,74.92615312514906,,,,55.82273400657265,,湿润宜居综合型
青岛,2021,冬季,36.0671,120.3826,90,2.7711111111111117,6.319999999999999,-0.8677777777777778,7.187777777777778,-1.8811111111111112,-4.652222222222222,66.36666666666666,35.5,0.3944444444444444,12,0,23.4,39.39888888888889,17,19,8.105807530864197,66,9,10.465222222222222,0,0,48,14,,,,,,,,0.0,0.0,0.0,0.0,52.691880209768975,,,,,63.55413879744843,湿润宜居综合型
青岛,2022,秋季,36.0671,120.3826,91,16.332967032967034,19.303296703296706,12.927472527472528,6.375824175824176,15.135164835164836,-1.1978021978021975,74.16483516483517,245.7,2.7,24,2,21.51208791208791,36.07912087912088,19,17,7.911643467643468,58,13,13.097362637362636,0,0,2,0,,,,,,,,0.0,0.0,0.0,0.0,74.07683979988921,,,,,,湿润宜居综合型
青岛,2022,春季,36.0671,120.3826,92,12.393478260869566,16.007608695652173,9.070652173913045,6.936956521739131,9.49891304347826,-2.894565217391305,70.65217391304348,48.3,0.525,20,0,26.811956521739127,44.74565217391305,27,26,9.578871467391304,72,6,19.127717391304348,0,0,4,0,,,,,,,,0.0,0.0,0.0,0.0,66.22250699673965,,,,,,湿润宜居综合型
青岛,2022,夏季,36.0671,120.3826,92,24.553260869565214,26.88369565217392,22.50326086956522,4.380434782608696,27.707608695652173,3.154347826086956,86.8586956521739,656.8,7.139130434782608,55,10,22.257608695652173,37.67934782608695,8,8,8.34659972826087,58,15,18.238260869565217,11,0,0,0,,,,,,,,0.0,0.0,0.0,0.0,73.97496171378646,,,,52.90312847888951,,湿润宜居综合型
青岛,2022,冬季,36.0671,120.3826,90,0.898888888888889,4.363333333333333,-2.4066666666666667,6.77,-3.936666666666667,-4.835555555555556,63.02222222222223,8.6,0.0955555555555555,8,0,22.00777777777778,36.48111111111111,15,14,8.18898487654321,68,5,10.819888888888888,0,0,80,7,,,,,,,,0.0,0.0,0.0,0.0,52.3676218449221,,,,,59.73366415953869,湿润宜居综合型
青岛,2023,秋季,36.0671,120.3826,91,17.185714285714287,20.673626373626373,13.596703296703296,7.076923076923077,16.135164835164833,-1.0505494505494506,67.17582417582418,121.0,1.3296703296703296,19,1,20.392307692307693,37.84285714285714,9,11,8.285848351648351,65,10,13.274615384615386,1,0,3,0,27.606456043956044,44.5010989010989,423.323717948718,28.694871794871798,20.441575091575093,61.44368131868132,4.542582417582418,66.0,0.0,11.0,11.0,76.39555768337321,91.94568492463657,81.0605958557522,8.054315075363466,,,湿润宜居综合型
青岛,2023,春季,36.0671,120.3826,92,13.03804347826087,16.493478260869566,9.65,6.843478260869565,10.196739130434782,-2.8413043478260875,69.1086956521739,141.2,1.534782608695652,23,2,26.43586956521739,44.07391304347826,27,24,8.8703023852657,67,14,17.929565217391303,0,0,1,0,53.75457427536232,83.1891304347826,397.4610507246376,38.828306159420286,36.49895833333333,66.00679347826087,7.704710144927535,26.0,16.0,24.0,8.0,67.10672553758417,87.93781649642939,73.35605282523773,12.062183503570616,,,湿润宜居综合型
青岛,2023,夏季,36.0671,120.3826,92,25.12608695652174,28.372826086956525,22.28152173913044,6.091304347826087,27.817391304347822,2.6913043478260867,80.1195652173913,487.4,5.297826086956522,47,7,22.50978260869565,41.37717391304348,10,14,10.01252995169082,75,5,20.478369565217392,29,0,0,0,34.35344202898551,53.10457427536232,385.91983695652175,27.343115942028984,19.91938405797101,106.5457427536232,1.7477355072463767,53.0,4.0,5.0,49.0,75.62764823444611,89.0954766379762,79.66799675550514,10.904523362023784,52.604700289431904,,湿润宜居综合型
青岛,2023,冬季,36.0671,120.3826,90,1.7422222222222223,5.15,-1.728888888888889,6.8788888888888895,-3.0900000000000003,-4.832222222222222,65.6,37.8,0.42,17,0,23.444444444444443,39.86333333333333,21,22,7.866557160493827,61,8,10.296333333333331,0,0,65,14,41.467129629629625,63.85564814814815,568.0694444444445,36.309444444444445,37.63472222222222,40.76898148148148,3.484259259259259,41.0,10.0,10.0,0.0,52.02471370070387,90.55909916620897,63.58502934035539,9.440900833791035,,68.00892917892921,湿润宜居综合型
青岛,2024,秋季,36.0671,120.3826,91,17.357142857142858,20.74175824175824,13.935164835164834,6.806593406593406,16.63186813186813,-0.7252747252747253,70.61538461538461,167.2,1.8373626373626373,30,1,19.71868131868132,37.98131868131868,12,17,8.43814948107448,63,9,13.296703296703296,3,0,1,0,25.64400183150183,41.28104395604395,419.9262820512821,25.58965201465201,17.97495421245421,65.90521978021978,5.91025641025641,70.0,0.0,18.0,11.0,74.39412560906972,92.1573076671089,79.72308022648147,7.8426923328911,,,湿润宜居综合型
青岛,2024,春季,36.0671,120.3826,92,12.466304347826089,16.79021739130435,8.943478260869565,7.846739130434782,9.79782608695652,-2.6684782608695654,70.3804347826087,115.3,1.2532608695652174,29,0,23.791304347826088,43.93913043478261,13,21,9.384054257246376,72,7,18.82282608695652,0,0,6,0,33.918161231884056,57.49669384057971,422.3048007246376,27.16675724637681,14.272780797101449,64.09963768115941,12.389039855072465,51.0,0.0,33.0,6.0,66.57034968443969,91.20915503236962,73.96199128881867,8.790844967630381,,,湿润宜居综合型
青岛,2024,夏季,36.0671,120.3826,92,25.44347826086957,28.30217391304348,22.880434782608692,5.421739130434783,28.880434782608692,3.4369565217391305,83.3586956521739,788.2,8.567391304347826,52,11,21.380434782608692,40.53804347826087,9,17,9.365778985507246,69,12,19.57902173913044,25,0,0,0,29.939719202898548,47.39696557971014,384.1807065217391,26.327807971014494,12.452989130434782,107.63134057971016,2.145833333333333,63.0,1.0,7.0,59.0,73.0727880351862,89.72028907909967,78.06703834836024,10.279710920900328,50.34977472297511,,湿润宜居综合型
青岛,2024,冬季,36.0671,120.3826,91,1.824175824175824,5.294505494505494,-1.342857142857143,6.637362637362638,-3.0560439560439563,-4.880219780219781,62.2967032967033,44.5,0.489010989010989,18,0,21.448351648351647,42.42417582417583,12,25,7.4149,59,14,9.724395604395603,0,0,66,6,37.77944139194139,53.58937728937729,653.8663003663004,30.22293956043956,27.02669413919414,40.11675824175824,2.620879120879121,48.0,4.0,3.0,0.0,52.51808001807379,91.4826877468746,64.20746233671402,8.517312253125418,,69.30817622846769,湿润宜居综合型
青岛,2025,秋季,36.0671,120.3826,91,16.959340659340658,20.01098901098901,14.01868131868132,5.9923076923076914,16.435164835164834,-0.5241758241758241,72.43956043956044,349.9,3.8450549450549447,40,4,17.616483516483516,39.93626373626373,6,18,7.321719108669108,55,14,11.835164835164836,0,0,0,0,28.98644688644689,36.72559523809524,469.0979853479853,25.3731684981685,20.904395604395603,70.91529304029304,11.276556776556776,63.0,3.0,31.0,17.0,74.11324865013981,91.5487576942489,79.34390136337254,8.451242305751101,,,湿润宜居综合型
青岛,2025,春季,36.0671,120.3826,92,13.44891304347826,17.329347826086956,9.860869565217392,7.468478260869565,10.66304347826087,-2.7858695652173915,62.23913043478261,164.9,1.792391304347826,27,1,21.778260869565216,49.35434782608696,6,42,9.845955163043476,76,6,19.27641304347826,0,0,1,0,37.55819746376812,50.31585144927536,432.7359601449276,30.16422101449275,17.379211956521736,74.93432971014492,18.84148550724637,49.0,4.0,50.0,13.0,69.2599329274574,90.18906650542247,75.53867300084693,9.810933494577524,,,湿润宜居综合型
青岛,2025,夏季,36.0671,120.3826,92,26.653260869565216,29.53369565217391,24.23478260869565,5.298913043478261,30.35652173913044,3.7032608695652174,78.1086956521739,385.4,4.189130434782609,57,4,18.17934782608696,42.62717391304348,0,16,10.248221165458938,74,2,20.795652173913044,44,1,0,0,29.257744565217397,33.48804347826087,344.0398550724638,25.40602355072464,13.446739130434782,99.78532608695652,3.503623188405797,61.0,0.0,7.0,46.0,72.5796355677687,90.40810446134874,77.9281762358427,9.591895538651274,47.23770545504435,,湿润宜居综合型
青岛,2025,冬季,36.0671,120.3826,90,2.922222222222222,6.096666666666668,-0.1677777777777777,6.264444444444444,-1.57,-4.492222222222223,57.15555555555556,23.5,0.2611111111111111,11,0,19.35,44.98888888888889,5,33,8.265622777777779,69,7,10.750555555555556,0,0,51,6,36.35907407407407,41.12486111111111,640.9657407407407,28.13564814814815,24.93449074074074,47.85509259259259,5.149537037037037,54.0,5.0,11.0,0.0,53.64936907288184,91.54513504505243,65.01809886453302,8.454864954947563,,72.09799629513337,湿润宜居综合型
