city,year,month,lat,lon,records,avg_temp,avg_temp_max,avg_temp_min,avg_temp_range,avg_apparent_temp,avg_apparent_gap,avg_humidity,total_precipitation,avg_precipitation,rainy_days,heavy_rain_days,avg_wind,avg_wind_gust,windy_days,gusty_days,avg_sunshine_hour,sunny_days,low_sunshine_days,avg_shortwave,hot_days,extreme_hot_days,cold_days,freezing_days,avg_pm25,avg_pm10,avg_co,avg_no2,avg_so2,avg_ozone,avg_dust,good_air_days,polluted_days,dusty_days,ozone_high_days,climate_comfort_index,air_quality_score,tourism_comfort_index,pollution_index,summer_escape_index,winter_retirement_index
三亚,2016,1,18.2528,109.5119,31,21.387096774193548,23.970967741935485,19.39032258064516,4.580645161290323,22.651612903225807,1.2645161290322586,84.16129032258064,101.4,3.270967741935484,25,0,19.86774193548387,35.3,2,3,6.721462634408602,15,5,9.998709677419354,0,0,0,0,,,,,,,,0.0,0.0,0.0,0.0,79.22483209771855,,,,,82.70775038071366
三亚,2016,2,18.2528,109.5119,29,20.010344827586206,23.196551724137933,17.137931034482758,6.058620689655173,20.20344827586207,0.19310344827586198,77.27586206896552,5.3,0.18275862068965518,5,0,18.93793103448276,33.08620689655172,0,0,9.34727978927203,23,0,16.082758620689653,0,0,0,0,,,,,,,,0.0,0.0,0.0,0.0,82.21264349691177,,,,,85.14566460499594
三亚,2016,3,18.2528,109.5119,31,22.716129032258067,25.82903225806452,20.251612903225805,5.577419354838709,24.638709677419353,1.9225806451612901,81.29032258064517,7.2,0.23225806451612904,7,0,17.19677419354839,29.845161290322583,0,0,9.727901344086021,28,3,18.38290322580645,0,0,0,0,,,,,,,,0.0,0.0,0.0,0.0,80.44504849224259,,,,,
三亚,2016,4,18.2528,109.5119,30,26.973333333333336,29.913333333333334,24.913333333333334,5.0,32.07333333333334,5.1,86.1,18.0,0.6,12,0,14.743333333333334,27.05,0,0,11.488531666666667,30,0,22.480999999999998,16,0,0,0,,,,,,,,0.0,0.0,0.0,0.0,69.20066539503745,,,,,
三亚,2016,5,18.2528,109.5119,31,28.309677419354838,30.770967741935483,26.62258064516129,4.1483870967741945,34.18709677419355,5.877419354838709,85.74193548387096,110.6,3.5677419354838706,27,0,14.14516129032258,26.883870967741935,0,0,10.514110931899642,25,1,20.174193548387095,28,0,0,0,,,,,,,,0.0,0.0,0.0,0.0,65.92976573679445,,,,,
三亚,2016,6,18.2528,109.5119,30,28.766666666666666,30.91,26.953333333333333,3.9566666666666666,34.64666666666667,5.88,85.13333333333334,211.6,7.053333333333333,28,0,17.123333333333335,32.39,0,0,11.080537407407407,27,0,21.113999999999997,24,0,0,0,,,,,,,,0.0,0.0,0.0,0.0,64.61032880136248,,,,36.08586668029237,
三亚,2016,7,18.2528,109.5119,31,28.541935483870965,30.6,26.822580645161292,3.7774193548387096,34.229032258064514,5.687096774193549,84.96774193548387,283.3,9.138709677419355,31,1,17.896774193548385,31.948387096774194,1,1,10.69761953405018,27,2,20.664516129032258,26,0,0,0,,,,,,,,0.0,0.0,0.0,0.0,64.87185378763361,,,,36.14075867732177,
三亚,2016,8,18.2528,109.5119,31,28.151612903225807,30.203225806451613,26.43548387096774,3.7677419354838713,33.270967741935486,5.119354838709677,86.58064516129032,380.2,12.264516129032257,31,3,21.448387096774194,39.46451612903226,7,7,9.004319623655915,23,5,17.076451612903227,21,0,0,0,,,,,,,,0.0,0.0,0.0,0.0,65.45799718021533,,,,38.00504694586752,
三亚,2016,9,18.2528,109.5119,30,27.663333333333334,29.759999999999998,25.946666666666665,3.8133333333333335,32.79666666666667,5.133333333333334,85.9,267.6,8.92,27,3,18.026666666666664,31.533333333333335,3,3,8.794317314814814,25,4,16.48966666666667,19,0,0,0,,,,,,,,0.0,0.0,0.0,0.0,67.97134843257345,,,,,
三亚,2016,10,18.2528,109.5119,31,26.574193548387097,28.787096774193547,24.925806451612903,3.861290322580645,30.348387096774193,3.774193548387097,84.96774193548387,288.1,9.293548387096775,26,2,20.9741935483871,37.667741935483875,6,6,8.578442921146953,21,3,14.216451612903224,4,0,0,0,,,,,,,,0.0,0.0,0.0,0.0,71.52198637235092,,,,,
三亚,2016,11,18.2528,109.5119,30,24.826666666666664,27.256666666666668,22.996666666666666,4.260000000000001,26.986666666666668,2.1600000000000006,81.46666666666667,48.9,1.63,17,0,21.033333333333335,37.11333333333334,3,3,10.09086361111111,28,0,14.423666666666666,0,0,0,0,,,,,,,,0.0,0.0,0.0,0.0,77.60125689766032,,,,,
三亚,2016,12,18.2528,109.5119,31,22.57741935483871,25.193548387096776,20.506451612903227,4.687096774193548,22.990322580645163,0.4129032258064516,76.58064516129032,13.899999999999999,0.4483870967741935,6,0,23.27741935483871,40.145161290322584,4,4,8.887442204301076,25,3,12.406774193548388,0,0,0,0,,,,,,,,0.0,0.0,0.0,0.0,81.98967505339489,,,,,86.48398182339274
三亚,2017,1,18.2528,109.5119,31,22.483870967741936,25.5,20.480645161290322,5.019354838709678,22.990322580645163,0.5064516129032258,77.2258064516129,10.6,0.3419354838709677,10,0,24.306451612903224,50.906451612903226,3,18,9.637786021505375,26,1,15.173225806451613,0,0,0,0,,,,,,,,0.0,0.0,0.0,0.0,83.38156044447933,,,,,86.69118599329529
三亚,2017,2,18.2528,109.5119,28,21.460714285714285,24.667857142857144,19.103571428571428,5.564285714285715,21.728571428571428,0.2678571428571433,76.17857142857143,6.5,0.23214285714285715,6,0,22.150000000000002,46.478571428571435,2,11,9.662418253968253,24,0,17.01642857142857,0,0,0,0,,,,,,,,0.0,0.0,0.0,0.0,83.23936373830955,,,,,86.39845244886887
三亚,2017,3,18.2528,109.5119,31,24.041935483870965,26.61935483870968,22.125806451612902,4.493548387096775,26.858064516129033,2.8161290322580648,83.87096774193549,36.8,1.1870967741935483,22,0,17.370967741935484,38.980645161290326,1,4,10.344507078853047,28,1,19.058709677419355,0,0,0,0,,,,,,,,0.0,0.0,0.0,0.0,77.69141410915988,,,,,
三亚,2017,4,18.2528,109.5119,30,26.016666666666666,28.540000000000003,23.996666666666666,4.543333333333334,30.073333333333334,4.056666666666667,82.53333333333333,52.6,1.7533333333333334,20,0,16.7,38.77333333333333,1,5,11.394899074074074,29,0,21.429,2,0,0,0,,,,,,,,0.0,0.0,0.0,0.0,72.50691952683674,,,,,
三亚,2017,5,18.2528,109.5119,31,27.60967741935484,29.838709677419356,25.787096774193547,4.051612903225807,33.15161290322581,5.541935483870968,84.70967741935483,121.1,3.9064516129032256,27,0,13.983870967741936,32.5258064516129,0,0,10.912105376344085,27,0,20.416774193548385,10,0,0,0,,,,,,,,0.0,0.0,0.0,0.0,67.69494508559225,,,,,
三亚,2017,6,18.2528,109.5119,30,28.83,30.56,27.14,3.42,34.68333333333333,5.8533333333333335,84.0,182.8,6.093333333333334,29,1,17.61,39.43333333333333,0,3,11.508834907407408,28,0,21.832333333333334,23,0,0,0,,,,,,,,0.0,0.0,0.0,0.0,64.16104996656281,,,,36.743065975183775,
三亚,2017,7,18.2528,109.5119,31,27.629032258064516,29.44193548387097,26.029032258064515,3.4129032258064513,33.01935483870968,5.390322580645161,86.93548387096774,367.3,11.848387096774195,30,2,18.80322580645161,42.26774193548387,2,6,8.91482159498208,25,4,17.561612903225804,9,0,0,0,,,,,,,,0.0,0.0,0.0,0.0,66.67003891876405,,,,42.369188165107374,
三亚,2017,8,18.2528,109.5119,31,28.62258064516129,30.312903225806455,27.051612903225806,3.261290322580645,34.34193548387097,5.719354838709678,84.38709677419355,161.5,5.209677419354839,28,0,17.674193548387095,39.58064516129032,0,3,10.18821917562724,26,3,20.048387096774192,22,0,0,0,,,,,,,,0.0,0.0,0.0,0.0,64.82911202558415,,,,37.17002257136268,
三亚,2017,9,18.2528,109.5119,30,28.316666666666666,30.166666666666668,26.526666666666664,3.64,34.15333333333333,5.836666666666667,85.0,261.4,8.713333333333333,30,2,17.603333333333335,39.92333333333333,2,2,9.886115185185185,26,2,19.30933333333333,20,0,0,0,,,,,,,,0.0,0.0,0.0,0.0,65.43789215550109,,,,,
三亚,2017,10,18.2528,109.5119,31,26.112903225806452,28.73548387096774,24.251612903225805,4.483870967741935,29.141935483870967,3.0290322580645164,79.06451612903226,234.1,7.551612903225807,23,2,21.135483870967743,44.42903225806452,3,10,8.730493189964157,21,2,16.370967741935484,5,0,0,0,,,,,,,,0.0,0.0,0.0,0.0,74.80140768306738,,,,,
三亚,2017,11,18.2528,109.5119,30,24.636666666666667,27.290000000000003,22.723333333333336,4.566666666666666,26.23,1.5933333333333333,77.96666666666667,47.4,1.5799999999999998,16,0,24.616666666666667,51.276666666666664,5,14,9.464103518518518,26,2,14.510333333333334,1,0,0,0,,,,,,,,0.0,0.0,0.0,0.0,78.42839114149095,,,,,
三亚,2017,12,18.2528,109.5119,31,21.461290322580645,24.258064516129032,19.4,4.858064516129032,20.76774193548387,-0.6935483870967746,70.16129032258064,2.9,0.0935483870967742,6,0,25.135483870967743,52.0,5,16,8.440788351254481,22,3,13.49741935483871,0,0,0,0,,,,,,,,0.0,0.0,0.0,0.0,83.98554598053892,,,,,86.20283830090301
三亚,2018,1,18.2528,109.5119,31,21.212903225806453,23.96451612903226,19.23548387096774,4.729032258064516,21.33225806451613,0.11935483870967763,77.38709677419355,4.4,0.14193548387096774,8,0,23.796774193548387,49.12580645161291,3,15,7.99054059139785,21,4,13.468064516129031,0,0,0,0,,,,,,,,0.0,0.0,0.0,0.0,81.42001879962176,,,,,84.546196307449
三亚,2018,2,18.2528,109.5119,28,20.614285714285717,23.967857142857145,18.103571428571428,5.864285714285714,20.82857142857143,0.21428571428571447,74.03571428571429,2.5,0.08928571428571429,5,0,19.589285714285715,41.142857142857146,0,6,9.628237103174603,24,0,17.87964285714286,0,0,0,0,,,,,,,,0.0,0.0,0.0,0.0,81.69553529731807,,,,,86.46238019413691
三亚,2018,3,18.2528,109.5119,31,23.383870967741935,26.141935483870967,21.148387096774194,4.993548387096774,25.187096774193545,1.8032258064516127,78.74193548387096,24.8,0.8,12,0,18.583870967741937,40.24193548387097,0,4,10.916910125448029,30,0,19.635483870967743,0,0,0,0,,,,,,,,0.0,0.0,0.0,0.0,80.06120939964109,,,,,
三亚,2018,4,18.2528,109.5119,30,25.263333333333332,27.876666666666665,23.223333333333336,4.653333333333333,28.686666666666667,3.423333333333333,81.36666666666666,21.0,0.7,19,0,16.513333333333335,37.586666666666666,1,3,11.299392222222222,30,0,21.163666666666664,0,0,0,0,,,,,,,,0.0,0.0,0.0,0.0,74.77879034663755,,,,,
三亚,2018,5,18.2528,109.5119,31,28.503225806451614,30.796774193548387,26.509677419354837,4.287096774193548,34.3258064516129,5.82258064516129,82.38709677419355,53.1,1.7129032258064516,27,0,13.503225806451614,32.8741935483871,0,0,12.192572132616487,31,0,23.21516129032258,30,0,0,0,,,,,,,,0.0,0.0,0.0,0.0,65.67379061540795,,,,,
三亚,2018,6,18.2528,109.5119,30,28.276666666666664,30.08,26.753333333333334,3.326666666666667,33.586666666666666,5.3100000000000005,85.16666666666667,242.0,8.066666666666666,29,2,19.42,43.376666666666665,2,9,8.502977314814816,19,7,17.863333333333333,19,0,0,0,,,,,,,,0.0,0.0,0.0,0.0,65.41315409145248,,,,38.060835224695865,
三亚,2018,7,18.2528,109.5119,31,27.812903225806455,29.36774193548387,26.438709677419357,2.929032258064516,33.254838709677415,5.441935483870967,86.35483870967742,540.0,17.419354838709676,31,8,20.41290322580645,45.5258064516129,3,9,7.515552329749104,18,8,16.80483870967742,11,0,0,0,,,,,,,,0.0,0.0,0.0,0.0,65.49844209247094,,,,40.398945825936856,
三亚,2018,8,18.2528,109.5119,31,27.838709677419356,29.41290322580645,26.348387096774193,3.064516129032258,32.806451612903224,4.967741935483871,86.38709677419355,286.0,9.225806451612904,31,2,21.793548387096774,48.093548387096774,7,13,8.867544623655915,20,3,18.041935483870965,13,0,0,0,,,,,,,,0.0,0.0,0.0,0.0,66.5180603917556,,,,41.41462510839636,
三亚,2018,9,18.2528,109.5119,30,27.546666666666667,29.623333333333335,25.626666666666665,3.9966666666666666,32.97666666666667,5.430000000000001,84.53333333333333,102.1,3.4033333333333333,29,1,13.953333333333335,32.28,0,0,10.442984907407407,27,0,19.907,9,0,0,0,,,,,,,,0.0,0.0,0.0,0.0,68.51932152819668,,,,,
三亚,2018,10,18.2528,109.5119,31,26.258064516129032,28.929032258064513,24.070967741935487,4.858064516129033,29.322580645161292,3.064516129032258,77.3225806451613,20.7,0.667741935483871,16,0,19.532258064516128,41.71290322580645,0,6,10.743806899641577,31,0,19.85741935483871,1,0,0,0,,,,,,,,0.0,0.0,0.0,0.0,74.89245143143486,,,,,
三亚,2018,11,18.2528,109.5119,30,25.146666666666665,28.09333333333333,22.90666666666667,5.186666666666667,27.28666666666667,2.14,77.5,37.0,1.2333333333333334,13,0,21.183333333333334,44.92666666666666,0,12,9.95469648148148,26,1,16.051000000000002,0,0,0,0,,,,,,,,0.0,0.0,0.0,0.0,78.04246498417932,,,,,
三亚,2018,12,18.2528,109.5119,31,23.16774193548387,25.996774193548386,21.04516129032258,4.951612903225806,23.86774193548387,0.7000000000000003,77.38709677419355,7.5,0.24193548387096775,8,0,24.574193548387097,51.03548387096774,7,12,9.851729211469534,27,1,14.673870967741935,0,0,0,0,,,,,,,,0.0,0.0,0.0,0.0,80.84489662902975,,,,,87.33914249299953
三亚,2019,1,18.2528,109.5119,31,22.12258064516129,25.374193548387098,19.822580645161292,5.551612903225807,22.451612903225808,0.3290322580645166,76.58064516129032,9.9,0.31935483870967746,8,0,23.52258064516129,49.148387096774194,0,18,10.088895609318998,31,0,16.353870967741933,0,0,0,0,,,,,,,,0.0,0.0,0.0,0.0,83.47093854699072,,,,,86.9307242027553
三亚,2019,2,18.2528,109.5119,28,24.285714285714285,26.849999999999998,22.25,4.6,27.114285714285717,2.8285714285714287,82.96428571428571,21.7,0.775,17,0,17.20357142857143,38.482142857142854,0,2,10.548343849206349,28,0,18.208214285714284,0,0,0,0,,,,,,,,0.0,0.0,0.0,0.0,77.94144658041502,,,,,88.77031677740297
三亚,2019,3,18.2528,109.5119,31,25.387096774193548,27.9,23.448387096774194,4.451612903225806,29.135483870967743,3.7483870967741937,84.74193548387096,24.0,0.7741935483870968,22,0,16.170967741935485,36.58387096774193,0,2,11.047130734767025,31,0,19.717741935483872,0,0,0,0,,,,,,,,0.0,0.0,0.0,0.0,74.0081383193845,,,,,
三亚,2019,4,18.2528,109.5119,30,27.68,29.973333333333336,25.913333333333334,4.06,32.67,4.989999999999999,82.83333333333333,16.6,0.5533333333333333,20,0,15.826666666666666,36.75333333333333,0,2,11.601658425925926,30,0,21.747666666666664,20,0,0,0,,,,,,,,0.0,0.0,0.0,0.0,68.26278885009218,,,,,
三亚,2019,5,18.2528,109.5119,31,28.38064516129032,30.44193548387097,26.616129032258065,3.8258064516129036,34.645161290322584,6.264516129032257,86.25806451612904,145.2,4.683870967741935,27,1,14.029032258064515,33.274193548387096,0,0,10.456039695340502,28,0,20.643870967741936,21,0,0,0,,,,,,,,0.0,0.0,0.0,0.0,65.52108834265883,,,,,
三亚,2019,6,18.2528,109.5119,30,29.623333333333335,31.183333333333334,28.133333333333333,3.05,35.84666666666667,6.223333333333334,82.8,88.6,2.953333333333333,30,0,17.993333333333332,39.39666666666667,0,5,11.275143055555557,26,0,21.781333333333336,27,0,0,0,,,,,,,,0.0,0.0,0.0,0.0,62.7515383720878,,,,33.500454641596335,
三亚,2019,7,18.2528,109.5119,31,28.980645161290322,30.73225806451613,27.41290322580645,3.3193548387096774,35.225806451612904,6.245161290322581,84.70967741935483,157.2,5.070967741935483,29,1,17.674193548387095,41.067741935483866,1,5,10.64694211469534,26,3,21.566451612903226,25,0,0,0,,,,,,,,0.0,0.0,0.0,0.0,63.18486304597877,,,,34.864868123912494,
三亚,2019,8,18.2528,109.5119,31,28.34193548387097,30.093548387096774,26.761290322580646,3.332258064516129,33.84516129032258,5.503225806451613,85.70967741935483,166.5,5.370967741935484,30,0,20.906451612903226,46.435483870967744,3,11,9.544487096774194,22,1,19.126774193548385,18,0,0,0,,,,,,,,0.0,0.0,0.0,0.0,65.56443068417958,,,,38.60928824508677,
三亚,2019,9,18.2528,109.5119,30,27.486666666666668,29.89333333333333,25.31,4.583333333333333,32.43,4.943333333333333,81.93333333333334,123.2,4.1066666666666665,27,1,17.373333333333335,38.730000000000004,1,4,10.042189444444444,27,2,19.707666666666668,17,0,0,0,,,,,,,,0.0,0.0,0.0,0.0,69.37500632936357,,,,,
三亚,2019,10,18.2528,109.5119,31,26.677419354838708,29.193548387096776,24.6,4.593548387096774,29.677419354838708,3.0,77.80645161290323,51.3,1.6548387096774193,25,1,21.74516129032258,46.45483870967742,4,14,10.444117921146953,29,1,19.011612903225807,4,0,0,0,,,,,,,,0.0,0.0,0.0,0.0,73.61492459452715,,,,,
三亚,2019,11,18.2528,109.5119,30,24.676666666666666,27.986666666666668,22.276666666666664,5.71,25.863333333333333,1.1866666666666665,73.43333333333334,31.2,1.04,12,0,24.15,50.5,7,14,10.479129722222222,28,0,16.991333333333333,3,0,0,0,,,,,,,,0.0,0.0,0.0,0.0,80.73244380586569,,,,,
三亚,2019,12,18.2528,109.5119,31,22.274193548387096,25.570967741935483,19.783870967741933,5.7870967741935475,22.483870967741936,0.20967741935483905,70.12903225806451,29.5,0.9516129032258065,10,0,21.806451612903224,46.229032258064514,2,12,10.069229838709678,27,0,15.612580645161291,0,0,0,0,,,,,,,,0.0,0.0,0.0,0.0,83.3739659932521,,,,,88.05309544710462
三亚,2020,1,18.2528,109.5119,31,22.219354838709677,24.98709677419355,20.174193548387095,4.812903225806451,22.80322580645161,0.5838709677419355,77.19354838709677,63.3,2.041935483870968,13,1,22.509677419354837,47.270967741935486,2,9,9.40710546594982,28,2,15.366129032258065,0,0,0,0,,,,,,,,0.0,0.0,0.0,0.0,82.36370596438422,,,,,86.4292651470163
三亚,2020,2,18.2528,109.5119,29,22.06551724137931,24.989655172413794,19.872413793103448,5.117241379310345,22.910344827586208,0.8448275862068965,79.51724137931035,18.0,0.6206896551724138,11,0,21.817241379310346,46.00344827586206,2,11,10.085080555555557,26,1,17.675862068965518,0,0,0,0,,,,,,,,0.0,0.0,0.0,0.0,82.41513602971261,,,,,86.51180978802012
三亚,2020,3,18.2528,109.5119,31,25.241935483870968,27.86774193548387,23.35483870967742,4.512903225806451,28.6,3.358064516129032,83.64516129032258,19.7,0.635483870967742,22,0,17.816129032258065,40.04516129032258,1,5,10.97276953405018,31,0,19.481290322580644,0,0,0,0,,,,,,,,0.0,0.0,0.0,0.0,74.8338775482797,,,,,
三亚,2020,4,18.2528,109.5119,30,25.740000000000002,28.446666666666665,23.59333333333333,4.8533333333333335,28.673333333333336,2.933333333333333,78.73333333333333,34.3,1.1433333333333333,19,0,19.346666666666668,42.82333333333334,2,7,10.621820277777777,26,0,19.91,1,0,0,0,,,,,,,,0.0,0.0,0.0,0.0,75.57831920525402,,,,,
三亚,2020,5,18.2528,109.5119,31,29.11935483870968,31.651612903225807,27.07741935483871,4.574193548387096,34.95161290322581,5.83225806451613,80.41935483870968,31.8,1.0258064516129033,19,0,15.106451612903227,36.95483870967742,0,0,11.858823566308242,30,0,23.27806451612903,30,0,0,0,,,,,,,,0.0,0.0,0.0,0.0,65.09433196670929,,,,,
三亚,2020,6,18.2528,109.5119,30,29.33,31.05,27.946666666666665,3.103333333333333,35.14333333333333,5.813333333333334,81.93333333333334,208.7,6.956666666666666,29,2,16.49,36.89,0,0,11.267661111111112,26,2,20.978666666666665,27,0,0,0,,,,,,,,0.0,0.0,0.0,0.0,63.582833905828466,,,,34.81332131525956,
三亚,2020,7,18.2528,109.5119,31,29.02258064516129,30.73548387096774,27.548387096774192,3.1870967741935483,35.10967741935484,6.087096774193548,82.74193548387096,107.0,3.4516129032258065,28,0,14.348387096774195,33.25806451612903,0,0,11.647133602150538,29,0,23.031612903225806,29,0,0,0,,,,,,,,0.0,0.0,0.0,0.0,64.05496689721035,,,,34.821809888199795,
三亚,2020,8,18.2528,109.5119,31,28.154838709677417,30.0,26.27741935483871,3.7225806451612904,34.17741935483871,6.02258064516129,85.93548387096774,263.7,8.506451612903225,31,3,15.264516129032257,36.15806451612904,1,5,9.507766308243728,22,2,18.835806451612903,19,0,0,0,,,,,,,,0.0,0.0,0.0,0.0,65.93543167122148,,,,37.87768062072954,
三亚,2020,9,18.2528,109.5119,30,28.263333333333332,30.053333333333335,26.46333333333333,3.5900000000000003,34.41,6.1466666666666665,85.8,155.9,5.196666666666667,30,0,12.973333333333333,30.44333333333333,1,2,9.336983796296296,24,4,18.243333333333332,18,0,0,0,,,,,,,,0.0,0.0,0.0,0.0,66.02152356988684,,,,,
三亚,2020,10,18.2528,109.5119,31,25.98709677419355,28.129032258064516,24.429032258064513,3.7,28.20967741935484,2.22258064516129,81.90322580645162,498.2,16.070967741935483,26,7,29.248387096774195,60.63548387096775,16,21,7.512237992831541,18,5,13.994193548387097,3,0,0,0,,,,,,,,0.0,0.0,0.0,0.0,73.28991746076105,,,,,
三亚,2020,11,18.2528,109.5119,30,24.43,27.116666666666667,22.516666666666666,4.6,25.946666666666665,1.5166666666666666,77.4,76.0,2.533333333333333,14,1,24.053333333333335,50.13,4,18,9.533086944444445,24,2,15.681666666666667,0,0,0,0,,,,,,,,0.0,0.0,0.0,0.0,79.31031691668834,,,,,
三亚,2020,12,18.2528,109.5119,31,21.496774193548386,24.76451612903226,19.112903225806452,5.651612903225807,21.403225806451612,-0.09354838709677421,71.54838709677419,3.4,0.10967741935483871,4,0,21.164516129032258,44.329032258064515,2,8,9.663370967741935,27,0,15.226774193548387,0,0,0,0,,,,,,,,0.0,0.0,0.0,0.0,84.62865400870481,,,,,87.55562022437324
三亚,2021,1,18.2528,109.5119,31,19.44516129032258,22.929032258064513,16.474193548387095,6.45483870967742,18.648387096774194,-0.7967741935483867,70.16129032258064,2.5,0.08064516129032258,6,0,21.451612903225808,45.39032258064516,3,13,9.70321747311828,28,0,16.595161290322583,0,0,0,0,,,,,,,,0.0,0.0,0.0,0.0,82.91075288856022,,,,,86.11344426441885
三亚,2021,2,18.2528,109.5119,28,21.575,24.724999999999998,19.042857142857144,5.682142857142857,22.571428571428573,0.9964285714285713,78.0,54.5,1.9464285714285714,9,1,19.607142857142858,43.06785714285714,2,7,10.304197619047619,26,0,18.974642857142857,0,0,0,0,,,,,,,,0.0,0.0,0.0,0.0,83.84030253346624,,,,,86.85336865548064
三亚,2021,3,18.2528,109.5119,31,24.393548387096775,27.183870967741935,22.35483870967742,4.829032258064516,27.003225806451614,2.609677419354839,82.6774193548387,6.6000000000000005,0.21290322580645163,14,0,18.858064516129033,41.774193548387096,0,5,11.332733422939068,31,0,20.373225806451615,0,0,0,0,,,,,,,,0.0,0.0,0.0,0.0,77.09216132741135,,,,,
三亚,2021,4,18.2528,109.5119,30,26.416666666666668,28.69,24.626666666666665,4.0633333333333335,30.296666666666667,3.8800000000000003,82.43333333333334,47.7,1.59,28,0,17.153333333333332,38.74333333333333,0,3,11.433954074074075,29,0,21.008,2,0,0,0,,,,,,,,0.0,0.0,0.0,0.0,71.90124733147623,,,,,
三亚,2021,5,18.2528,109.5119,31,28.825806451612905,30.980645161290322,26.983870967741936,3.996774193548387,34.21612903225807,5.3903225806451625,80.61290322580645,59.3,1.9129032258064516,24,0,15.941935483870967,37.016129032258064,0,0,12.33178476702509,31,0,23.643870967741936,29,0,0,0,,,,,,,,0.0,0.0,0.0,0.0,65.44073458812684,,,,,
三亚,2021,6,18.2528,109.5119,30,29.336666666666666,31.186666666666667,27.636666666666667,3.55,35.54,6.203333333333333,83.26666666666667,118.89999999999999,3.963333333333333,29,1,17.75,43.093333333333334,1,4,11.126056944444445,28,1,21.721999999999998,25,0,0,0,,,,,,,,0.0,0.0,0.0,0.0,62.99182230554264,,,,34.53806847045847,
三亚,2021,7,18.2528,109.5119,31,28.809677419354838,30.516129032258064,27.16774193548387,3.3483870967741938,34.122580645161285,5.312903225806451,82.6774193548387,149.1,4.809677419354839,30,1,21.32903225806452,46.13870967741936,4,11,11.21635116487455,29,2,21.786129032258064,24,0,0,0,,,,,,,,0.0,0.0,0.0,0.0,64.43325557052887,,,,37.50546151695137,
三亚,2021,8,18.2528,109.5119,31,28.89032258064516,30.519354838709678,27.296774193548387,3.2225806451612904,34.4483870967742,5.558064516129033,82.41935483870968,115.0,3.7096774193548385,26,0,17.92258064516129,40.20967741935484,6,7,11.37333494623656,31,0,21.938709677419357,25,0,0,0,,,,,,,,0.0,0.0,0.0,0.0,64.98750645937741,,,,36.9576828168672,
三亚,2021,9,18.2528,109.5119,30,27.573333333333334,29.55666666666667,25.803333333333335,3.7533333333333334,32.67666666666666,5.1033333333333335,85.0,199.1,6.636666666666667,27,1,16.683333333333334,38.00333333333333,2,5,9.364119166666667,23,3,18.948666666666668,11,0,0,0,,,,,,,,0.0,0.0,0.0,0.0,68.21807086164674,,,,,
三亚,2021,10,18.2528,109.5119,31,26.096774193548388,28.306451612903224,24.4,3.9064516129032256,29.129032258064516,3.032258064516129,82.51612903225806,294.9,9.51290322580645,23,5,23.719354838709677,49.31290322580645,4,13,8.026370340501792,20,6,15.03516129032258,2,0,0,0,,,,,,,,0.0,0.0,0.0,0.0,73.1630020843751,,,,,
三亚,2021,11,18.2528,109.5119,30,24.55,27.7,22.220000000000002,5.48,25.92,1.3699999999999999,73.43333333333334,4.1,0.13666666666666666,6,0,21.84333333333333,43.64666666666667,1,6,10.86450111111111,30,0,17.523333333333333,0,0,0,0,,,,,,,,0.0,0.0,0.0,0.0,80.92492007837183,,,,,
三亚,2021,12,18.2528,109.5119,31,21.845161290322583,25.129032258064516,19.458064516129035,5.670967741935484,21.70967741935484,-0.1354838709677418,71.64516129032258,133.9,4.319354838709677,10,2,23.01290322580645,45.593548387096774,4,11,8.690432437275986,23,3,14.273870967741935,0,0,0,0,,,,,,,,0.0,0.0,0.0,0.0,85.03125218134753,,,,,86.46570847467852
三亚,2022,1,18.2528,109.5119,31,22.074193548387097,24.97741935483871,19.958064516129035,5.019354838709678,23.070967741935487,0.996774193548387,81.03225806451613,22.7,0.732258064516129,12,0,20.780645161290323,41.49032258064516,1,3,9.8298626344086,28,0,16.54064516129032,0,0,0,0,,,,,,,,0.0,0.0,0.0,0.0,83.54920476871729,,,,,86.13799905250764
三亚,2022,2,18.2528,109.5119,28,21.057142857142857,23.689285714285713,18.985714285714288,4.703571428571429,21.689285714285713,0.632142857142857,80.42857142857143,23.2,0.8285714285714285,12,0,21.52857142857143,42.96785714285714,0,7,7.937380257936509,18,4,15.821785714285713,0,0,0,0,,,,,,,,0.0,0.0,0.0,0.0,81.29855342086216,,,,,84.02667958994645
三亚,2022,3,18.2528,109.5119,31,24.40967741935484,26.96451612903226,22.322580645161292,4.641935483870968,27.370967741935484,2.9612903225806457,83.3225806451613,21.3,0.6870967741935484,15,0,18.570967741935487,38.87096774193548,0,3,10.339167383512544,28,0,19.063548387096777,0,0,0,0,,,,,,,,0.0,0.0,0.0,0.0,77.09420648700636,,,,,
三亚,2022,4,18.2528,109.5119,30,25.14333333333333,27.85,22.833333333333332,5.016666666666667,28.32,3.1766666666666667,80.56666666666666,63.6,2.12,19,1,17.88,37.64333333333333,0,3,10.629339351851852,27,2,21.53166666666667,3,0,0,0,,,,,,,,0.0,0.0,0.0,0.0,74.80671293688756,,,,,
三亚,2022,5,18.2528,109.5119,31,26.812903225806455,28.951612903225808,24.82903225806452,4.12258064516129,31.574193548387097,4.761290322580645,84.54838709677419,185.8,5.993548387096775,31,2,15.996774193548386,34.567741935483866,0,0,9.30876801075269,22,2,19.5,8,0,0,0,,,,,,,,0.0,0.0,0.0,0.0,70.72129721519693,,,,,
三亚,2022,6,18.2528,109.5119,30,29.086666666666666,30.873333333333335,27.303333333333335,3.57,35.07666666666667,5.989999999999999,83.26666666666667,151.7,5.056666666666667,30,0,17.153333333333332,36.31333333333334,0,1,11.241172685185184,27,0,22.619666666666667,28,0,0,0,,,,,,,,0.0,0.0,0.0,0.0,63.98049428186538,,,,34.40812482359452,
三亚,2022,7,18.2528,109.5119,31,28.516129032258064,30.396774193548385,26.519354838709678,3.8774193548387097,34.15483870967742,5.638709677419355,83.7741935483871,249.3,8.041935483870969,24,3,17.125806451612902,36.55806451612903,2,4,10.68318646953405,28,2,22.091290322580647,21,0,0,0,,,,,,,,0.0,0.0,0.0,0.0,65.12040012248276,,,,38.1171253834702,
三亚,2022,8,18.2528,109.5119,31,28.193548387096776,30.274193548387096,26.106451612903225,4.167741935483871,34.07096774193548,5.877419354838709,83.90322580645162,274.3,8.848387096774195,30,2,14.941935483870967,33.093548387096774,1,2,9.468199014336918,21,2,19.996451612903225,22,0,0,0,,,,,,,,0.0,0.0,0.0,0.0,66.73942547985735,,,,37.36833290298479,
三亚,2022,9,18.2528,109.5119,30,27.743333333333332,30.209999999999997,25.65,4.5600000000000005,32.663333333333334,4.92,82.63333333333334,200.9,6.696666666666667,28,2,18.60666666666667,38.736666666666665,2,4,9.33186712962963,23,3,19.518666666666665,20,0,0,0,,,,,,,,0.0,0.0,0.0,0.0,68.38906578835011,,,,,
三亚,2022,10,18.2528,109.5119,31,25.700000000000003,28.43548387096774,23.580645161290324,4.854838709677419,28.12258064516129,2.4225806451612906,77.74193548387096,228.20000000000002,7.361290322580646,22,3,22.532258064516128,44.21612903225807,5,9,8.618025896057349,23,4,16.48774193548387,2,0,0,0,,,,,,,,0.0,0.0,0.0,0.0,76.2605698178224,,,,,
三亚,2022,11,18.2528,109.5119,30,25.25,27.62,23.413333333333334,4.206666666666667,28.45,3.2000000000000006,83.06666666666666,67.60000000000001,2.2533333333333334,19,1,18.09333333333333,36.5,0,2,9.797061481481482,25,1,16.001333333333335,0,0,0,0,,,,,,,,0.0,0.0,0.0,0.0,75.75784508520078,,,,,
三亚,2022,12,18.2528,109.5119,31,21.006451612903227,24.438709677419357,18.32903225806452,6.109677419354839,20.44516129032258,-0.5612903225806452,69.12903225806451,3.0999999999999996,0.09999999999999999,4,0,22.54516129032258,44.47096774193548,1,8,9.91544453405018,28,1,15.545806451612904,0,0,0,0,,,,,,,,0.0,0.0,0.0,0.0,84.60860383850131,,,,,87.59764156866103
三亚,2023,1,18.2528,109.5119,31,20.40967741935484,23.677419354838708,17.725806451612904,5.951612903225806,20.448387096774194,0.038709677419354584,74.74193548387096,20.3,0.6548387096774194,13,0,19.887096774193548,40.07741935483871,1,4,8.50077840501792,24,4,15.275806451612903,0,0,0,0,16.640591397849462,26.53817204301075,437.48252688172045,6.941532258064516,7.124731182795699,83.7244623655914,0.08198924731182795,31.0,0.0,0.0,4.0,82.50505879057421,93.46214170836018,85.79218366591,6.5378582916398305,,87.36448341068439
三亚,2023,2,18.2528,109.5119,28,22.775000000000002,26.092857142857145,20.478571428571428,5.614285714285714,23.50357142857143,0.7285714285714283,76.17857142857143,6.8,0.24285714285714285,11,0,23.86785714285714,48.449999999999996,7,12,10.621366865079365,27,0,19.2375,0,0,0,0,15.224404761904763,25.04375,260.4270833333333,4.793005952380953,3.0427083333333336,81.75148809523809,0.013392857142857142,27.0,0.0,0.0,9.0,81.87183580145525,94.06090795140005,85.52855744643868,5.939092048599953,,89.48539479535683
三亚,2023,3,18.2528,109.5119,31,23.674193548387095,26.57741935483871,21.312903225806455,5.264516129032258,25.683870967741935,2.0096774193548392,78.06451612903226,13.8,0.44516129032258067,11,0,20.080645161290324,42.141935483870974,3,7,11.27463252688172,31,0,20.958387096774196,0,0,0,0,16.394086021505377,26.878763440860215,196.91666666666666,3.468279569892473,2.47997311827957,85.80913978494624,0.06854838709677419,30.0,0.0,0.0,10.0,79.94641413299267,93.86281839277282,84.12133541092672,6.137181607227175,,
三亚,2023,4,18.2528,109.5119,30,26.936666666666667,29.186666666666667,25.18,4.006666666666667,31.33,4.393333333333333,83.13333333333334,45.8,1.5266666666666666,26,0,16.71,37.25333333333333,0,1,11.34651824074074,30,0,21.288,5,0,0,0,18.925416666666667,29.69263888888889,244.23055555555553,4.199722222222222,1.384861111111111,76.11805555555556,0.19583333333333333,30.0,0.0,0.0,5.0,70.29451375969414,93.99201084913335,77.40376288652591,6.007989150866652,,
三亚,2023,5,18.2528,109.5119,31,28.480645161290322,30.700000000000003,26.55806451612903,4.141935483870967,34.148387096774194,5.667741935483871,83.41935483870968,100.6,3.2451612903225806,22,1,16.65806451612903,35.380645161290325,0,1,11.274724193548387,28,2,22.864838709677418,25,0,0,0,11.731586021505377,18.770967741935483,196.0752688172043,3.7146505376344088,1.6293010752688173,75.34677419354838,0.10349462365591398,31.0,0.0,0.0,1.0,65.06753325165306,94.93077142988056,74.0265047051213,5.069228570119441,,
三亚,2023,6,18.2528,109.5119,30,29.003333333333334,30.96333333333333,26.89333333333333,4.069999999999999,35.15333333333333,6.1499999999999995,83.43333333333334,158.2,5.2733333333333325,28,1,16.456666666666667,35.38666666666666,0,3,10.972869074074074,28,0,22.188333333333333,27,0,0,0,9.637777777777778,15.27638888888889,184.52083333333334,4.751388888888888,1.5791666666666666,69.19583333333334,0.0125,30.0,0.0,0.0,0.0,64.38378274781019,95.43806648817616,73.70006786991998,4.561933511823848,34.47192686093338,
三亚,2023,7,18.2528,109.5119,31,29.02258064516129,31.148387096774194,27.029032258064515,4.119354838709678,34.94516129032258,5.922580645161291,82.29032258064517,135.8,4.380645161290323,29,1,16.33225806451613,36.68064516129032,1,3,10.97894829749104,28,3,22.720000000000002,29,0,0,0,9.100403225806453,14.779166666666665,160.96102150537632,4.484408602150537,2.6037634408602153,65.41801075268818,0.06989247311827956,31.0,0.0,0.0,1.0,64.2680998490786,95.69973843205298,73.69759142397092,4.300261567947018,34.677919759223315,
三亚,2023,8,18.2528,109.5119,31,28.70967741935484,30.758064516129032,26.641935483870967,4.116129032258065,34.20322580645161,5.493548387096775,82.64516129032258,258.2,8.329032258064515,30,4,20.6,45.37096774193548,5,11,10.828994713261649,29,0,21.65096774193548,27,0,0,0,10.223924731182796,16.050537634408602,186.02284946236557,5.479838709677419,2.8063172043010756,67.15994623655915,1.028225806451613,31.0,0.0,0.0,0.0,65.13499236613197,95.41030276948756,74.21758548713863,4.589697230512454,36.13189418091059,
三亚,2023,9,18.2528,109.5119,30,27.616666666666667,30.043333333333333,25.55,4.493333333333334,32.93333333333333,5.316666666666667,85.2,226.79999999999998,7.56,27,1,16.776666666666667,36.919999999999995,1,6,8.790987037037038,21,1,18.675333333333334,16,0,0,0,9.110694444444444,14.198749999999999,205.0361111111111,6.9383333333333335,2.9195833333333336,58.044444444444444,0.0,30.0,0.0,0.0,0.0,68.65901622831464,95.89542089271575,76.82993762763498,4.1045791072842475,,
三亚,2023,10,18.2528,109.5119,31,26.57741935483871,29.106451612903225,24.625806451612902,4.480645161290322,30.68064516129032,4.103225806451613,83.83870967741936,223.5,7.209677419354839,29,3,18.387096774193548,38.938709677419354,1,6,7.657064605734767,19,6,15.440645161290323,9,0,0,0,10.05215053763441,16.407258064516128,245.25672043010752,4.823790322580645,2.943817204301075,73.91935483870968,0.004032258064516129,31.0,0.0,0.0,3.0,71.62602421071242,95.06828313150102,78.658701886949,4.93171686849899,,
三亚,2023,11,18.2528,109.5119,30,25.083333333333332,28.39333333333333,22.5,5.8933333333333335,26.90666666666667,1.823333333333334,74.4,20.2,0.6733333333333333,15,0,21.80666666666667,46.080000000000005,2,12,10.689579722222222,29,0,17.366333333333333,2,0,0,0,11.694027777777778,20.58513888888889,228.29861111111111,4.234861111111111,4.070416666666667,72.08194444444445,0.0736111111111111,30.0,0.0,0.0,0.0,78.924752823847,94.97352352537114,83.73938403430425,5.026476474628861,,
三亚,2023,12,18.2528,109.5119,31,22.887096774193548,26.241935483870968,20.425806451612903,5.816129032258065,23.687096774193545,0.7999999999999999,74.25806451612904,11.5,0.3709677419354839,10,0,21.348387096774193,44.983870967741936,3,9,9.36649982078853,27,2,14.60741935483871,0,0,0,0,11.317741935483872,19.41680107526882,307.241935483871,5.019623655913978,4.3909946236559145,64.18548387096774,0.008064516129032258,31.0,0.0,0.0,0.0,80.74829978990415,95.29060350011709,85.11099090296801,4.7093964998829145,,89.78572889207186
三亚,2024,1,18.2528,109.5119,31,22.10967741935484,25.596774193548388,19.351612903225806,6.245161290322581,22.24516129032258,0.13548387096774236,73.96774193548387,3.5,0.11290322580645161,7,0,22.56451612903226,48.24193548387097,0,17,9.999974283154122,29,0,16.150645161290324,0,0,0,0,12.67728494623656,22.184677419354838,302.9959677419355,3.6254032258064517,2.708333333333333,79.88709677419355,0.0,31.0,0.0,0.0,2.0,84.5275036119286,94.45916943451738,87.50700335870522,5.540830565482613,,89.28544449412404
三亚,2024,2,18.2528,109.5119,29,23.382758620689657,26.975862068965515,20.782758620689656,6.193103448275862,25.20344827586207,1.8206896551724139,78.6896551724138,8.8,0.303448275862069,17,0,18.217241379310344,40.54137931034483,0,6,10.206740996168582,27,0,18.072068965517243,0,0,0,0,10.373132183908046,17.468678160919538,252.28160919540227,4.566954022988505,2.1201149425287356,66.67672413793103,0.3204022988505747,29.0,0.0,0.0,1.0,81.29881379500988,95.39768598836157,85.52847545301539,4.602314011638433,,90.23510687116264
三亚,2024,3,18.2528,109.5119,31,24.883870967741935,28.093548387096774,22.506451612903227,5.587096774193548,27.94193548387097,3.0580645161290323,81.58064516129032,21.9,0.7064516129032258,18,0,17.074193548387097,38.561290322580646,1,3,10.544162813620071,30,0,19.815161290322582,0,0,0,0,13.83534946236559,22.8377688172043,278.7043010752688,4.663037634408602,2.184543010752688,69.11827956989247,0.20833333333333331,31.0,0.0,0.0,1.0,76.70458371871,94.84430207685728,82.14649922615418,5.155697923142728,,
三亚,2024,4,18.2528,109.5119,30,28.206666666666667,30.8,26.183333333333334,4.616666666666666,33.54,5.333333333333334,82.23333333333333,27.400000000000002,0.9133333333333334,23,0,16.37333333333333,37.82666666666667,0,0,11.787686666666668,30,0,23.05366666666667,27,0,0,0,11.038611111111113,18.88236111111111,154.20416666666668,3.07375,1.6751388888888887,60.44305555555556,0.17777777777777776,30.0,0.0,0.0,0.0,66.81510077283048,95.79688168262436,75.50963504576863,4.203118317375642,,
三亚,2024,5,18.2528,109.5119,31,28.287096774193547,30.83225806451613,26.174193548387095,4.658064516129032,33.81935483870968,5.532258064516129,82.96774193548387,234.60000000000002,7.5677419354838715,29,3,15.44516129032258,35.10645161290322,0,1,9.539864964157704,24,3,19.42322580645161,24,0,0,0,9.520833333333332,15.569086021505376,189.0268817204301,4.781989247311828,2.1549731182795697,64.85752688172043,0.1599462365591398,31.0,0.0,0.0,0.0,66.72709832707251,95.64213538658848,75.40160944492729,4.35786461341152,,
三亚,2024,6,18.2528,109.5119,30,29.026666666666664,31.029999999999998,27.153333333333332,3.876666666666667,35.42333333333333,6.3966666666666665,84.73333333333333,228.1,7.6033333333333335,30,1,15.416666666666666,35.519999999999996,0,1,10.509548703703704,26,2,20.838,23,0,0,0,11.8625,18.920555555555556,194.25555555555553,5.414861111111111,2.845138888888889,70.84583333333333,0.12916666666666668,30.0,0.0,0.0,2.0,63.676547996034024,95.03163232461841,73.08307329460935,4.968367675381587,34.895781218944876,
三亚,2024,7,18.2528,109.5119,31,28.361290322580647,30.345161290322583,26.37741935483871,3.9677419354838714,33.67741935483871,5.316129032258065,83.80645161290323,345.3,11.138709677419355,31,3,19.32903225806452,41.406451612903226,5,8,10.387552419354838,25,1,20.896451612903224,21,0,0,0,7.813037634408602,12.74018817204301,150.56586021505373,3.984543010752688,2.1846774193548386,61.45967741935484,0.11021505376344085,31.0,0.0,0.0,0.0,65.92493481217426,96.08584186835346,74.97320692902802,3.9141581316465333,38.57453127916275,
三亚,2024,8,18.2528,109.5119,31,29.154838709677417,31.496774193548386,26.77741935483871,4.719354838709678,35.70322580645161,6.548387096774194,83.06451612903226,82.3,2.6548387096774193,25,0,14.47741935483871,33.7,0,0,11.550727956989247,30,0,23.598709677419357,31,0,0,0,11.023655913978494,17.58266129032258,198.37768817204298,6.965322580645161,3.344220430107527,65.13172043010752,0.10080645161290322,31.0,0.0,0.0,0.0,63.86416114906016,95.3186042882816,73.30049409082659,4.681395711718402,33.058449162695325,
三亚,2024,9,18.2528,109.5119,30,27.726666666666667,30.273333333333333,25.533333333333335,4.739999999999999,33.196666666666665,5.47,85.43333333333334,347.59999999999997,11.586666666666666,24,4,17.236666666666668,37.519999999999996,3,4,8.159248055555556,19,7,17.68433333333333,20,0,0,0,10.01,15.438888888888888,207.8597222222222,7.138055555555555,2.9819444444444443,59.86944444444444,0.1736111111111111,30.0,0.0,0.0,1.0,67.0916150436987,95.68925134258862,75.67090593336566,4.310748657411394,,
三亚,2024,10,18.2528,109.5119,31,26.467741935483872,29.53548387096774,24.1,5.435483870967742,29.97741935483871,3.509677419354839,79.25806451612904,252.5,8.14516129032258,25,4,20.138709677419353,42.70967741935484,3,8,9.464345788530466,25,3,17.410645161290322,15,0,0,0,12.652284946236557,20.560349462365593,257.5873655913978,4.7364247311827965,3.554569892473118,78.06989247311827,0.03763440860215053,31.0,0.0,0.0,3.0,73.56985705631426,94.54340800909071,79.86192234214721,5.456591990909287,,
三亚,2024,11,18.2528,109.5119,30,24.563333333333333,27.783333333333335,22.136666666666667,5.646666666666666,26.573333333333334,2.01,76.0,42.2,1.4066666666666667,12,0,19.596666666666668,42.59,0,10,10.284609537037037,28,2,16.727333333333334,0,0,0,0,15.614166666666668,20.5575,294.98333333333335,6.18486111111111,6.145277777777778,78.77777777777779,0.008333333333333333,30.0,0.0,0.0,3.0,79.21381461243662,94.06850155156782,83.67022069417597,5.931498448432181,,
三亚,2024,12,18.2528,109.5119,31,21.770967741935483,25.4741935483871,19.13225806451613,6.341935483870968,21.338709677419356,-0.43225806451612897,67.3225806451613,4.800000000000001,0.1548387096774194,6,0,21.270967741935483,46.11612903225806,0,8,7.988400627240143,20,4,13.707096774193548,0,0,0,0,20.998521505376342,22.241666666666667,350.70026881720435,5.25994623655914,9.126209677419356,84.50268817204302,0.07526881720430106,29.0,0.0,0.0,4.0,86.05936389432195,93.18747671977901,88.19779774195906,6.812523280220996,,88.92428745104371
三亚,2025,1,18.2528,109.5119,31,20.274193548387096,24.741935483870968,16.903225806451612,7.838709677419355,19.63225806451613,-0.6419354838709677,65.83870967741936,6.0,0.1935483870967742,11,0,19.6,43.57096774193548,0,9,9.283221415770608,26,2,16.692903225806454,0,0,0,0,20.617069892473115,22.224193548387095,341.39247311827955,6.529704301075269,7.656720430107527,90.90188172043011,0.2970430107526882,30.0,0.0,0.0,9.0,85.7930810900388,92.88100057974094,87.91945693694943,7.118999420259054,,88.91292358481014
三亚,2025,2,18.2528,109.5119,28,21.732142857142858,25.807142857142857,18.989285714285717,6.817857142857143,22.021428571428572,0.2892857142857141,75.71428571428571,3.8000000000000003,0.13571428571428573,6,0,22.460714285714285,49.18214285714286,2,14,10.19656111111111,26,0,18.716785714285713,0,0,0,0,14.335267857142856,16.19672619047619,296.20535714285717,5.371428571428572,3.0200892857142856,79.70386904761905,0.21726190476190474,28.0,0.0,0.0,3.0,84.35705653581036,94.29379375237879,87.33807770078089,5.70620624762121,,88.86468720109778
三亚,2025,3,18.2528,109.5119,31,23.364516129032257,27.07741935483871,20.438709677419357,6.638709677419355,25.27741935483871,1.9129032258064516,76.83870967741936,8.0,0.25806451612903225,10,0,17.51290322580645,39.87419354838709,0,5,9.745419444444444,25,1,19.386451612903226,0,0,0,0,17.18306451612903,20.07903225806452,264.03225806451616,6.986559139784947,3.6182795698924735,72.90994623655915,1.4784946236559138,30.0,0.0,0.0,4.0,81.8024252198954,94.23780593827207,85.5330394354084,5.762194061727933,,
三亚,2025,4,18.2528,109.5119,30,25.636666666666667,29.10666666666667,22.896666666666665,6.21,29.483333333333334,3.8466666666666667,80.0,35.4,1.18,17,0,14.423333333333334,35.61666666666667,0,0,10.756494074074075,26,1,21.562333333333335,14,0,0,0,20.037222222222223,24.100138888888885,245.4625,7.859027777777778,3.0797222222222222,72.52638888888889,2.754166666666667,28.0,0.0,1.0,2.0,74.92200007421638,93.90969540733427,80.61830867415173,6.090304592665742,,
三亚,2025,5,18.2528,109.5119,31,28.14516129032258,31.251612903225805,25.67096774193548,5.580645161290323,33.31290322580645,5.16774193548387,81.09677419354838,115.7,3.732258064516129,29,0,15.293548387096775,36.47096774193548,0,3,11.02415017921147,27,1,22.014193548387095,27,0,0,0,10.096102150537636,12.018145161290322,198.9260752688172,7.2877688172043005,2.611155913978495,60.48790322580645,0.2056451612903226,31.0,0.0,0.0,0.0,68.04861388993918,95.70016061117366,76.34407790630952,4.299839388826343,,
三亚,2025,6,18.2528,109.5119,30,28.626666666666665,30.990000000000002,26.61,4.379999999999999,34.07666666666667,5.45,83.1,387.5,12.916666666666666,28,2,18.783333333333335,43.11666666666667,3,6,10.540172592592594,24,1,21.502333333333336,26,0,0,0,11.101527777777779,13.48125,195.71249999999998,6.070138888888889,2.519861111111111,67.80555555555556,1.0055555555555555,30.0,0.0,0.0,0.0,65.12504207622109,95.29108469432957,74.17485486165363,4.708915305670431,36.14807624902132,
三亚,2025,7,18.2528,109.5119,31,28.296774193548387,30.451612903225808,26.177419354838708,4.274193548387097,33.39677419354839,5.1,84.29032258064517,275.1,8.874193548387098,31,4,21.261290322580646,46.37096774193548,5,13,9.89618306451613,25,2,20.45258064516129,20,0,0,0,9.743548387096775,11.721236559139786,195.00940860215053,6.709139784946236,2.78991935483871,62.732526881720425,1.743279569892473,31.0,0.0,0.0,0.0,65.96320751332664,95.6554886488586,74.87089185398621,4.3445113511413975,39.0138555665924,
三亚,2025,8,18.2528,109.5119,31,28.203225806451613,30.76451612903226,26.074193548387097,4.690322580645161,33.619354838709675,5.416129032258064,84.06451612903226,419.5,13.53225806451613,31,5,20.280645161290323,45.48709677419355,4,8,8.898755913978494,23,5,19.38193548387097,21,0,0,0,11.17768817204301,13.774327956989247,195.71505376344084,6.387365591397849,2.6326612903225803,64.63844086021506,1.1680107526881722,31.0,0.0,0.0,0.0,65.80679298061874,95.41670650259056,74.68976703721029,4.583293497409437,37.719891438963096,
三亚,2025,9,18.2528,109.5119,30,27.326666666666664,29.990000000000002,25.19333333333333,4.796666666666667,32.50666666666667,5.179999999999999,86.43333333333334,285.2,9.506666666666666,29,2,17.35,38.37,2,4,9.470113425925925,25,3,19.134333333333334,19,0,0,0,8.79861111111111,10.109444444444444,186.30277777777778,6.887222222222222,2.6744444444444446,49.29861111111111,0.023611111111111107,30.0,0.0,0.0,0.0,68.03900545982881,96.4286030865254,76.55588474783778,3.571396913474599,,
三亚,2025,10,18.2528,109.5119,31,26.17096774193548,29.038709677419355,24.080645161290324,4.958064516129032,29.661290322580644,3.4903225806451608,82.6774193548387,283.9,9.158064516129032,29,2,20.041935483870965,43.2,2,6,8.481215143369175,22,5,16.379354838709677,12,0,0,0,9.77728494623656,10.835887096774194,215.13575268817203,5.245430107526882,3.9008064516129033,61.36693548387097,0.0,31.0,0.0,0.0,1.0,73.19842133506982,95.76910432724449,79.96962623272222,4.230895672755505,,
三亚,2025,11,18.2528,109.5119,30,23.816666666666666,27.19333333333333,21.423333333333336,5.7700000000000005,25.513333333333332,1.6966666666666668,75.63333333333334,76.60000000000001,2.5533333333333337,18,0,20.293333333333333,43.97,3,11,9.339111111111112,24,0,15.540333333333333,0,0,0,0,16.040972222222223,17.10472222222222,291.81944444444446,5.834444444444444,6.950138888888889,79.07638888888889,0.18194444444444444,30.0,0.0,0.0,3.0,80.56257043779375,94.06199494888659,84.6123977911216,5.938005051113417,,
三亚,2025,12,18.2528,109.5119,31,23.05806451612903,26.703225806451613,20.40967741935484,6.293548387096774,23.94516129032258,0.8870967741935486,74.16129032258064,9.7,0.3129032258064516,8,0,20.761290322580646,44.906451612903226,0,8,10.551816756272402,30,0,15.810322580645161,0,0,0,0,14.641532258064515,15.931182795698925,307.258064516129,5.355913978494623,5.215994623655914,78.41666666666666,0.024193548387096774,31.0,0.0,0.0,2.0,83.98348853163544,94.28382359479549,87.07358905058345,5.716176405204515,,90.33204805086865
上海,2016,1,31.2304,121.4737,31,4.32258064516129,7.387096774193548,1.196774193548387,6.190322580645161,0.48064516129032253,-3.8419354838709676,74.74193548387096,75.1,2.42258064516129,16,0,17.83225806451613,33.73225806451613,3,3,5.3510059139784945,14,13,8.27,0,0,10,4,,,,,,,,0.0,0.0,0.0,0.0,52.43775981746905,,,,,64.8411543954831
上海,2016,2,31.2304,121.4737,29,5.982758620689655,10.937931034482759,1.6517241379310348,9.286206896551725,2.2103448275862068,-3.7724137931034485,70.58620689655173,18.3,0.6310344827586207,7,0,19.303448275862067,36.20344827586207,1,3,8.481316762452106,21,4,14.546896551724139,0,0,13,0,,,,,,,,0.0,0.0,0.0,0.0,56.24183826924897,,,,,69.05720830182082
上海,2016,3,31.2304,121.4737,31,10.325806451612904,14.609677419354838,6.503225806451613,8.106451612903225,7.52258064516129,-2.803225806451613,74.12903225806451,36.4,1.1741935483870967,12,0,19.116129032258065,36.69677419354839,2,3,8.05109623655914,20,3,15.466451612903224,0,0,1,0,,,,,,,,0.0,0.0,0.0,0.0,63.114340257665546,,,,,
上海,2016,4,31.2304,121.4737,30,15.59,19.563333333333333,12.446666666666665,7.116666666666666,14.520000000000001,-1.0700000000000003,81.56666666666666,203.4,6.78,18,3,19.103333333333335,37.45333333333333,1,4,6.687546111111112,16,11,16.063333333333336,0,0,0,0,,,,,,,,0.0,0.0,0.0,0.0,71.75756863492391,,,,,
上海,2016,5,31.2304,121.4737,31,19.961290322580645,23.293548387096774,16.97741935483871,6.316129032258065,20.64516129032258,0.6838709677419356,82.38709677419355,289.40000000000003,9.335483870967742,20,5,19.051612903225806,36.119354838709675,1,1,6.818915681003584,16,11,15.83258064516129,0,0,0,0,,,,,,,,0.0,0.0,0.0,0.0,78.89573769924935,,,,,
上海,2016,6,31.2304,121.4737,30,23.746666666666666,26.68,21.19,5.489999999999999,26.676666666666666,2.93,86.63333333333334,348.7,11.623333333333333,22,8,17.86,35.03666666666666,0,3,6.180647962962963,10,9,13.712666666666667,7,0,0,0,,,,,,,,0.0,0.0,0.0,0.0,76.65032052752713,,,,52.610655993537684,
上海,2016,7,31.2304,121.4737,31,28.799999999999997,32.0258064516129,26.461290322580645,5.564516129032258,34.41935483870968,5.619354838709677,84.38709677419355,131.8,4.251612903225807,20,1,17.32903225806452,33.770967741935486,0,0,9.48090582437276,22,5,19.574516129032258,24,5,0,0,,,,,,,,0.0,0.0,0.0,0.0,65.13587177767647,,,,36.06315593147114,
上海,2016,8,31.2304,121.4737,31,28.396774193548385,31.393548387096775,25.858064516129033,5.535483870967742,32.99354838709677,4.596774193548387,78.09677419354838,49.199999999999996,1.5870967741935482,18,0,17.096774193548388,33.690322580645166,0,1,11.143895609318996,29,1,20.175806451612903,26,0,0,0,,,,,,,,0.0,0.0,0.0,0.0,68.89847175015724,,,,39.71083207015753,
上海,2016,9,31.2304,121.4737,30,24.253333333333334,27.326666666666664,21.613333333333333,5.713333333333333,26.746666666666666,2.4933333333333327,80.93333333333334,161.6,5.386666666666667,19,3,17.353333333333335,34.08,1,5,7.41212574074074,19,9,13.659333333333334,5,0,0,0,,,,,,,,0.0,0.0,0.0,0.0,78.31360453543955,,,,,
上海,2016,10,31.2304,121.4737,31,20.806451612903224,22.97741935483871,18.961290322580645,4.016129032258065,21.603225806451615,0.7967741935483872,81.96774193548387,212.1,6.841935483870968,23,2,20.061290322580643,36.987096774193546,0,5,4.118202150537634,7,15,7.67225806451613,1,0,0,0,,,,,,,,0.0,0.0,0.0,0.0,79.54363258832737,,,,,
上海,2016,11,31.2304,121.4737,30,13.523333333333333,16.893333333333334,10.416666666666666,6.4766666666666675,11.84,-1.6833333333333333,79.56666666666666,75.9,2.5300000000000002,10,0,18.33,34.47666666666667,2,2,5.636784351851852,13,9,8.585666666666667,0,0,0,0,,,,,,,,0.0,0.0,0.0,0.0,68.5361452118452,,,,,
上海,2016,12,31.2304,121.4737,31,9.093548387096773,12.403225806451612,5.996774193548387,6.406451612903226,6.225806451612903,-2.8677419354838714,77.06451612903226,43.8,1.4129032258064516,10,0,17.93548387096774,34.05483870967742,0,3,5.72472123655914,13,8,7.943870967741935,0,0,0,0,,,,,,,,0.0,0.0,0.0,0.0,60.28788516998983,,,,,73.81287731058877
上海,2017,1,31.2304,121.4737,31,6.351612903225806,10.016129032258064,3.2870967741935484,6.729032258064516,2.958064516129032,-3.393548387096774,76.93548387096774,49.699999999999996,1.6032258064516127,10,0,18.08709677419355,30.248387096774195,0,0,6.366955197132617,16,8,9.225161290322582,0,0,5,0,,,,,,,,0.0,0.0,0.0,0.0,55.455853757319254,,,,,70.13427016964903
上海,2017,2,31.2304,121.4737,28,6.075,10.582142857142857,1.9749999999999999,8.607142857142858,2.3892857142857147,-3.685714285714286,72.21428571428571,30.6,1.092857142857143,11,0,19.060714285714287,31.99642857142857,1,0,7.251243948412698,18,7,12.30892857142857,0,0,6,0,,,,,,,,0.0,0.0,0.0,0.0,55.33607411183737,,,,,70.80831958509957
上海,2017,3,31.2304,121.4737,31,9.587096774193547,13.825806451612904,5.625806451612903,8.200000000000001,6.622580645161291,-2.964516129032258,72.51612903225806,68.7,2.2161290322580647,15,0,19.448387096774194,33.28064516129032,1,1,7.142876254480287,19,10,14.379677419354838,0,0,0,0,,,,,,,,0.0,0.0,0.0,0.0,60.758616310337565,,,,,
上海,2017,4,31.2304,121.4737,30,16.013333333333332,21.35,11.143333333333334,10.206666666666667,14.563333333333334,-1.4499999999999997,72.4,85.8,2.86,11,0,19.98,34.559999999999995,1,1,8.963264351851851,21,4,19.262666666666668,0,0,0,0,,,,,,,,0.0,0.0,0.0,0.0,74.34950340849923,,,,,
上海,2017,5,31.2304,121.4737,31,20.56451612903226,25.3,16.2,9.100000000000001,20.82903225806452,0.2645161290322578,75.29032258064517,90.8,2.929032258064516,13,1,19.33225806451613,33.5258064516129,1,2,9.097279659498207,21,5,20.07161290322581,5,0,0,0,,,,,,,,0.0,0.0,0.0,0.0,81.49810776442423,,,,,
上海,2017,6,31.2304,121.4737,30,23.346666666666668,27.1,20.083333333333332,7.016666666666667,25.756666666666668,2.4099999999999997,81.03333333333333,183.79999999999998,6.126666666666666,21,1,16.226666666666667,30.08,0,0,7.359853888888889,16,9,16.526,3,0,0,0,,,,,,,,0.0,0.0,0.0,0.0,79.88369562918909,,,,57.1615519789916,
上海,2017,7,31.2304,121.4737,31,30.451612903225808,34.71290322580645,26.825806451612905,7.887096774193547,35.81290322580645,5.361290322580645,74.61290322580645,91.89999999999999,2.964516129032258,26,0,16.651612903225807,31.47741935483871,1,1,10.674045250896059,25,0,20.948709677419355,30,11,0,0,,,,,,,,0.0,0.0,0.0,0.0,65.87833937628021,,,,33.79900333203624,
上海,2017,8,31.2304,121.4737,31,28.84193548387097,32.05483870967742,26.23225806451613,5.82258064516129,34.119354838709675,5.2774193548387105,80.80645161290323,122.1,3.9387096774193546,28,0,17.193548387096776,33.02258064516129,1,1,8.579211917562723,20,5,16.858387096774194,23,3,0,0,,,,,,,,0.0,0.0,0.0,0.0,67.27178009597972,,,,36.94801021702956,
上海,2017,9,31.2304,121.4737,30,24.0,26.996666666666666,21.46333333333333,5.533333333333333,26.476666666666667,2.4766666666666666,81.3,173.7,5.79,23,2,18.223333333333336,31.683333333333334,1,1,5.968754351851852,12,10,11.762333333333334,4,0,0,0,,,,,,,,0.0,0.0,0.0,0.0,78.70011237925738,,,,,
上海,2017,10,31.2304,121.4737,31,18.703225806451613,21.638709677419353,16.26451612903226,5.374193548387097,18.261290322580646,-0.4419354838709679,78.83870967741936,61.9,1.9967741935483871,15,0,21.016129032258064,34.41290322580645,5,2,5.6201560035842295,12,11,10.01774193548387,0,0,0,0,,,,,,,,0.0,0.0,0.0,0.0,77.2866754945942,,,,,
上海,2017,11,31.2304,121.4737,30,13.126666666666667,16.893333333333334,9.913333333333332,6.98,11.3,-1.826666666666667,76.86666666666666,70.9,2.3633333333333337,16,0,17.223333333333336,28.126666666666665,2,1,5.667044259259259,11,8,8.790333333333333,0,0,0,0,,,,,,,,0.0,0.0,0.0,0.0,69.09776798461296,,,,,
上海,2017,12,31.2304,121.4737,31,6.058064516129033,10.27741935483871,2.0580645161290323,8.219354838709679,2.564516129032258,-3.4935483870967743,71.96774193548387,23.6,0.7612903225806452,6,0,16.948387096774194,28.01290322580645,1,0,7.3034049283154125,21,6,9.44774193548387,0,0,8,0,,,,,,,,0.0,0.0,0.0,0.0,56.15688275141553,,,,,70.7719368978029
上海,2018,1,31.2304,121.4737,31,3.8,7.187096774193549,0.4580645161290323,6.729032258064516,-0.051612903225806465,-3.851612903225807,77.3225806451613,102.10000000000001,3.2935483870967746,16,1,17.748387096774195,29.63225806451613,0,0,4.971026075268817,12,13,7.628064516129032,0,0,14,3,,,,,,,,0.0,0.0,0.0,0.0,51.603283694808525,,,,,62.69427035061825
上海,2018,2,31.2304,121.4737,28,4.546428571428572,9.064285714285715,0.325,8.739285714285714,0.7214285714285714,-3.8249999999999997,73.92857142857143,58.7,2.0964285714285715,10,0,19.307142857142857,32.16428571428572,1,1,6.315354563492064,15,11,11.567142857142857,0,0,13,1,,,,,,,,0.0,0.0,0.0,0.0,53.1304168120575,,,,,65.0777455403342
上海,2018,3,31.2304,121.4737,31,11.293548387096775,16.338709677419356,7.064516129032258,9.274193548387096,8.929032258064517,-2.364516129032258,80.54838709677419,74.4,2.4000000000000004,15,0,19.567741935483873,32.990322580645156,1,2,7.455268369175627,19,8,14.057419354838709,0,0,1,0,,,,,,,,0.0,0.0,0.0,0.0,62.83043936826251,,,,,
上海,2018,4,31.2304,121.4737,30,16.33,21.793333333333333,11.79,10.003333333333334,15.1,-1.2299999999999998,74.36666666666666,72.5,2.4166666666666665,12,1,20.503333333333334,34.343333333333334,0,0,8.469681203703704,20,6,17.639,0,0,0,0,,,,,,,,0.0,0.0,0.0,0.0,74.24929642034745,,,,,
上海,2018,5,31.2304,121.4737,31,21.419354838709676,25.748387096774195,17.480645161290322,8.26774193548387,22.693548387096776,1.2741935483870968,80.29032258064517,146.9,4.738709677419355,22,1,18.309677419354838,32.832258064516125,0,0,6.718512544802867,16,11,15.700645161290323,5,0,0,0,,,,,,,,0.0,0.0,0.0,0.0,79.3018375921041,,,,,
上海,2018,6,31.2304,121.4737,30,24.09333333333333,28.436666666666667,20.383333333333333,8.053333333333333,26.733333333333334,2.64,80.26666666666667,129.3,4.3100000000000005,18,1,16.82,30.64,0,0,8.175584074074074,18,6,18.015,9,2,0,0,,,,,,,,0.0,0.0,0.0,0.0,78.99163420648937,,,,54.07435091109263,
上海,2018,7,31.2304,121.4737,31,28.206451612903226,31.70967741935484,25.46451612903226,6.245161290322581,32.880645161290325,4.674193548387097,83.0,141.0,4.548387096774194,22,1,21.296774193548387,36.16451612903226,4,3,10.465986559139784,26,3,20.357096774193547,25,1,0,0,,,,,,,,0.0,0.0,0.0,0.0,67.02389743911168,,,,38.9100070759425,
上海,2018,8,31.2304,121.4737,31,28.348387096774193,31.403225806451612,25.980645161290322,5.4225806451612915,32.93225806451613,4.583870967741936,82.90322580645162,144.8,4.670967741935484,26,2,23.0,38.52903225806452,4,4,9.926640143369175,25,4,18.840645161290322,26,0,0,0,,,,,,,,0.0,0.0,0.0,0.0,66.89797076428027,,,,38.12626387966515,
上海,2018,9,31.2304,121.4737,30,24.716666666666665,28.076666666666664,21.916666666666668,6.16,27.823333333333334,3.106666666666667,80.56666666666666,140.0,4.666666666666667,23,1,16.21,29.276666666666664,0,0,8.396748796296297,20,3,14.645000000000001,9,0,0,0,,,,,,,,0.0,0.0,0.0,0.0,78.02126879295592,,,,,
上海,2018,10,31.2304,121.4737,31,17.751612903225805,22.01290322580645,13.929032258064517,8.083870967741936,16.690322580645162,-1.061290322580645,70.41935483870968,29.0,0.9354838709677419,13,0,18.90967741935484,31.861290322580647,1,1,8.321421236559141,21,3,13.444516129032257,0,0,0,0,,,,,,,,0.0,0.0,0.0,0.0,80.46571206278944,,,,,
上海,2018,11,31.2304,121.4737,30,13.866666666666667,17.613333333333333,10.513333333333332,7.1,12.6,-1.266666666666667,82.0,113.8,3.7933333333333334,18,1,16.62666666666667,28.013333333333332,0,0,5.7984485185185175,8,9,8.684666666666667,0,0,0,0,,,,,,,,0.0,0.0,0.0,0.0,69.90450401958128,,,,,
上海,2018,12,31.2304,121.4737,31,7.967741935483871,11.129032258064516,4.793548387096774,6.335483870967742,4.835483870967742,-3.1322580645161286,80.58064516129032,121.6,3.92258064516129,20,0,19.416129032258063,31.306451612903224,0,0,3.896616577060932,6,15,6.108387096774194,0,0,5,0,,,,,,,,0.0,0.0,0.0,0.0,56.83612224843282,,,,,68.46830958035466
上海,2019,1,31.2304,121.4737,31,5.648387096774194,9.061290322580644,2.541935483870968,6.519354838709678,2.3161290322580643,-3.332258064516129,79.06451612903226,50.4,1.6258064516129032,18,0,16.825806451612905,27.887096774193548,1,1,4.722232078853047,8,12,7.669677419354838,0,0,8,0,,,,,,,,0.0,0.0,0.0,0.0,52.940027335653824,,,,,66.98032379199955
上海,2019,2,31.2304,121.4737,28,6.207142857142857,9.467857142857143,3.185714285714286,6.2821428571428575,2.810714285714286,-3.3964285714285714,81.25,106.1,3.789285714285714,17,0,18.575,31.264285714285712,1,1,4.1922781746031745,9,14,8.446428571428571,0,0,2,0,,,,,,,,0.0,0.0,0.0,0.0,52.65150209246337,,,,,68.32296047667404
上海,2019,3,31.2304,121.4737,31,10.435483870967742,15.503225806451614,6.035483870967742,9.46774193548387,7.890322580645161,-2.545161290322581,76.87096774193549,56.1,1.8096774193548388,18,0,18.996774193548386,32.593548387096774,1,1,7.007604659498208,17,7,14.120000000000001,0,0,0,0,,,,,,,,0.0,0.0,0.0,0.0,62.70426483520608,,,,,
上海,2019,4,31.2304,121.4737,30,15.860000000000001,20.903333333333332,11.54,9.363333333333333,15.033333333333333,-0.8266666666666667,79.06666666666666,78.9,2.6300000000000003,14,0,19.12,32.7,2,1,6.7170563888888895,16,10,15.529333333333334,0,0,0,0,,,,,,,,0.0,0.0,0.0,0.0,73.3318648450708,,,,,
上海,2019,5,31.2304,121.4737,31,19.448387096774194,24.661290322580644,14.670967741935485,9.990322580645161,19.274193548387096,-0.17419354838709725,72.25806451612904,86.1,2.7774193548387096,12,1,18.516129032258064,31.73225806451613,3,1,8.618687903225807,19,4,19.491935483870968,2,0,0,0,,,,,,,,0.0,0.0,0.0,0.0,82.06518553223628,,,,,
上海,2019,6,31.2304,121.4737,30,22.94,27.043333333333333,19.42,7.623333333333333,25.126666666666665,2.1866666666666665,82.16666666666667,210.8,7.026666666666667,16,3,17.14,30.546666666666667,0,2,7.475105462962962,15,6,17.127333333333336,6,0,0,0,,,,,,,,0.0,0.0,0.0,0.0,81.14010055920153,,,,57.12219320737717,
上海,2019,7,31.2304,121.4737,31,26.55483870967742,29.851612903225806,23.738709677419354,6.112903225806452,30.990322580645163,4.435483870967742,84.93548387096774,190.2,6.135483870967741,24,1,16.887096774193548,30.18064516129032,0,0,8.880114157706092,21,5,17.509677419354837,13,0,0,0,,,,,,,,0.0,0.0,0.0,0.0,71.4120377741075,,,,45.143910948247225,
上海,2019,8,31.2304,121.4737,31,27.538709677419355,30.948387096774194,24.61935483870968,6.329032258064516,32.24516129032258,4.7064516129032254,83.41935483870968,268.8,8.670967741935485,27,3,19.25483870967742,34.24193548387097,3,3,10.253825268817204,25,2,18.91,24,0,0,0,,,,,,,,0.0,0.0,0.0,0.0,68.85290369618752,,,,40.15616413958501,
上海,2019,9,31.2304,121.4737,30,23.59,26.93,20.623333333333335,6.306666666666667,25.973333333333336,2.3833333333333333,82.3,272.6,9.086666666666668,18,4,19.013333333333332,32.36333333333333,2,2,9.088341944444444,23,6,15.611666666666668,1,0,0,0,,,,,,,,0.0,0.0,0.0,0.0,78.56208500275375,,,,,
上海,2019,10,31.2304,121.4737,31,19.009677419354837,22.796774193548387,15.69032258064516,7.106451612903226,19.212903225806453,0.20322580645161314,78.41935483870968,103.60000000000001,3.341935483870968,10,1,17.296774193548387,29.606451612903225,2,2,8.090360842293908,19,2,12.521935483870967,0,0,0,0,,,,,,,,0.0,0.0,0.0,0.0,80.36671972825636,,,,,
上海,2019,11,31.2304,121.4737,30,14.2,18.436666666666667,10.379999999999999,8.056666666666667,12.296666666666665,-1.9033333333333335,73.03333333333333,30.3,1.01,16,0,18.34,30.82,2,1,6.350790370370371,14,7,9.512666666666666,0,0,0,0,,,,,,,,0.0,0.0,0.0,0.0,71.85872243460406,,,,,
上海,2019,12,31.2304,121.4737,31,8.435483870967742,12.541935483870969,4.758064516129032,7.783870967741936,5.445161290322581,-2.990322580645161,78.38709677419355,82.3,2.6548387096774193,12,0,17.925806451612903,29.980645161290322,0,0,6.278537186379928,17,9,8.540967741935484,0,0,3,0,,,,,,,,0.0,0.0,0.0,0.0,58.26353915300007,,,,,72.08202984375853
上海,2020,1,31.2304,121.4737,31,6.974193548387097,9.893548387096773,4.138709677419355,5.754838709677419,3.7580645161290325,-3.2161290322580647,81.38709677419355,146.9,4.738709677419355,18,0,18.4741935483871,30.76451612903226,1,1,3.9240114695340504,8,15,6.545483870967741,0,0,4,0,,,,,,,,0.0,0.0,0.0,0.0,53.698550404152705,,,,,67.96129197104952
上海,2020,2,31.2304,121.4737,29,8.041379310344826,12.827586206896552,3.710344827586207,9.117241379310345,5.072413793103448,-2.968965517241379,79.27586206896552,60.4,2.0827586206896553,11,0,18.524137931034485,31.720689655172414,2,2,6.344239463601532,15,9,11.41793103448276,0,0,5,0,,,,,,,,0.0,0.0,0.0,0.0,57.189304624127644,,,,,70.65284960957499
上海,2020,3,31.2304,121.4737,31,11.370967741935484,15.687096774193549,7.329032258064516,8.358064516129033,8.783870967741937,-2.587096774193548,75.6774193548387,126.0,4.064516129032258,17,1,20.45483870967742,34.041935483870965,2,1,7.345635304659498,19,8,14.025483870967742,0,0,0,0,,,,,,,,0.0,0.0,0.0,0.0,64.14222423940585,,,,,
上海,2020,4,31.2304,121.4737,30,13.993333333333334,19.05666666666667,9.276666666666667,9.78,12.04,-1.9533333333333331,71.2,45.2,1.5066666666666668,11,0,18.996666666666666,32.67333333333333,1,1,9.184888148148149,25,4,19.20133333333333,1,0,0,0,,,,,,,,0.0,0.0,0.0,0.0,70.75410338347771,,,,,
上海,2020,5,31.2304,121.4737,31,21.55483870967742,26.325806451612905,17.419354838709676,8.906451612903224,22.44193548387097,0.8870967741935484,77.3225806451613,108.4,3.4967741935483874,20,0,19.674193548387095,34.15161290322581,2,2,8.205774193548386,18,4,17.990000000000002,3,0,0,0,,,,,,,,0.0,0.0,0.0,0.0,82.98126500570716,,,,,
上海,2020,6,31.2304,121.4737,30,24.896666666666665,28.386666666666667,21.746666666666666,6.64,28.586666666666666,3.6900000000000004,86.06666666666666,286.1,9.536666666666667,25,3,17.13,32.39666666666667,1,2,6.1544425,12,11,14.673333333333334,9,0,0,0,,,,,,,,0.0,0.0,0.0,0.0,75.10882833033578,,,,48.78910817442927,
上海,2020,7,31.2304,121.4737,31,26.10967741935484,29.270967741935483,23.42258064516129,5.848387096774194,30.5,4.3903225806451625,86.38709677419355,411.4,13.270967741935483,26,6,17.480645161290322,34.41290322580645,0,3,6.3900999999999994,14,10,14.316451612903226,14,1,0,0,,,,,,,,0.0,0.0,0.0,0.0,71.46486903951752,,,,43.90101283002829,
上海,2020,8,31.2304,121.4737,31,29.251612903225805,33.406451612903226,26.08709677419355,7.319354838709677,33.961290322580645,4.70967741935484,78.19354838709677,114.5,3.693548387096774,16,0,20.287096774193547,35.961290322580645,3,3,10.395339068100359,25,1,20.656129032258065,31,6,0,0,,,,,,,,0.0,0.0,0.0,0.0,67.21687031161709,,,,35.8193272611819,
上海,2020,9,31.2304,121.4737,30,23.25,26.78666666666667,20.14333333333333,6.6433333333333335,25.446666666666665,2.1966666666666668,79.56666666666666,140.2,4.673333333333333,22,1,15.996666666666666,27.81,0,0,7.858204074074075,17,6,15.060666666666666,6,0,0,0,,,,,,,,0.0,0.0,0.0,0.0,81.12625552514449,,,,,
上海,2020,10,31.2304,121.4737,31,18.019354838709678,21.570967741935487,14.829032258064515,6.741935483870968,17.493548387096773,-0.525806451612903,75.16129032258064,45.4,1.464516129032258,8,1,17.364516129032257,29.70967741935484,0,0,7.909964695340502,20,6,12.826774193548387,0,0,0,0,,,,,,,,0.0,0.0,0.0,0.0,79.736744202441,,,,,
上海,2020,11,31.2304,121.4737,30,14.763333333333332,18.27,11.623333333333333,6.6466666666666665,13.25,-1.5133333333333332,77.2,45.7,1.5233333333333334,14,0,18.006666666666668,30.63,1,1,6.528066574074074,15,7,9.329333333333333,0,0,0,0,,,,,,,,0.0,0.0,0.0,0.0,72.2478942179521,,,,,
上海,2020,12,31.2304,121.4737,31,6.416129032258064,10.399999999999999,2.7225806451612904,7.67741935483871,2.9419354838709677,-3.4741935483870963,74.3225806451613,14.1,0.45483870967741935,12,0,18.10967741935484,30.44516129032258,2,2,7.01971729390681,17,4,9.120967741935484,0,0,6,2,,,,,,,,0.0,0.0,0.0,0.0,56.9741776220875,,,,,70.24401888093739
上海,2021,1,31.2304,121.4737,31,4.706451612903226,9.925806451612903,0.396774193548387,9.529032258064515,0.7806451612903225,-3.925806451612903,68.6774193548387,15.9,0.5129032258064516,7,0,19.570967741935487,32.729032258064514,0,0,7.564925,18,3,10.54225806451613,0,0,13,6,,,,,,,,0.0,0.0,0.0,0.0,55.52866061782164,,,,,65.97503101487838
上海,2021,2,31.2304,121.4737,28,9.057142857142857,13.696428571428571,5.142857142857143,8.553571428571429,6.039285714285714,-3.017857142857143,76.85714285714286,58.4,2.085714285714286,9,0,19.642857142857142,32.917857142857144,1,1,6.418276190476191,16,10,11.391428571428571,0,0,2,0,,,,,,,,0.0,0.0,0.0,0.0,59.01004159155554,,,,,73.14694888830068
上海,2021,3,31.2304,121.4737,31,11.23225806451613,15.319354838709677,7.54516129032258,7.774193548387097,8.98709677419355,-2.2451612903225806,81.54838709677419,89.8,2.896774193548387,23,0,19.13225806451613,32.332258064516125,0,0,5.831539964157706,13,12,12.724838709677421,0,0,0,0,,,,,,,,0.0,0.0,0.0,0.0,62.550190933121954,,,,,
上海,2021,4,31.2304,121.4737,30,15.55,19.876666666666665,11.573333333333332,8.303333333333333,14.343333333333334,-1.2066666666666663,76.23333333333333,88.6,2.953333333333333,15,0,18.933333333333334,32.45,1,0,8.05885462962963,19,6,17.374666666666666,0,0,0,0,,,,,,,,0.0,0.0,0.0,0.0,73.52310049065068,,,,,
上海,2021,5,31.2304,121.4737,31,21.009677419354837,25.725806451612904,16.919354838709676,8.806451612903226,21.87741935483871,0.8677419354838708,77.93548387096774,177.5,5.725806451612903,15,3,19.164516129032258,33.76129032258064,1,2,7.89525582437276,18,7,18.151935483870968,4,0,0,0,,,,,,,,0.0,0.0,0.0,0.0,80.97822302442343,,,,,
上海,2021,6,31.2304,121.4737,30,24.126666666666665,28.076666666666664,20.87,7.206666666666666,27.16,3.0333333333333328,84.33333333333333,162.0,5.4,21,1,16.73,29.689999999999998,0,0,6.997918981481481,14,7,16.622,4,0,0,0,,,,,,,,0.0,0.0,0.0,0.0,77.93325615997082,,,,53.77204714808307,
上海,2021,7,31.2304,121.4737,31,27.958064516129035,31.312903225806448,25.393548387096775,5.919354838709677,32.16451612903226,4.2064516129032254,82.93548387096774,429.4,13.851612903225806,22,6,23.087096774193547,40.21935483870968,5,5,8.510346505376344,19,6,18.046451612903226,23,1,0,0,,,,,,,,0.0,0.0,0.0,0.0,68.15714192395887,,,,39.337281408738114,
上海,2021,8,31.2304,121.4737,31,27.229032258064517,30.280645161290323,24.712903225806453,5.567741935483871,32.270967741935486,5.041935483870968,85.58064516129032,204.20000000000002,6.587096774193549,27,2,16.751612903225805,29.980645161290322,0,0,9.246226164874551,23,3,17.693548387096776,21,0,0,0,,,,,,,,0.0,0.0,0.0,0.0,69.19281851537876,,,,40.433987763468345,
上海,2021,9,31.2304,121.4737,30,25.416666666666668,29.046666666666667,22.526666666666664,6.52,28.77,3.3533333333333335,83.33333333333333,200.9,6.696666666666667,18,2,18.483333333333334,32.41,3,2,9.031013703703703,21,4,16.129,10,0,0,0,,,,,,,,0.0,0.0,0.0,0.0,75.12012191941376,,,,,
上海,2021,10,31.2304,121.4737,31,19.98709677419355,23.53548387096774,17.135483870967743,6.4,20.56451612903226,0.5774193548387098,79.35483870967742,86.3,2.7838709677419353,13,0,19.11935483870968,31.509677419354837,3,2,7.60603270609319,20,5,12.108064516129033,2,0,0,0,,,,,,,,0.0,0.0,0.0,0.0,76.19397613939005,,,,,
上海,2021,11,31.2304,121.4737,30,12.323333333333332,17.220000000000002,8.036666666666667,9.183333333333334,10.303333333333335,-2.02,75.83333333333333,73.1,2.4366666666666665,11,1,17.916666666666668,29.613333333333333,2,1,7.436382592592593,18,3,11.135666666666667,0,0,1,0,,,,,,,,0.0,0.0,0.0,0.0,67.9972028142469,,,,,
上海,2021,12,31.2304,121.4737,31,6.593548387096774,11.55483870967742,2.303225806451613,9.251612903225807,3.364516129032258,-3.229032258064516,74.6774193548387,6.1,0.19677419354838707,5,0,16.429032258064517,27.467741935483872,1,0,7.370830555555556,20,5,9.865806451612903,0,0,10,1,,,,,,,,0.0,0.0,0.0,0.0,57.42294611157244,,,,,69.66040476325493
上海,2022,1,31.2304,121.4737,31,5.564516129032258,9.154838709677419,1.935483870967742,7.219354838709678,2.1451612903225805,-3.4193548387096775,78.51612903225806,70.3,2.267741935483871,16,0,17.106451612903225,28.20967741935484,0,0,5.10532141577061,11,12,8.191612903225806,0,0,9,0,,,,,,,,0.0,0.0,0.0,0.0,52.96382970897545,,,,,66.80891982597282
上海,2022,2,31.2304,121.4737,28,4.707142857142857,8.3,1.3821428571428573,6.917857142857143,0.9964285714285713,-3.710714285714286,75.60714285714286,56.3,2.0107142857142857,14,0,17.910714285714285,29.682142857142857,1,0,5.013946329365079,12,13,9.904285714285715,0,0,9,0,,,,,,,,0.0,0.0,0.0,0.0,51.88585212284964,,,,,66.27892046803656
上海,2022,3,31.2304,121.4737,31,12.125806451612902,17.19677419354839,7.980645161290322,9.216129032258063,9.72258064516129,-2.403225806451613,76.7741935483871,156.2,5.038709677419354,15,3,21.674193548387095,35.70645161290323,1,1,6.86565770609319,15,9,14.09483870967742,0,0,0,0,,,,,,,,0.0,0.0,0.0,0.0,65.11933605664176,,,,,
上海,2022,4,31.2304,121.4737,30,15.786666666666667,20.85,11.416666666666666,9.433333333333334,14.576666666666666,-1.21,75.96666666666667,168.1,5.6033333333333335,11,1,19.136666666666667,31.526666666666664,1,2,7.318495185185185,15,7,17.063333333333333,2,0,0,0,,,,,,,,0.0,0.0,0.0,0.0,73.81615138462271,,,,,
上海,2022,5,31.2304,121.4737,31,19.248387096774195,23.87741935483871,15.009677419354839,8.867741935483872,19.225806451612904,-0.022580645161290186,73.7741935483871,55.5,1.7903225806451613,14,0,16.551612903225806,28.40967741935484,0,0,8.096619534050179,21,7,18.77516129032258,0,0,0,0,,,,,,,,0.0,0.0,0.0,0.0,81.5016542568463,,,,,
上海,2022,6,31.2304,121.4737,30,25.28666666666667,29.44,21.84,7.6,28.313333333333333,3.026666666666667,81.6,153.4,5.113333333333333,20,1,19.686666666666667,32.67,0,1,8.255069444444445,19,7,18.717666666666666,14,1,0,0,,,,,,,,0.0,0.0,0.0,0.0,75.47573511796925,,,,49.336985109223555,
上海,2022,7,31.2304,121.4737,31,29.83225806451613,34.50322580645161,26.138709677419353,8.364516129032259,35.167741935483875,5.3354838709677415,77.06451612903226,123.5,3.9838709677419355,26,1,17.845161290322583,31.9,0,0,10.819321684587813,28,1,21.145806451612902,31,13,0,0,,,,,,,,0.0,0.0,0.0,0.0,66.05563209924556,,,,34.23144099928284,
上海,2022,8,31.2304,121.4737,31,30.832258064516132,35.92580645161291,26.983870967741936,8.941935483870969,35.435483870967744,4.603225806451612,69.80645161290323,74.8,2.4129032258064513,21,0,18.506451612903227,32.116129032258065,0,0,10.20912616487455,25,2,20.141612903225806,27,20,0,0,,,,,,,,0.0,0.0,0.0,0.0,66.96650921739646,,,,35.77095693448997,
上海,2022,9,31.2304,121.4737,30,23.583333333333332,27.023333333333333,20.696666666666665,6.326666666666667,25.25,1.6666666666666667,78.1,245.70000000000002,8.190000000000001,18,3,22.35666666666667,36.41,4,3,7.8324588888888895,20,7,14.961333333333332,1,0,0,0,,,,,,,,0.0,0.0,0.0,0.0,80.63651253666033,,,,,
上海,2022,10,31.2304,121.4737,31,18.26451612903226,22.164516129032258,14.94516129032258,7.219354838709677,17.37741935483871,-0.8870967741935486,72.0,26.5,0.8548387096774194,15,0,20.13225806451613,32.9,2,1,7.06926541218638,19,8,12.058064516129033,3,0,0,0,,,,,,,,0.0,0.0,0.0,0.0,77.56518603955328,,,,,
上海,2022,11,31.2304,121.4737,30,15.593333333333334,19.65666666666667,12.116666666666667,7.54,14.553333333333335,-1.0399999999999998,80.93333333333334,94.8,3.1599999999999997,16,0,19.596666666666668,32.086666666666666,2,1,6.077960925925925,14,7,9.161333333333333,0,0,0,0,,,,,,,,0.0,0.0,0.0,0.0,73.02040226845614,,,,,
上海,2022,12,31.2304,121.4737,31,5.232258064516128,8.964516129032257,1.6838709677419357,7.280645161290322,1.5225806451612904,-3.7096774193548385,72.90322580645162,35.1,1.132258064516129,12,0,18.503225806451614,30.203225806451613,2,1,6.042789784946236,15,10,8.542903225806452,0,0,13,1,,,,,,,,0.0,0.0,0.0,0.0,54.5968443350335,,,,,66.3957397653945
上海,2023,1,31.2304,121.4737,31,5.035483870967742,9.90967741935484,0.5870967741935483,9.32258064516129,1.4064516129032258,-3.629032258064516,74.61290322580645,73.8,2.3806451612903223,10,1,19.287096774193547,31.283870967741933,5,4,7.157049193548387,22,8,10.264838709677418,0,0,16,3,59.83911290322581,91.21021505376343,2226.3508064516127,83.09852150537635,115.82513440860214,13.043010752688172,3.7123655913978495,9.0,9.0,6.0,0.0,54.14849195822063,84.52904055582236,63.26265653750115,15.470959444177645,,69.80894750026242
上海,2023,2,31.2304,121.4737,28,6.628571428571428,10.428571428571429,3.3714285714285714,7.057142857142857,3.207142857142857,-3.4214285714285713,77.75,71.9,2.567857142857143,17,0,18.49285714285714,30.714285714285715,0,0,5.494045535714285,10,9,10.415000000000001,0,0,3,0,35.02083333333333,55.75476190476191,905.6532738095239,69.70267857142856,48.67232142857143,21.209821428571427,0.5342261904761905,16.0,0.0,0.0,0.0,54.91459989071241,90.05431231613713,65.45651361833983,9.945687683862872,,75.0514385572385
上海,2023,3,31.2304,121.4737,31,11.461290322580645,16.70967741935484,7.209677419354839,9.5,8.851612903225806,-2.609677419354839,72.96774193548387,81.3,2.6225806451612903,15,1,17.787096774193547,30.606451612903225,1,1,6.515192921146953,15,11,13.860967741935484,0,0,0,0,39.97284946236559,62.62956989247312,853.4381720430107,75.43844086021505,66.25456989247311,24.528225806451612,4.255376344086021,12.0,2.0,2.0,0.0,65.01621593232537,88.78235774236434,72.14605847533707,11.21764225763565,,
上海,2023,4,31.2304,121.4737,30,16.193333333333335,21.32,11.726666666666667,9.593333333333334,14.57,-1.6233333333333335,72.26666666666667,58.4,1.9466666666666665,16,0,21.466666666666665,35.50333333333333,1,1,7.9705055555555555,19,6,17.419333333333334,1,0,0,0,38.41708333333334,59.26986111111111,694.6708333333333,68.38347222222222,83.89055555555555,33.768055555555556,6.409722222222222,15.0,0.0,7.0,0.0,75.08392563286421,88.72946076041553,79.17758617112959,11.27053923958447,,
上海,2023,5,31.2304,121.4737,31,21.038709677419355,26.070967741935487,16.596774193548388,9.474193548387097,21.183870967741935,0.1451612903225806,73.29032258064517,107.10000000000001,3.4548387096774196,18,0,20.84193548387097,34.89677419354839,5,3,7.5257065412186375,15,7,17.993225806451612,6,2,0,0,35.27836021505376,52.43319892473118,610.9663978494623,70.07741935483871,89.20658602150537,35.848118279569896,1.525537634408602,19.0,3.0,1.0,0.0,80.93762839180108,88.93098886998563,83.33563653525644,11.069011130014374,,
上海,2023,6,31.2304,121.4737,30,24.903333333333332,29.223333333333336,21.32,7.903333333333333,27.746666666666666,2.8433333333333333,80.0,295.9,9.863333333333333,24,3,18.526666666666664,32.25666666666667,0,0,6.6815380555555555,17,9,16.122,13,0,0,0,66.12472222222223,95.7773611111111,963.0777777777778,87.03583333333333,86.37569444444445,26.766666666666666,1.0638888888888889,10.0,11.0,0.0,0.0,77.1003642562705,84.69643434104815,79.37918528170377,15.303565658951863,49.934361604626126,
上海,2023,7,31.2304,121.4737,31,28.483870967741936,31.970967741935485,25.81935483870968,6.151612903225806,33.809677419354834,5.325806451612902,83.83870967741936,267.9,8.641935483870967,28,2,18.406451612903226,31.86774193548387,1,1,7.647268637992831,17,7,17.021612903225805,26,5,0,0,55.15873655913978,80.3638440860215,988.627688172043,64.63763440860215,50.87284946236559,41.46236559139785,0.033602150537634407,11.0,8.0,0.0,0.0,67.28078558506094,86.9418869891117,73.17911600627617,13.058113010888295,35.390682262611186,
上海,2023,8,31.2304,121.4737,31,27.76451612903226,31.39032258064516,24.758064516129032,6.632258064516129,32.49354838709677,4.7290322580645165,81.0,126.5,4.080645161290323,25,1,17.461290322580645,30.20967741935484,0,0,10.285893548387097,26,3,20.238709677419354,28,0,0,0,35.89811827956989,56.06706989247312,595.9018817204301,56.78024193548387,33.72916666666667,48.09005376344086,1.603494623655914,19.0,2.0,0.0,0.0,69.31959939489892,89.84826676629562,75.47819960631793,10.151733233704388,39.02390931462254,
上海,2023,9,31.2304,121.4737,30,25.13,28.55666666666667,22.223333333333336,6.333333333333333,28.816666666666666,3.6866666666666665,84.0,151.7,5.056666666666667,24,1,15.556666666666667,26.30666666666667,0,0,7.77674462962963,18,6,15.063333333333333,8,0,0,0,38.33958333333333,59.66138888888889,664.6569444444444,60.05777777777778,34.537638888888885,41.96805555555556,0.39444444444444443,18.0,2.0,0.0,1.0,75.34173472637052,89.62335524592433,79.62622088223665,10.376644754075675,,
上海,2023,10,31.2304,121.4737,31,19.335483870967742,23.761290322580646,15.406451612903227,8.35483870967742,19.516129032258064,0.18064516129032263,76.74193548387096,14.5,0.46774193548387094,13,0,15.825806451612904,26.47741935483871,0,0,7.993776433691756,19,3,13.251290322580646,0,0,0,0,42.46209677419355,68.32056451612904,796.4206989247313,61.64704301075269,39.248790322580646,27.784946236559136,2.435483870967742,17.0,5.0,0.0,0.0,83.1895732767854,89.5199589765182,85.08868898670524,10.48004102348181,,
上海,2023,11,31.2304,121.4737,30,13.323333333333332,18.27,9.143333333333334,9.126666666666667,11.243333333333334,-2.08,73.2,39.5,1.3166666666666667,8,0,19.543333333333333,31.779999999999998,3,0,8.152303148148148,21,3,11.814333333333334,0,0,0,0,46.86958333333334,71.68263888888889,1284.134722222222,57.27513888888889,68.60791666666667,16.3,2.3847222222222224,13.0,6.0,2.0,0.0,69.66560813504569,88.87250652858269,75.42767765310677,11.127493471417324,,
上海,2023,12,31.2304,121.4737,31,6.270967741935484,11.109677419354838,2.1903225806451614,8.919354838709678,2.9096774193548387,-3.361290322580645,73.29032258064517,37.9,1.2225806451612902,9,0,17.638709677419353,29.351612903225806,1,0,7.14865770609319,19,5,9.317419354838709,0,0,10,4,78.72123655913978,117.68104838709678,1930.0188172043008,63.321505376344085,108.92338709677419,9.068548387096774,0.6989247311827957,6.0,15.0,0.0,0.0,57.98098767525101,83.9624664989695,65.77543132236654,16.037533501030502,,72.25485472400922
上海,2024,1,31.2304,121.4737,31,4.983870967741935,9.816129032258065,0.7032258064516129,9.112903225806452,1.3935483870967742,-3.5903225806451613,77.38709677419355,40.9,1.3193548387096774,10,0,17.67096774193548,29.42258064516129,0,0,6.794214426523298,17,6,9.847096774193549,0,0,12,3,79.45120967741936,118.07352150537635,1602.7836021505375,59.190456989247316,87.50927419354838,12.94489247311828,0.7244623655913978,8.0,12.0,0.0,0.0,53.52348743164044,84.57848256341269,62.83998597117211,15.421517436587317,,70.50321106970415
上海,2024,2,31.2304,121.4737,29,6.313793103448275,10.03103448275862,2.9551724137931035,7.075862068965517,2.679310344827586,-3.63448275862069,81.10344827586206,133.7,4.610344827586206,19,1,20.73793103448276,33.76896551724138,1,1,4.434504885057471,11,14,8.748620689655173,0,0,5,0,48.5191091954023,74.53764367816092,1029.5,54.937356321839076,54.81968390804598,21.004310344827587,2.3548850574712645,13.0,3.0,2.0,0.0,52.610097528712316,89.03993034037723,63.53904737221178,10.960069659622778,,72.50217603032101
上海,2024,3,31.2304,121.4737,31,10.867741935483872,16.39677419354839,6.219354838709678,10.17741935483871,8.432258064516128,-2.4354838709677424,77.96774193548387,43.5,1.403225806451613,15,0,20.093548387096774,32.748387096774195,0,0,7.547061200716846,17,6,14.685483870967742,0,0,1,0,48.761827956989244,76.69959677419355,923.9663978494623,59.25967741935484,47.612096774193546,24.805107526881716,5.831989247311828,6.0,3.0,7.0,0.0,63.29623241914279,88.80126316827575,70.94774164388267,11.198736831724254,,
上海,2024,4,31.2304,121.4737,30,15.863333333333333,20.17,12.393333333333334,7.776666666666667,15.056666666666667,-0.8066666666666666,82.23333333333333,154.1,5.136666666666667,22,2,18.85,30.81,1,0,5.280164814814815,7,11,13.742333333333333,0,0,0,0,34.66444444444445,55.4525,544.9666666666667,55.35847222222222,27.072777777777777,36.7,7.2555555555555555,19.0,0.0,9.0,0.0,73.62290859259998,90.75508812546694,78.76256245246007,9.244911874533063,,
上海,2024,5,31.2304,121.4737,31,19.654838709677417,24.65806451612903,15.383870967741935,9.274193548387096,19.845161290322583,0.19032258064516147,76.7741935483871,100.0,3.225806451612903,14,1,18.96451612903226,31.741935483870968,1,1,8.700214784946237,20,4,19.960967741935484,1,0,0,0,35.578494623655914,55.33736559139785,611.383064516129,54.41895161290322,29.70403225806452,49.81586021505377,3.297043010752688,18.0,1.0,2.0,0.0,80.90514662162545,89.9732620311159,83.62558124447256,10.026737968884119,,
上海,2024,6,31.2304,121.4737,30,23.633333333333333,27.5,20.08,7.42,26.223333333333336,2.5899999999999994,82.3,337.29999999999995,11.243333333333332,22,6,17.35666666666667,29.873333333333335,0,0,5.300783611111111,9,12,14.104000000000001,8,0,0,0,40.36319444444444,60.344722222222224,1134.076388888889,63.735416666666666,52.27569444444444,39.09166666666667,1.6708333333333334,17.0,2.0,0.0,0.0,78.6773250955054,88.6245076321596,81.66147985650166,11.375492367840389,53.24415746498229,
上海,2024,7,31.2304,121.4737,31,29.641935483870967,33.89032258064516,26.406451612903226,7.483870967741935,34.57096774193548,4.929032258064517,79.0,184.3,5.945161290322581,15,4,21.383870967741935,36.619354838709675,4,3,9.144960304659499,21,6,19.91774193548387,29,12,0,0,50.48467741935484,73.83306451612903,802.5672043010752,62.134408602150536,40.55564516129032,46.850806451612904,0.03225806451612903,12.0,8.0,0.0,0.0,65.57409748638318,87.69130506039308,72.20925975858614,12.308694939606925,34.4986520298921,
上海,2024,8,31.2304,121.4737,31,30.96451612903226,36.00967741935484,26.951612903225808,9.058064516129033,36.225806451612904,5.261290322580645,71.29032258064517,64.9,2.0935483870967744,21,0,16.893548387096775,29.996774193548386,0,0,11.744489336917564,30,0,22.941290322580645,31,20,0,0,55.74663978494623,83.30524193548388,540.1599462365591,55.94489247311828,27.27231182795699,67.83602150537634,0.09543010752688172,7.0,7.0,0.0,4.0,65.20824628056697,86.8226199927684,71.6925583942274,13.177380007231607,33.810513478577356,
上海,2024,9,31.2304,121.4737,30,27.259999999999998,30.673333333333336,24.45,6.223333333333334,30.896666666666665,3.6366666666666663,78.76666666666667,197.9,6.596666666666667,22,3,21.126666666666665,35.20666666666667,4,2,8.58390287037037,21,4,15.58,18,3,0,0,28.52625,45.901944444444446,318.05555555555554,45.000416666666666,16.181527777777777,42.708333333333336,0.3527777777777778,23.0,1.0,0.0,0.0,72.07624198874198,92.11160825797603,78.0868518695122,7.888391742023976,,
上海,2024,10,31.2304,121.4737,31,19.851612903225806,23.032258064516128,16.887096774193548,6.145161290322581,20.03548387096774,0.18387096774193604,79.74193548387096,152.3,4.912903225806452,20,1,20.761290322580646,33.538709677419355,2,2,5.856796326164875,12,11,10.961290322580645,0,0,0,0,29.25739247311828,47.405510752688166,797.0564516129032,51.668279569892476,30.83951612903226,36.31182795698925,1.5551075268817205,21.0,1.0,0.0,0.0,80.34307722949535,91.2923710596595,83.6278653785446,8.707628940340499,,
上海,2024,11,31.2304,121.4737,30,14.53,17.89333333333333,11.68,6.213333333333334,13.196666666666665,-1.3333333333333335,75.06666666666666,137.9,4.596666666666667,9,1,15.983333333333333,33.276666666666664,1,2,6.397605925925927,15,6,9.822333333333335,0,0,0,0,40.86361111111111,50.81305555555556,1956.2055555555557,59.76263888888889,44.19152777777778,22.880555555555553,2.3180555555555555,14.0,1.0,1.0,0.0,72.34880279553154,89.03922529264172,77.35592954466458,10.960774707358286,,
上海,2024,12,31.2304,121.4737,31,6.919354838709677,10.658064516129032,3.8,6.858064516129032,3.9129032258064513,-3.0064516129032257,68.2258064516129,17.3,0.5580645161290323,6,0,11.36774193548387,27.88064516129032,0,0,7.258467383512545,20,6,9.600645161290323,0,0,3,0,87.8997311827957,91.21572580645162,3099.0631720430106,69.17849462365591,96.23104838709678,12.196236559139784,1.9180107526881722,0.0,17.0,1.0,0.0,59.488380571180656,82.04760416654264,66.25614764978926,17.95239583345735,,76.74224797127653
上海,2025,1,31.2304,121.4737,31,6.406451612903226,10.845161290322581,2.529032258064516,8.316129032258065,3.0032258064516126,-3.403225806451613,60.03225806451613,12.399999999999999,0.39999999999999997,4,0,12.041935483870969,30.016129032258064,0,0,8.222103673835125,23,3,11.333870967741936,0,0,6,0,91.12405913978495,95.22741935483872,2558.912634408602,67.88024193548387,83.19368279569892,17.75537634408602,3.0,3.0,17.0,2.0,0.0,59.19534689827897,82.21062625060678,66.09993070397731,17.789373749393228,,76.34558832729506
上海,2025,2,31.2304,121.4737,28,5.807142857142857,9.710714285714285,2.282142857142857,7.428571428571429,2.5749999999999997,-3.232142857142857,66.89285714285714,26.2,0.9357142857142857,12,0,13.282142857142857,32.9,0,2,6.408097916666667,14,7,11.950714285714286,0,0,7,0,72.58020833333333,77.72470238095238,1992.9017857142858,58.01502976190476,56.469791666666666,28.376488095238095,5.15625,3.0,12.0,3.0,0.0,57.47897569382916,85.19483378094844,65.79373311996495,14.805166219051555,,74.6999535411441
上海,2025,3,31.2304,121.4737,31,12.329032258064515,16.793548387096774,8.17741935483871,8.616129032258065,9.922580645161291,-2.4064516129032256,65.0,79.2,2.5548387096774197,16,0,14.63225806451613,36.83870967741935,0,2,6.99651729390681,17,11,14.460645161290321,2,0,0,0,57.72715053763441,65.72419354838709,1455.0779569892472,67.39623655913978,47.26559139784946,38.6021505376344,11.146505376344084,7.0,8.0,12.0,0.0,66.6203594432902,86.47047615932154,72.5753944580996,13.529523840678468,,
上海,2025,4,31.2304,121.4737,30,18.696666666666665,25.166666666666668,13.196666666666665,11.97,17.503333333333334,-1.193333333333333,58.46666666666667,51.3,1.71,8,0,14.973333333333333,39.07666666666667,0,3,9.404126574074073,21,2,20.038999999999998,6,0,0,0,52.11611111111111,60.47,1221.1319444444446,65.875,39.473194444444445,52.71805555555555,13.340277777777777,6.0,4.0,14.0,0.0,81.60495473579886,86.81787259108296,83.16883009238408,13.182127408917044,,
上海,2025,5,31.2304,121.4737,31,21.629032258064516,26.5,17.606451612903225,8.893548387096773,22.309677419354838,0.6806451612903226,69.93548387096774,114.1,3.6806451612903226,10,2,15.35483870967742,38.90967741935484,0,5,8.646891129032259,20,4,19.710322580645162,5,0,0,0,42.64731182795699,52.916935483870965,1028.883064516129,57.66034946236559,34.26733870967742,67.22311827956989,17.102150537634408,12.0,1.0,9.0,2.0,83.46509966355065,87.80147629631882,84.7660126533811,12.198523703681179,,
上海,2025,6,31.2304,121.4737,30,25.046666666666667,28.596666666666668,22.07,6.526666666666666,28.83,3.7833333333333337,83.1,311.90000000000003,10.396666666666668,23,5,12.233333333333333,30.716666666666665,0,1,5.9957645370370365,13,14,15.624333333333334,14,0,0,0,39.055277777777775,42.22875,1036.2472222222223,63.98847222222222,34.54347222222222,50.518055555555556,4.641666666666667,15.0,3.0,6.0,1.0,74.36854888638008,88.79140971405587,78.69540713468282,11.208590285944119,47.280933777979335,
上海,2025,7,31.2304,121.4737,31,29.30322580645161,33.15161290322581,26.416129032258063,6.735483870967743,33.854838709677416,4.5516129032258075,75.58064516129032,233.0,7.516129032258065,26,1,17.84193548387097,44.87419354838709,1,7,10.787514336917564,26,1,21.125806451612902,28,10,0,0,26.06021505376344,28.068682795698923,616.0174731182794,36.63938172043011,18.15793010752688,50.0739247311828,0.25806451612903225,26.0,3.0,0.0,1.0,67.40961745478283,92.3171865096203,74.88188817123408,7.682813490379697,37.57696238875885,
上海,2025,8,31.2304,121.4737,31,31.06451612903226,35.519354838709674,27.59032258064516,7.929032258064516,36.53548387096774,5.4709677419354845,70.87096774193549,73.0,2.3548387096774195,21,0,13.229032258064517,34.73225806451613,0,0,11.001152867383512,28,0,21.328064516129032,31,20,0,0,47.86236559139785,48.91236559139785,1073.5887096774193,59.75698924731183,34.47083333333333,58.93279569892473,0.04569892473118279,13.0,6.0,0.0,5.0,65.67506817451263,87.62858031307418,72.26112181608109,12.371419686925814,33.13180890405864,
上海,2025,9,31.2304,121.4737,30,27.836666666666666,31.823333333333334,25.033333333333335,6.79,32.92,5.083333333333333,79.06666666666666,153.6,5.12,27,1,11.266666666666667,30.123333333333335,0,0,8.932877870370369,20,2,16.124333333333333,22,2,0,0,40.776805555555555,42.92513888888889,1185.75,61.23083333333333,29.922777777777778,45.96944444444444,0.5583333333333333,15.0,4.0,0.0,0.0,71.45914388342102,88.91999390289789,76.69739888926408,11.080006097102117,,
上海,2025,10,31.2304,121.4737,31,22.6,26.0,19.90967741935484,6.090322580645162,24.280645161290323,1.6806451612903226,72.80645161290323,41.0,1.3225806451612903,19,0,13.219354838709679,34.36451612903225,0,4,7.765293369175627,21,6,12.629677419354838,10,1,0,0,30.963709677419356,33.490860215053765,1051.1290322580646,54.80215053763441,21.3491935483871,46.11827956989247,0.9086021505376344,18.0,0.0,0.0,0.0,77.58864399486148,90.58031505357859,81.48614531247662,9.419684946421413,,
上海,2025,11,31.2304,121.4737,30,13.936666666666667,18.19,10.036666666666667,8.153333333333332,12.126666666666667,-1.81,63.53333333333333,12.4,0.41333333333333333,8,0,11.843333333333334,29.743333333333332,0,1,7.220767777777778,21,6,11.063333333333333,0,0,0,0,63.82083333333333,69.38083333333334,2238.609722222222,69.02652777777777,68.87708333333333,20.125,5.9125,9.0,10.0,7.0,0.0,72.8513673712102,85.55262198743677,76.66174375607817,14.447378012563238,,
上海,2025,12,31.2304,121.4737,31,9.72258064516129,13.980645161290322,5.893548387096774,8.087096774193547,6.9,-2.8225806451612905,65.2258064516129,6.6,0.2129032258064516,4,0,13.316129032258065,32.54516129032258,0,2,7.902807347670251,21,2,10.06258064516129,0,0,1,0,74.63239247311827,77.78118279569892,2427.717741935484,59.85981182795699,77.29663978494624,22.240591397849464,1.5793010752688172,6.0,14.0,1.0,0.0,65.16195657557638,84.44257111297298,70.94614093679536,15.557428887027019,,80.13051883713402
丽江,2016,1,26.855,100.2278,31,4.603225806451612,10.761290322580646,-0.5806451612903226,11.341935483870968,1.1580645161290322,-3.4451612903225803,59.41935483870968,10.3,0.33225806451612905,10,0,10.941935483870967,43.564516129032256,0,9,10.177408243727598,31,0,15.19,0,0,22,0,,,,,,,,0.0,0.0,0.0,0.0,55.651503240946326,,,,,69.02278030841056
丽江,2016,2,26.855,100.2278,29,6.593103448275862,12.6,1.6413793103448275,10.958620689655174,3.882758620689655,-2.710344827586207,73.17241379310344,45.1,1.5551724137931036,13,0,10.806896551724138,44.86206896551724,0,13,9.08610459770115,23,4,14.536551724137931,0,0,6,0,,,,,,,,0.0,0.0,0.0,0.0,56.12791415131453,,,,,73.60758902133658
丽江,2016,3,26.855,100.2278,31,10.364516129032259,17.432258064516127,3.5999999999999996,13.832258064516129,7.829032258064516,-2.5354838709677416,63.193548387096776,13.200000000000001,0.42580645161290326,17,0,12.648387096774194,50.693548387096776,0,17,10.983554749103941,31,0,20.671612903225807,0,0,0,0,,,,,,,,0.0,0.0,0.0,0.0,64.6452366299778,,,,,
丽江,2016,4,26.855,100.2278,30,13.45,20.05,7.416666666666667,12.633333333333333,11.626666666666667,-1.8233333333333335,65.56666666666666,41.6,1.3866666666666667,24,0,12.966666666666667,51.59666666666667,0,20,10.472626851851853,25,1,20.581,0,0,0,0,,,,,,,,0.0,0.0,0.0,0.0,71.14248695494666,,,,,
丽江,2016,5,26.855,100.2278,31,16.274193548387096,22.16774193548387,10.422580645161291,11.745161290322581,15.570967741935483,-0.7032258064516135,68.74193548387096,109.60000000000001,3.535483870967742,23,1,10.293548387096775,42.16451612903226,0,6,10.5537332437276,26,3,20.85741935483871,0,0,0,0,,,,,,,,0.0,0.0,0.0,0.0,76.40343044343764,,,,,
丽江,2016,6,26.855,100.2278,30,18.19333333333333,23.029999999999998,14.35,8.68,19.15,0.9566666666666666,80.6,260.3,8.676666666666668,27,0,8.063333333333334,33.91,0,0,8.76474212962963,17,2,17.480666666666664,0,0,0,0,,,,,,,,0.0,0.0,0.0,0.0,80.85893699258584,,,,70.74710328933439,
丽江,2016,7,26.855,100.2278,31,17.519354838709678,21.480645161290322,14.970967741935485,6.509677419354838,19.074193548387097,1.5548387096774194,90.64516129032258,381.6,12.30967741935484,31,3,6.670967741935484,29.870967741935484,0,0,6.031511200716846,14,9,14.517096774193549,0,0,0,0,,,,,,,,0.0,0.0,0.0,0.0,77.53708943229802,,,,68.099051089804,
丽江,2016,8,26.855,100.2278,31,18.338709677419356,23.403225806451612,14.170967741935485,9.23225806451613,20.016129032258064,1.6774193548387097,85.70967741935483,170.8,5.509677419354839,30,0,6.745161290322581,28.42258064516129,0,0,10.824482795698925,29,1,20.36225806451613,0,0,0,0,,,,,,,,0.0,0.0,0.0,0.0,79.64185405971601,,,,69.90340092348683,
丽江,2016,9,26.855,100.2278,30,16.436666666666667,20.256666666666668,13.983333333333333,6.2733333333333325,17.4,0.9633333333333332,88.53333333333333,360.4,12.013333333333332,27,1,6.533333333333333,28.78666666666667,0,0,7.766677129629629,18,5,13.552666666666665,0,0,0,0,,,,,,,,0.0,0.0,0.0,0.0,75.2911072585868,,,,,
丽江,2016,10,26.855,100.2278,31,15.30967741935484,20.19677419354839,11.096774193548388,9.100000000000001,14.941935483870967,-0.3677419354838709,75.09677419354838,86.6,2.793548387096774,17,0,7.680645161290323,32.116129032258065,0,1,9.763852688172044,27,1,15.535483870967743,0,0,0,0,,,,,,,,0.0,0.0,0.0,0.0,75.74574347723893,,,,,
丽江,2016,11,26.855,100.2278,30,11.056666666666667,16.45,5.873333333333333,10.576666666666666,9.253333333333334,-1.8033333333333332,69.6,73.8,2.46,8,1,8.25,35.166666666666664,0,1,9.167426851851852,26,2,14.0,0,0,0,0,,,,,,,,0.0,0.0,0.0,0.0,67.40721056326802,,,,,
丽江,2016,12,26.855,100.2278,31,8.135483870967741,14.080645161290322,2.6774193548387095,11.403225806451612,5.67741935483871,-2.458064516129032,68.29032258064517,13.4,0.432258064516129,4,0,8.206451612903226,33.15806451612904,0,2,9.564671774193547,29,0,12.724193548387097,0,0,2,0,,,,,,,,0.0,0.0,0.0,0.0,61.88929557994309,,,,,78.40729081698726
丽江,2017,1,26.855,100.2278,31,6.032258064516129,14.548387096774194,-1.4516129032258065,16.0,2.332258064516129,-3.7,48.38709677419355,8.9,0.2870967741935484,7,0,13.048387096774194,41.55806451612903,0,5,10.232812007168457,29,0,16.216774193548385,0,0,27,0,,,,,,,,0.0,0.0,0.0,0.0,55.356423057526975,,,,,67.03584898152151
丽江,2017,2,26.855,100.2278,28,7.646428571428571,16.04285714285714,-0.08214285714285714,16.125,4.042857142857143,-3.6035714285714286,51.0,23.5,0.8392857142857143,10,0,15.560714285714285,51.20357142857143,0,17,10.442583829365079,25,0,17.516785714285714,0,0,18,0,,,,,,,,0.0,0.0,0.0,0.0,57.53752196660947,,,,,70.81403402646922
丽江,2017,3,26.855,100.2278,31,8.067741935483872,15.380645161290323,1.8870967741935485,13.493548387096775,5.264516129032257,-2.803225806451613,64.6774193548387,108.0,3.4838709677419355,25,0,15.093548387096773,50.461290322580645,0,15,9.904542741935483,26,1,19.602903225806454,0,0,4,0,,,,,,,,0.0,0.0,0.0,0.0,59.83323191215505,,,,,
丽江,2017,4,26.855,100.2278,30,11.396666666666667,17.783333333333335,5.6466666666666665,12.136666666666667,9.513333333333332,-1.8833333333333333,69.76666666666667,146.6,4.886666666666667,21,2,13.15,44.38666666666666,0,10,10.060445,24,2,19.919666666666668,0,0,0,0,,,,,,,,0.0,0.0,0.0,0.0,65.67840291879105,,,,,
丽江,2017,5,26.855,100.2278,31,14.119354838709677,20.0,8.996774193548386,11.003225806451614,13.158064516129032,-0.961290322580645,72.06451612903226,186.20000000000002,6.006451612903226,23,3,11.038709677419355,36.99677419354839,0,5,9.583855107526881,22,4,19.588387096774195,0,0,0,0,,,,,,,,0.0,0.0,0.0,0.0,71.53768001387412,,,,,
丽江,2017,6,26.855,100.2278,30,17.2,22.983333333333334,12.229999999999999,10.753333333333334,17.52,0.31999999999999995,76.8,301.0,10.033333333333333,25,4,9.543333333333333,34.623333333333335,0,0,10.584589351851852,24,0,20.577333333333335,0,0,0,0,,,,,,,,0.0,0.0,0.0,0.0,77.86855007614608,,,,74.6126396030953,
丽江,2017,7,26.855,100.2278,31,16.129032258064516,20.62258064516129,12.399999999999999,8.22258064516129,16.86774193548387,0.7387096774193548,85.54838709677419,223.7,7.216129032258064,28,0,8.251612903225807,30.36774193548387,0,0,9.009540322580644,21,4,17.590967741935486,0,0,0,0,,,,,,,,0.0,0.0,0.0,0.0,74.48465219547266,,,,74.1813280413834,
丽江,2017,8,26.855,100.2278,31,16.467741935483872,20.96451612903226,12.958064516129031,8.006451612903227,17.506451612903227,1.0387096774193545,88.16129032258064,231.3,7.461290322580646,31,3,7.690322580645161,28.9741935483871,0,0,8.106120161290322,19,5,15.730967741935483,0,0,0,0,,,,,,,,0.0,0.0,0.0,0.0,75.1226631808605,,,,72.35755661406807,
丽江,2017,9,26.855,100.2278,30,16.23,21.303333333333335,12.656666666666666,8.646666666666667,16.836666666666666,0.6066666666666666,84.56666666666666,198.4,6.613333333333333,29,1,8.71,30.416666666666668,0,0,9.454812407407408,25,1,16.56,0,0,0,0,,,,,,,,0.0,0.0,0.0,0.0,75.9166915498518,,,,,
丽江,2017,10,26.855,100.2278,31,13.16451612903226,17.970967741935485,9.703225806451613,8.26774193548387,12.90967741935484,-0.2548387096774194,85.6774193548387,263.5,8.5,24,4,8.69032258064516,30.606451612903225,0,0,8.246777956989247,22,5,13.63225806451613,0,0,0,0,,,,,,,,0.0,0.0,0.0,0.0,68.18484651562235,,,,,
丽江,2017,11,26.855,100.2278,30,8.626666666666667,15.566666666666666,2.9166666666666665,12.65,6.256666666666666,-2.37,68.86666666666666,37.5,1.25,12,0,10.81,36.36666666666667,0,3,10.043797777777778,30,0,15.926666666666668,0,0,2,0,,,,,,,,0.0,0.0,0.0,0.0,61.9978994601062,,,,,
丽江,2017,12,26.855,100.2278,31,7.33225806451613,15.274193548387096,0.6483870967741935,14.625806451612902,4.487096774193549,-2.8451612903225807,63.774193548387096,2.7,0.08709677419354839,4,0,10.53225806451613,35.58064516129032,0,2,9.83622724014337,30,1,15.044516129032258,0,0,11,0,,,,,,,,0.0,0.0,0.0,0.0,60.03033376086608,,,,,75.24028875882524
丽江,2018,1,26.855,100.2278,31,5.596774193548387,13.26774193548387,-0.8580645161290323,14.125806451612902,2.1516129032258067,-3.4451612903225803,57.064516129032256,12.7,0.4096774193548387,5,0,13.158064516129032,42.983870967741936,0,9,9.784596774193549,28,1,15.188387096774195,0,0,20,0,,,,,,,,0.0,0.0,0.0,0.0,55.65317015424346,,,,,69.37870424574756
丽江,2018,2,26.855,100.2278,28,7.55,15.521428571428572,0.3178571428571429,15.203571428571427,3.9785714285714286,-3.5714285714285716,52.464285714285715,17.8,0.6357142857142858,11,0,17.196428571428573,53.69285714285714,0,19,10.56270128968254,27,0,17.88357142857143,0,0,14,0,,,,,,,,0.0,0.0,0.0,0.0,58.13701919562008,,,,,73.291052168138
丽江,2018,3,26.855,100.2278,31,9.3,17.293548387096774,2.4322580645161294,14.861290322580645,6.370967741935484,-2.929032258064516,56.483870967741936,47.5,1.532258064516129,23,0,13.82258064516129,45.33870967741935,0,13,10.966125627240144,30,0,20.741935483870968,0,0,1,0,,,,,,,,0.0,0.0,0.0,0.0,63.12179757942878,,,,,
丽江,2018,4,26.855,100.2278,30,12.456666666666667,20.013333333333332,5.653333333333333,14.360000000000001,10.063333333333333,-2.393333333333333,57.53333333333333,48.0,1.6,17,0,14.366666666666667,45.46,0,12,11.183553333333332,27,0,21.507333333333335,0,0,0,0,,,,,,,,0.0,0.0,0.0,0.0,68.64881808990985,,,,,
丽江,2018,5,26.855,100.2278,31,15.129032258064516,21.39032258064516,9.712903225806452,11.67741935483871,13.993548387096775,-1.1354838709677417,67.58064516129032,222.2,7.16774193548387,28,5,12.216129032258063,40.648387096774194,0,4,10.195276075268817,24,2,20.29,0,0,0,0,,,,,,,,0.0,0.0,0.0,0.0,73.77343877548176,,,,,
丽江,2018,6,26.855,100.2278,30,16.306666666666665,21.18,12.503333333333334,8.676666666666668,17.12,0.8133333333333337,85.93333333333334,538.9,17.96333333333333,29,7,8.196666666666667,30.459999999999997,0,0,7.5844000000000005,14,4,17.60033333333333,0,0,0,0,,,,,,,,0.0,0.0,0.0,0.0,75.35586993264772,,,,72.63973505079232,
丽江,2018,7,26.855,100.2278,31,16.916129032258063,21.23225806451613,13.483870967741936,7.748387096774193,18.019354838709678,1.1032258064516127,87.87096774193549,380.1,12.261290322580646,31,4,8.070967741935483,29.822580645161292,0,1,7.870389157706093,16,5,16.46548387096774,0,0,0,0,,,,,,,,0.0,0.0,0.0,0.0,76.56140000967888,,,,71.21119303863297,
丽江,2018,8,26.855,100.2278,31,16.49032258064516,21.35483870967742,12.406451612903227,8.948387096774194,17.41290322580645,0.9225806451612903,86.03225806451613,199.4,6.432258064516129,31,1,8.306451612903226,31.13225806451613,0,0,10.53487329749104,27,2,19.080000000000002,0,0,0,0,,,,,,,,0.0,0.0,0.0,0.0,75.13533828348989,,,,74.10924399848524,
丽江,2018,9,26.855,100.2278,30,15.436666666666667,20.27,11.976666666666667,8.293333333333333,16.043333333333333,0.6066666666666668,87.96666666666667,335.5,11.183333333333334,30,2,8.53,30.763333333333332,0,0,9.222412962962965,23,2,15.915999999999999,0,0,0,0,,,,,,,,0.0,0.0,0.0,0.0,73.19997549260097,,,,,
丽江,2018,10,26.855,100.2278,31,11.612903225806452,17.73225806451613,6.764516129032257,10.96774193548387,10.2,-1.4129032258064516,74.29032258064517,102.9,3.3193548387096774,19,0,9.98709677419355,33.670967741935485,0,1,10.182920788530465,27,0,17.23225806451613,0,0,0,0,,,,,,,,0.0,0.0,0.0,0.0,67.06247641084886,,,,,
丽江,2018,11,26.855,100.2278,30,7.9433333333333325,15.683333333333334,1.3766666666666665,14.306666666666667,5.09,-2.853333333333333,61.8,4.5,0.15,7,0,12.306666666666667,38.94666666666667,0,5,10.091507962962963,30,0,16.217,0,0,7,0,,,,,,,,0.0,0.0,0.0,0.0,61.5461347441452,,,,,
丽江,2018,12,26.855,100.2278,31,6.596774193548387,14.62258064516129,-0.47419354838709676,15.096774193548388,3.070967741935484,-3.5258064516129033,52.74193548387097,21.8,0.7032258064516129,5,0,12.82258064516129,41.567741935483866,0,4,9.77249641577061,29,1,15.009677419354839,0,0,22,0,,,,,,,,0.0,0.0,0.0,0.0,58.146142634956625,,,,,70.3599034425986
丽江,2019,1,26.855,100.2278,31,5.738709677419355,13.932258064516128,-1.6838709677419357,15.616129032258065,1.9064516129032258,-3.832258064516129,48.225806451612904,19.200000000000003,0.6193548387096776,5,0,14.612903225806452,45.516129032258064,0,11,9.963776164874552,30,1,15.953870967741935,0,0,25,0,,,,,,,,0.0,0.0,0.0,0.0,55.28765032274387,,,,,67.76555260167535
丽江,2019,2,26.855,100.2278,28,7.264285714285714,15.471428571428572,-0.4392857142857142,15.910714285714286,3.5214285714285714,-3.742857142857143,50.32142857142857,22.6,0.8071428571428572,13,0,17.3,54.61071428571428,0,19,10.480154563492064,25,0,17.839285714285715,0,0,17,0,,,,,,,,0.0,0.0,0.0,0.0,57.3101775388599,,,,,71.47011351346367
丽江,2019,3,26.855,100.2278,31,8.83548387096774,16.76774193548387,1.967741935483871,14.8,5.629032258064516,-3.206451612903226,56.87096774193548,34.8,1.1225806451612903,19,0,16.758064516129032,53.435483870967744,0,22,10.935188261648745,30,0,19.866774193548387,0,0,4,0,,,,,,,,0.0,0.0,0.0,0.0,61.77804788548512,,,,,
丽江,2019,4,26.855,100.2278,30,13.256666666666666,21.17,5.916666666666667,15.253333333333334,10.706666666666667,-2.55,54.3,24.0,0.8,18,0,15.92,51.50666666666667,0,18,11.234058796296296,27,0,22.177000000000003,0,0,1,0,,,,,,,,0.0,0.0,0.0,0.0,69.57580155676382,,,,,
丽江,2019,5,26.855,100.2278,31,17.799999999999997,25.177419354838708,10.235483870967743,14.941935483870967,15.616129032258065,-2.1838709677419357,47.806451612903224,7.7,0.24838709677419354,14,0,15.606451612903227,49.36129032258064,0,17,11.587489426523298,29,0,22.016774193548386,0,0,0,0,,,,,,,,0.0,0.0,0.0,0.0,78.51946273263233,,,,,
丽江,2019,6,26.855,100.2278,30,18.743333333333332,25.173333333333336,13.42,11.753333333333334,19.033333333333335,0.2900000000000001,71.26666666666667,256.2,8.54,25,4,11.520000000000001,39.47666666666667,0,1,10.72622074074074,25,1,21.340666666666667,0,0,0,0,,,,,,,,0.0,0.0,0.0,0.0,81.58959439506458,,,,72.68804538558437,
丽江,2019,7,26.855,100.2278,31,16.85483870967742,21.112903225806452,13.754838709677419,7.358064516129032,18.032258064516128,1.1774193548387097,88.90322580645162,388.2,12.52258064516129,31,4,7.596774193548387,30.63225806451613,0,0,6.440475358422939,12,7,15.122258064516128,0,0,0,0,,,,,,,,0.0,0.0,0.0,0.0,76.18176603696585,,,,70.31268686157763,
丽江,2019,8,26.855,100.2278,31,17.070967741935487,21.970967741935485,12.929032258064517,9.041935483870969,18.016129032258064,0.9451612903225808,83.29032258064517,168.1,5.422580645161291,26,0,7.84516129032258,27.593548387096774,0,0,10.13534077060932,24,1,19.33483870967742,0,0,0,0,,,,,,,,0.0,0.0,0.0,0.0,77.40654236655838,,,,73.29004297331785,
丽江,2019,9,26.855,100.2278,30,14.663333333333332,19.176666666666666,11.353333333333333,7.823333333333333,15.056666666666667,0.3933333333333333,88.1,446.3,14.876666666666667,29,7,8.063333333333334,29.716666666666665,0,0,8.075669907407407,17,3,15.148,0,0,0,0,,,,,,,,0.0,0.0,0.0,0.0,71.39712528514858,,,,,
丽江,2019,10,26.855,100.2278,31,12.506451612903225,18.503225806451614,7.967741935483871,10.535483870967743,11.66451612903226,-0.8419354838709678,80.48387096774194,161.2,5.199999999999999,27,2,9.483870967741936,31.68064516129032,0,0,10.16098306451613,27,0,16.47967741935484,0,0,0,0,,,,,,,,0.0,0.0,0.0,0.0,68.0874987795482,,,,,
丽江,2019,11,26.855,100.2278,30,10.186666666666667,17.3,4.3533333333333335,12.946666666666665,8.059999999999999,-2.1266666666666665,68.96666666666667,22.7,0.7566666666666666,14,0,11.496666666666666,37.79666666666667,0,4,9.75072425925926,28,0,15.190333333333333,0,0,0,0,,,,,,,,0.0,0.0,0.0,0.0,64.91301497451272,,,,,
丽江,2019,12,26.855,100.2278,31,5.161290322580645,13.064516129032258,-1.7096774193548387,14.774193548387096,1.7000000000000002,-3.4612903225806453,58.61290322580645,12.5,0.4032258064516129,4,0,13.54516129032258,41.95161290322581,0,5,9.844126254480287,29,0,14.410967741935485,0,0,30,0,,,,,,,,0.0,0.0,0.0,0.0,56.0069237148645,,,,,66.07549462121762
丽江,2020,1,26.855,100.2278,31,4.612903225806452,11.887096774193548,-1.6483870967741936,13.535483870967743,1.032258064516129,-3.5806451612903225,60.12903225806452,29.4,0.9483870967741935,13,0,14.441935483870967,45.99354838709677,0,13,9.510074731182796,27,1,14.293870967741936,0,0,25,3,,,,,,,,0.0,0.0,0.0,0.0,55.05701067826265,,,,,66.24948787030371
丽江,2020,2,26.855,100.2278,29,6.089655172413793,13.772413793103448,-0.9275862068965517,14.700000000000001,2.7482758620689656,-3.341379310344828,59.86206896551724,44.199999999999996,1.5241379310344827,15,0,13.824137931034482,43.97931034482759,0,9,9.691855747126437,24,1,16.493103448275864,0,0,22,0,,,,,,,,0.0,0.0,0.0,0.0,56.819335307212,,,,,68.78735812289726
丽江,2020,3,26.855,100.2278,31,10.654838709677419,18.66774193548387,3.206451612903226,15.461290322580645,7.34516129032258,-3.3096774193548386,50.29032258064516,20.099999999999998,0.6483870967741935,17,0,17.274193548387096,54.567741935483866,0,20,10.752380197132617,30,0,20.133870967741935,0,0,4,0,,,,,,,,0.0,0.0,0.0,0.0,64.4580298102469,,,,,
丽江,2020,4,26.855,100.2278,30,12.056666666666667,19.34333333333333,5.02,14.323333333333332,9.29,-2.766666666666666,55.53333333333333,77.7,2.5900000000000003,23,0,15.75,50.28,0,16,10.433088981481482,24,2,21.016000000000002,0,0,0,0,,,,,,,,0.0,0.0,0.0,0.0,66.23359722968286,,,,,
丽江,2020,5,26.855,100.2278,31,15.419354838709678,22.216129032258067,9.041935483870969,13.174193548387096,13.919354838709678,-1.4999999999999998,63.064516129032256,127.3,4.106451612903226,23,1,13.496774193548386,44.458064516129035,0,12,10.850280734767026,26,2,21.478064516129034,0,0,0,0,,,,,,,,0.0,0.0,0.0,0.0,72.94186734851365,,,,,
丽江,2020,6,26.855,100.2278,30,18.616666666666667,24.77,13.066666666666666,11.703333333333335,18.676666666666666,0.060000000000000143,70.03333333333333,102.10000000000001,3.4033333333333338,26,0,11.666666666666666,39.92333333333333,0,2,11.720796296296296,27,0,21.656333333333336,0,0,0,0,,,,,,,,0.0,0.0,0.0,0.0,81.49075776968886,,,,74.01900932784848,
丽江,2020,7,26.855,100.2278,31,17.706451612903226,22.5,13.935483870967742,8.564516129032258,18.638709677419353,0.932258064516129,83.03225806451613,375.3,12.106451612903227,30,6,9.403225806451612,35.277419354838706,0,1,8.363524193548388,17,3,17.42225806451613,0,0,0,0,,,,,,,,0.0,0.0,0.0,0.0,79.01530371397016,,,,70.97899672146607,
丽江,2020,8,26.855,100.2278,31,16.799999999999997,21.174193548387095,13.306451612903226,7.867741935483871,17.90967741935484,1.1096774193548387,87.54838709677419,433.59999999999997,13.987096774193548,30,8,7.658064516129032,29.7,0,0,7.552223297491039,19,8,15.774838709677418,0,0,0,0,,,,,,,,0.0,0.0,0.0,0.0,75.35331081613816,,,,71.25621247498692,
丽江,2020,9,26.855,100.2278,30,16.203333333333333,20.83,12.76,8.07,17.033333333333335,0.83,87.2,354.9,11.83,30,4,8.453333333333333,30.889999999999997,0,0,8.914841203703704,22,2,16.027666666666665,0,0,0,0,,,,,,,,0.0,0.0,0.0,0.0,75.25252153260028,,,,,
丽江,2020,10,26.855,100.2278,31,13.638709677419355,18.387096774193548,10.193548387096774,8.193548387096774,13.496774193548386,-0.14193548387096802,86.12903225806451,228.8,7.380645161290323,29,3,8.364516129032259,29.25483870967742,0,0,8.242769354838709,23,6,13.844193548387098,0,0,0,0,,,,,,,,0.0,0.0,0.0,0.0,69.044891403412,,,,,
丽江,2020,11,26.855,100.2278,30,9.16,16.16,3.46,12.7,7.026666666666667,-2.1333333333333333,70.36666666666666,30.200000000000003,1.0066666666666668,10,0,10.783333333333333,35.25,0,4,9.629990462962962,27,0,15.388,0,0,4,0,,,,,,,,0.0,0.0,0.0,0.0,62.94949680827525,,,,,
丽江,2020,12,26.855,100.2278,31,6.235483870967743,14.416129032258064,-1.1483870967741936,15.564516129032258,2.7903225806451615,-3.4451612903225803,55.096774193548384,3.0999999999999996,0.09999999999999999,2,0,13.109677419354838,41.62580645161291,0,6,10.185890501792114,31,0,15.82,0,0,28,0,,,,,,,,0.0,0.0,0.0,0.0,57.60865295182253,,,,,68.19984957379741
丽江,2021,1,26.855,100.2278,31,5.964516129032258,13.448387096774194,-0.5387096774193548,13.98709677419355,2.4064516129032256,-3.5580645161290327,55.83870967741935,27.8,0.8967741935483872,11,0,14.280645161290321,44.83548387096774,0,14,9.374538620071684,27,2,14.70741935483871,0,0,24,0,,,,,,,,0.0,0.0,0.0,0.0,55.34115446515495,,,,,67.16016691612478
丽江,2021,2,26.855,100.2278,28,7.246428571428572,15.5,-0.6535714285714286,16.15357142857143,3.835714285714286,-3.4107142857142856,52.32142857142857,13.0,0.4642857142857143,11,0,13.846428571428572,43.892857142857146,0,5,10.509673115079366,27,0,18.665714285714284,0,0,21,0,,,,,,,,0.0,0.0,0.0,0.0,58.924692678270915,,,,,70.88578147338626
丽江,2021,3,26.855,100.2278,31,10.787096774193548,18.59032258064516,3.509677419354839,15.080645161290322,7.516129032258065,-3.270967741935484,51.16129032258065,17.0,0.5483870967741935,15,0,16.83225806451613,52.82258064516129,0,22,10.92637535842294,31,0,20.128064516129033,0,0,2,0,,,,,,,,0.0,0.0,0.0,0.0,64.69472118861853,,,,,
丽江,2021,4,26.855,100.2278,30,14.193333333333333,22.14333333333333,6.463333333333334,15.68,11.293333333333333,-2.9,46.333333333333336,12.6,0.42,12,0,16.56,52.763333333333335,0,19,11.430996111111112,26,0,23.372666666666664,0,0,0,0,,,,,,,,0.0,0.0,0.0,0.0,69.23258927909863,,,,,
丽江,2021,5,26.855,100.2278,31,16.97741935483871,23.93548387096774,10.154838709677419,13.780645161290321,15.55483870967742,-1.4225806451612903,58.29032258064516,115.5,3.725806451612903,19,2,13.906451612903224,45.17741935483871,0,11,11.669071505376344,28,0,21.93516129032258,0,0,0,0,,,,,,,,0.0,0.0,0.0,0.0,78.11672904501536,,,,,
丽江,2021,6,26.855,100.2278,30,18.08,23.523333333333333,13.586666666666668,9.936666666666667,18.67,0.5899999999999996,77.6,291.3,9.71,30,4,9.889999999999999,34.733333333333334,0,0,9.693569907407408,21,1,19.293,0,0,0,0,,,,,,,,0.0,0.0,0.0,0.0,80.02354216254575,,,,72.18015727138709,
丽江,2021,7,26.855,100.2278,31,17.299999999999997,21.996774193548386,13.461290322580645,8.535483870967743,18.309677419354838,1.0096774193548386,84.48387096774194,356.5,11.5,30,3,8.619354838709677,31.970967741935485,0,0,9.135678405017922,19,2,18.50774193548387,0,0,0,0,,,,,,,,0.0,0.0,0.0,0.0,77.78472078605229,,,,71.86247910822028,
丽江,2021,8,26.855,100.2278,31,17.08709677419355,21.509677419354837,13.535483870967743,7.974193548387097,18.04516129032258,0.9580645161290319,84.90322580645162,520.9,16.80322580645161,28,10,7.980645161290322,30.6,0,0,8.030081630824373,15,5,16.44258064516129,0,0,0,0,,,,,,,,0.0,0.0,0.0,0.0,76.97489732177837,,,,71.52431150500867,
丽江,2021,9,26.855,100.2278,30,15.35,20.266666666666666,11.616666666666667,8.65,15.976666666666667,0.6266666666666665,87.96666666666667,344.0,11.466666666666667,30,3,7.886666666666667,28.66,0,0,9.775626018518519,22,0,16.909666666666666,0,0,0,0,,,,,,,,0.0,0.0,0.0,0.0,73.2424015777297,,,,,
丽江,2021,10,26.855,100.2278,31,13.741935483870968,19.04516129032258,9.441935483870967,9.603225806451613,13.332258064516129,-0.4096774193548386,81.2258064516129,136.8,4.412903225806452,26,1,9.067741935483872,28.93548387096774,0,0,9.316589964157705,25,4,15.732903225806453,0,0,0,0,,,,,,,,0.0,0.0,0.0,0.0,70.43214524185338,,,,,
丽江,2021,11,26.855,100.2278,30,8.36,16.3,1.8766666666666665,14.423333333333334,5.6466666666666665,-2.713333333333333,63.0,23.2,0.7733333333333333,9,0,12.006666666666666,36.836666666666666,0,1,10.06026287037037,27,0,16.379,0,0,5,0,,,,,,,,0.0,0.0,0.0,0.0,62.003899104722024,,,,,
丽江,2021,12,26.855,100.2278,31,5.803225806451613,13.654838709677419,-0.6322580645161291,14.287096774193548,2.729032258064516,-3.074193548387097,64.61290322580645,20.7,0.667741935483871,13,0,12.029032258064515,35.70967741935484,0,2,9.551318100358422,27,0,14.242903225806451,0,0,21,0,,,,,,,,0.0,0.0,0.0,0.0,56.790916810210035,,,,,68.97388356861596
丽江,2022,1,26.855,100.2278,31,4.403225806451613,11.438709677419356,-1.1870967741935483,12.625806451612902,0.9258064516129032,-3.47741935483871,63.70967741935484,28.9,0.932258064516129,14,0,14.05483870967742,42.770967741935486,0,10,9.166553225806451,26,2,13.790645161290323,0,0,23,0,,,,,,,,0.0,0.0,0.0,0.0,54.964195782908185,,,,,67.19945150701187
丽江,2022,2,26.855,100.2278,28,4.082142857142857,11.682142857142859,-2.375,14.057142857142859,0.3678571428571429,-3.7142857142857144,58.785714285714285,55.9,1.9964285714285714,12,0,15.725,46.96785714285714,0,12,9.744440079365079,23,1,17.39107142857143,0,0,25,0,,,,,,,,0.0,0.0,0.0,0.0,52.95344373937278,,,,,64.63623798072521
丽江,2022,3,26.855,100.2278,31,11.974193548387097,20.503225806451614,4.035483870967742,16.467741935483872,8.919354838709678,-3.0548387096774197,48.225806451612904,26.400000000000002,0.8516129032258065,6,0,15.28709677419355,45.40967741935484,0,12,9.784374551971325,25,0,20.24258064516129,0,0,3,0,,,,,,,,0.0,0.0,0.0,0.0,66.2026947014987,,,,,
丽江,2022,4,26.855,100.2278,30,11.826666666666666,18.92,5.703333333333333,13.216666666666667,9.843333333333334,-1.9833333333333334,67.7,95.8,3.1933333333333334,22,0,13.446666666666665,41.093333333333334,0,7,9.35777824074074,23,5,19.591,0,0,1,0,,,,,,,,0.0,0.0,0.0,0.0,66.49377499622413,,,,,
丽江,2022,5,26.855,100.2278,31,14.280645161290321,20.496774193548386,9.245161290322581,11.251612903225807,13.887096774193548,-0.3935483870967743,78.51612903225806,254.8,8.219354838709679,30,2,10.40967741935484,33.358064516129026,0,1,9.950108691756272,25,3,20.490645161290324,0,0,0,0,,,,,,,,0.0,0.0,0.0,0.0,70.78227639823828,,,,,
丽江,2022,6,26.855,100.2278,30,16.663333333333334,21.98,12.59,9.389999999999999,17.09,0.4266666666666667,81.0,321.4,10.713333333333333,30,3,9.84,32.43,0,0,8.865967685185185,22,3,18.861333333333334,0,0,0,0,,,,,,,,0.0,0.0,0.0,0.0,76.61058488025618,,,,74.10820114558281,
丽江,2022,7,26.855,100.2278,31,17.4741935483871,23.27741935483871,12.851612903225806,10.425806451612903,18.425806451612903,0.9516129032258062,81.45161290322581,279.0,9.0,30,3,8.8,30.0,0,0,10.484206362007168,24,1,21.820967741935487,0,0,0,0,,,,,,,,0.0,0.0,0.0,0.0,77.78592687115865,,,,72.86701703848077,
丽江,2022,8,26.855,100.2278,31,17.30322580645161,22.796774193548387,12.896774193548387,9.899999999999999,18.396774193548385,1.0935483870967742,84.19354838709677,267.9,8.641935483870967,31,3,9.01290322580645,30.4,0,0,10.9446311827957,26,1,21.22483870967742,0,0,0,0,,,,,,,,0.0,0.0,0.0,0.0,77.01089341453456,,,,72.77512799535131,
丽江,2022,9,26.855,100.2278,30,15.036666666666667,19.896666666666665,11.729999999999999,8.166666666666666,15.456666666666667,0.42000000000000004,87.26666666666667,454.2,15.139999999999999,29,9,8.786666666666665,28.493333333333332,0,0,8.48223324074074,21,2,16.199333333333335,0,0,0,0,,,,,,,,0.0,0.0,0.0,0.0,72.7292812559634,,,,,
丽江,2022,10,26.855,100.2278,31,12.758064516129032,18.116129032258065,8.806451612903226,9.30967741935484,12.23225806451613,-0.5258064516129032,83.51612903225806,240.4,7.754838709677419,27,3,8.561290322580644,27.05483870967742,0,0,8.774502688172044,23,3,14.743225806451612,0,0,0,0,,,,,,,,0.0,0.0,0.0,0.0,68.27851788960889,,,,,
丽江,2022,11,26.855,100.2278,30,9.036666666666667,17.726666666666667,1.6566666666666667,16.07,6.37,-2.6666666666666665,59.766666666666666,2.3000000000000003,0.07666666666666667,4,0,11.043333333333333,33.93,0,0,10.320568240740743,30,0,17.996,0,0,5,0,,,,,,,,0.0,0.0,0.0,0.0,62.78874529041652,,,,,
丽江,2022,12,26.855,100.2278,31,5.945161290322581,13.922580645161291,-0.7548387096774194,14.67741935483871,2.5903225806451613,-3.3548387096774195,60.193548387096776,21.4,0.6903225806451613,9,0,12.764516129032257,38.03225806451613,0,2,9.461956810035842,26,0,14.130967741935484,0,0,22,0,,,,,,,,0.0,0.0,0.0,0.0,57.17838297577071,,,,,68.95950203449394
丽江,2023,1,26.855,100.2278,31,6.17741935483871,14.48709677419355,-1.103225806451613,15.59032258064516,2.4612903225806453,-3.7161290322580647,51.38709677419355,2.0,0.06451612903225806,4,0,14.829032258064515,44.45483870967742,0,9,10.467237275985664,31,0,16.8141935483871,0,0,26,0,9.891532258064515,14.231182795698926,264.09139784946234,12.510483870967741,6.372580645161291,85.03225806451613,0.125,31.0,0.0,0.0,0.0,56.56316521681928,94.10338224582631,67.82523032552139,5.896617754173689,,74.87296668451945
丽江,2023,2,26.855,100.2278,28,7.878571428571428,15.867857142857144,0.5357142857142857,15.332142857142857,4.360714285714286,-3.517857142857143,51.964285714285715,21.3,0.7607142857142858,14,0,15.210714285714287,45.464285714285715,0,11,10.10747886904762,23,0,17.143214285714286,0,0,12,0,10.363988095238096,14.948958333333334,238.65773809523807,10.34672619047619,3.3816964285714284,94.65476190476191,0.2961309523809524,28.0,0.0,0.0,8.0,59.07494006726093,93.76162105069042,69.48094436228978,6.238378949309578,,78.83179621398263
丽江,2023,3,26.855,100.2278,31,10.161290322580646,18.458064516129035,2.57741935483871,15.880645161290323,6.95483870967742,-3.2064516129032254,52.54838709677419,17.7,0.5709677419354838,20,0,16.05483870967742,48.71612903225807,0,16,10.92632482078853,30,0,20.86935483870968,0,0,2,0,10.046505376344086,14.489381720430108,234.4018817204301,8.915188172043012,2.4684139784946235,99.77016129032258,0.3803763440860215,31.0,0.0,0.0,14.0,64.37178255609665,93.63961194468901,73.15213137267435,6.360388055310998,,
丽江,2023,4,26.855,100.2278,30,14.54,22.423333333333336,6.52,15.903333333333334,11.566666666666666,-2.9733333333333336,45.43333333333333,11.6,0.38666666666666666,16,0,17.596666666666668,52.769999999999996,0,21,12.126161666666667,30,0,24.005333333333333,0,0,0,0,11.03375,15.9375,230.79166666666666,5.800416666666666,2.1348611111111113,117.92916666666666,0.48333333333333334,30.0,0.0,0.0,30.0,70.07703095238195,92.80385549250602,76.89507831441917,7.196144507493989,,
丽江,2023,5,26.855,100.2278,31,16.50967741935484,23.925806451612903,9.238709677419354,14.687096774193549,14.435483870967742,-2.074193548387097,52.45161290322581,47.1,1.5193548387096774,13,0,15.338709677419354,45.987096774193546,0,12,11.486308422939068,28,2,23.411612903225805,3,0,0,0,7.4985215053763445,10.866263440860214,189.81451612903223,6.799462365591398,1.9752688172043011,106.08736559139784,0.4986559139784946,31.0,0.0,0.0,26.0,74.51690192957331,93.78067449472019,80.29603369911737,6.219325505279806,,
丽江,2023,6,26.855,100.2278,30,17.4,23.293333333333333,12.44,10.853333333333333,17.59333333333333,0.19333333333333347,75.16666666666667,262.9,8.763333333333332,26,3,10.073333333333332,32.20666666666667,0,0,10.006047222222223,23,4,21.410666666666668,2,0,0,0,10.24125,14.695,176.43055555555554,8.999027777777776,2.393333333333333,88.85833333333333,0.42361111111111105,30.0,0.0,0.0,9.0,76.64712303390324,94.20389740883866,81.91415534638386,5.796102591161342,73.64801927022293,
丽江,2023,7,26.855,100.2278,31,17.835483870967742,23.70967741935484,13.483870967741936,10.225806451612904,18.75483870967742,0.9193548387096776,80.90322580645162,284.3,9.170967741935485,30,2,10.245161290322581,30.741935483870968,0,0,10.092736917562723,27,0,21.300967741935484,0,0,0,0,6.005510752688172,8.730779569892473,185.46639784946237,4.226344086021506,1.3108870967741937,67.20161290322581,0.7889784946236559,31.0,0.0,0.0,2.0,79.39541033917776,95.99849892975234,84.37633691635014,4.001501070247655,72.02815097471577,
丽江,2023,8,26.855,100.2278,31,16.938709677419357,22.016129032258064,13.59032258064516,8.425806451612903,18.206451612903226,1.2677419354838708,88.93548387096774,444.7,14.345161290322581,31,6,8.390322580645162,26.461290322580645,0,0,8.258591577060931,19,3,17.34225806451613,0,0,0,0,8.0247311827957,11.47486559139785,212.0577956989247,3.549059139784946,1.1786290322580646,78.91666666666666,0.22043010752688172,31.0,0.0,0.0,3.0,76.3343186809206,95.20746947079608,81.99626391788325,4.79253052920392,70.87712851243818,
丽江,2023,9,26.855,100.2278,30,16.006666666666668,21.896666666666665,11.629999999999999,10.266666666666667,16.63,0.6233333333333332,84.9,278.40000000000003,9.280000000000001,28,3,9.526666666666667,29.253333333333334,0,0,10.01544324074074,25,0,19.438,0,0,0,0,6.745694444444444,9.791111111111112,203.3222222222222,4.915555555555556,1.44375,74.64166666666667,0.49444444444444446,30.0,0.0,0.0,0.0,74.8431878889407,95.49607966495275,81.03905542174431,4.503920335047254,,
丽江,2023,10,26.855,100.2278,31,12.95483870967742,19.18064516129032,8.551612903225807,10.629032258064516,12.329032258064515,-0.625806451612903,81.48387096774194,188.8,6.090322580645162,23,2,9.693548387096774,28.706451612903226,0,0,9.2517520609319,26,2,16.45774193548387,0,0,0,0,4.5932795698924735,6.632661290322581,201.3306451612903,5.351478494623656,2.0711021505376346,65.81586021505376,0.16397849462365593,31.0,0.0,0.0,0.0,68.94135931344766,96.14593968959605,77.10273342629218,3.8540603104039577,,
丽江,2023,11,26.855,100.2278,30,9.076666666666666,16.886666666666667,3.2,13.686666666666667,6.73,-2.3466666666666667,69.1,37.199999999999996,1.2399999999999998,8,0,10.92,29.966666666666665,0,1,9.435107037037037,28,2,16.289333333333335,0,0,0,0,4.73625,6.897222222222222,218.05555555555554,8.035,3.53375,69.10694444444445,0.2138888888888889,30.0,0.0,0.0,0.0,62.619932356997005,95.79166127192529,72.57145103147549,4.208338728074708,,
丽江,2023,12,26.855,100.2278,31,6.774193548387097,14.261290322580646,1.441935483870968,12.819354838709677,3.8483870967741933,-2.9258064516129028,69.51612903225806,17.5,0.5645161290322581,12,0,13.325806451612904,35.696774193548386,0,4,9.153513351254482,27,0,13.838709677419354,0,0,10,0,5.682930107526882,8.307661290322581,248.98521505376343,8.00268817204301,4.469623655913979,63.0752688172043,0.026881720430107524,31.0,0.0,0.0,0.0,57.53747535412089,95.93382868255576,69.05638135265136,4.066171317444252,,78.53766447413327
丽江,2024,1,26.855,100.2278,31,4.561290322580645,12.719354838709679,-1.6612903225806452,14.380645161290323,0.8483870967741935,-3.7129032258064516,57.54838709677419,8.2,0.264516129032258,9,0,14.390322580645162,37.68064516129032,0,4,10.227116039426523,30,1,15.734516129032258,0,0,30,0,6.499462365591398,9.781048387096773,246.31182795698922,7.2293010752688165,4.171639784946236,77.06854838709677,1.353494623655914,31.0,0.0,0.0,0.0,55.397390425546256,95.19613993510822,67.33701527841485,4.8038600648917775,,73.4990839001994
丽江,2024,2,26.855,100.2278,29,6.7620689655172415,14.16551724137931,0.617241379310345,13.548275862068964,2.9413793103448276,-3.820689655172414,57.0,33.9,1.1689655172413793,16,0,19.56896551724138,52.237931034482756,0,19,10.29225622605364,28,1,17.230344827586208,0,0,9,0,7.44367816091954,11.485344827586207,242.3649425287356,4.6386494252873565,2.5454022988505747,82.43103448275862,2.271551724137931,29.0,0.0,0.0,0.0,57.26438394089823,94.98132279814212,68.57946559807138,5.018677201857892,,79.71085154017749
丽江,2024,3,26.855,100.2278,31,11.361290322580645,19.574193548387097,4.112903225806452,15.461290322580645,7.867741935483871,-3.4935483870967743,47.61290322580645,14.799999999999999,0.4774193548387096,10,0,19.125806451612902,51.87096774193548,0,17,10.949639068100359,30,0,21.010967741935485,0,0,0,0,6.531451612903226,9.915725806451613,231.10080645161287,3.5895161290322584,1.7272849462365591,89.26747311827957,1.4529569892473118,31.0,0.0,0.0,5.0,64.65195121068423,94.83412736385101,73.70660405663426,5.1658726361489995,,
丽江,2024,4,26.855,100.2278,30,14.379999999999999,22.1,7.05,15.05,11.46,-2.9200000000000004,51.03333333333333,18.0,0.6,19,0,19.98,55.56666666666667,0,22,12.052943981481482,30,0,22.916999999999998,0,0,0,0,8.292222222222222,12.977083333333333,249.92777777777778,3.1043055555555554,1.5379166666666666,101.73194444444445,2.694444444444444,30.0,0.0,0.0,17.0,70.78298547744747,94.02302475184862,77.7549972597678,5.976975248151382,,
丽江,2024,5,26.855,100.2278,31,15.916129032258064,22.88064516129032,9.796774193548387,13.083870967741936,14.851612903225806,-1.064516129032258,64.29032258064517,90.4,2.916129032258065,25,0,13.651612903225805,39.25483870967742,0,6,11.377809498207887,28,1,23.122258064516128,0,0,0,0,9.966666666666665,15.246236559139785,228.99731182795696,3.379032258064516,1.502016129032258,96.0,3.010752688172043,31.0,0.0,0.0,12.0,75.66052734309162,94.11852605266485,81.19792695596358,5.881473947335163,,
丽江,2024,6,26.855,100.2278,30,17.603333333333335,23.279999999999998,13.413333333333332,9.866666666666667,18.57,0.9666666666666665,83.2,454.8,15.16,30,5,10.629999999999999,31.863333333333333,0,0,10.349626018518517,24,2,21.362000000000002,0,0,0,0,6.351111111111111,9.15236111111111,211.3194444444444,2.9418055555555553,1.2026388888888888,74.35,0.9597222222222223,30.0,0.0,0.0,0.0,77.29777284121218,95.65186311058544,82.80399992202415,4.34813688941457,72.00079700632335,
丽江,2024,7,26.855,100.2278,31,17.748387096774195,22.612903225806452,14.470967741935485,8.141935483870968,19.164516129032258,1.4161290322580646,87.87096774193549,679.1,21.906451612903226,30,12,8.816129032258065,28.74516129032258,0,0,7.461484408602151,13,3,17.526451612903227,0,0,0,0,5.360887096774194,7.598521505376344,161.57795698924733,3.6536290322580647,1.1712365591397849,55.64784946236559,0.16801075268817203,31.0,0.0,0.0,0.0,78.43457611475944,96.69531979013831,83.91279921737309,3.304680209861699,68.69838955122582,
丽江,2024,8,26.855,100.2278,31,17.364516129032257,23.26451612903226,12.638709677419355,10.625806451612902,18.32903225806452,0.9645161290322584,82.06451612903226,138.5,4.467741935483871,28,0,8.980645161290322,27.751612903225805,0,0,10.663027956989248,27,1,21.384193548387096,0,0,0,0,9.735752688172044,14.129435483870967,207.66801075268816,5.075537634408602,1.4849462365591397,86.80510752688173,1.3387096774193548,31.0,0.0,0.0,9.0,77.80262322103165,94.54242852223702,82.82456481139326,5.457571477762981,73.1641233409275,
丽江,2024,9,26.855,100.2278,30,16.19,21.996666666666666,11.68,10.316666666666666,16.816666666666666,0.6266666666666666,84.56666666666666,170.0,5.666666666666667,29,1,9.04,27.94333333333333,0,0,10.180377222222223,27,0,19.279999999999998,0,0,0,0,7.070555555555556,10.14611111111111,205.0847222222222,5.195694444444444,1.135,71.11805555555556,0.0,30.0,0.0,0.0,0.0,75.41986465422885,95.62268710741758,81.48071139018546,4.3773128925824185,,
丽江,2024,10,26.855,100.2278,31,12.887096774193548,18.44193548387097,8.970967741935485,9.470967741935485,12.448387096774193,-0.4387096774193548,86.12903225806451,273.5,8.82258064516129,26,2,8.932258064516128,26.97741935483871,0,0,8.640980286738351,25,2,14.872903225806452,0,0,0,0,6.990860215053764,10.061693548387098,221.61827956989245,5.323924731182795,1.9391129032258063,64.79704301075269,0.10887096774193548,31.0,0.0,0.0,0.0,68.2326438061644,95.90459343399756,76.53422869451434,4.095406566002436,,
丽江,2024,11,26.855,100.2278,30,8.5,16.09,2.99,13.1,6.416666666666667,-2.0833333333333335,76.43333333333334,144.9,4.83,13,2,10.696666666666665,29.866666666666667,0,0,8.644579166666666,24,3,14.436,0,0,3,0,8.504305555555556,9.938194444444443,292.56111111111113,8.147777777777778,3.4370833333333333,81.725,0.6,30.0,0.0,0.0,2.0,59.93853283166539,94.69492312030998,70.36544991825876,5.305076879690023,,
丽江,2024,12,26.855,100.2278,31,6.783870967741936,15.82258064516129,-0.02258064516129032,15.845161290322581,3.270967741935484,-3.5129032258064514,56.83870967741935,0.0,0.0,0,0,14.625806451612902,39.28709677419355,0,2,10.113537544802867,30,0,15.766774193548386,0,0,18,0,8.972043010752689,9.297177419354838,270.6639784946237,10.192204301075268,5.493817204301076,85.10618279569891,0.4126344086021505,31.0,0.0,0.0,0.0,58.96212027912922,94.37535216947853,69.586089846234,5.624647830521474,,78.17607075000772
丽江,2025,1,26.855,100.2278,31,6.032258064516129,14.290322580645162,0.0645161290322581,14.225806451612904,2.6774193548387095,-3.3548387096774195,64.09677419354838,17.400000000000002,0.5612903225806453,11,0,14.729032258064517,39.329032258064515,0,7,8.970434498207887,25,3,13.926451612903227,0,0,15,0,12.810215053763441,13.342069892473118,337.3494623655914,8.855376344086022,5.517876344086022,89.15860215053763,0.9865591397849462,31.0,0.0,0.0,0.0,56.09142574004435,93.75647523175104,67.39094058755636,6.24352476824897,,76.46605425044557
丽江,2025,2,26.855,100.2278,28,6.753571428571428,15.025,0.19285714285714287,14.832142857142857,3.0964285714285715,-3.6571428571428575,57.392857142857146,27.9,0.9964285714285713,15,0,18.15,48.417857142857144,0,12,10.610882936507936,27,0,17.872142857142858,0,0,11,0,14.391815476190475,17.304315476190474,271.9657738095238,7.263988095238096,3.4944940476190474,95.97470238095238,6.7872023809523805,28.0,0.0,8.0,6.0,56.93334703437798,93.38655843041079,67.86931045318782,6.61344156958921,,78.8124566819146
丽江,2025,3,26.855,100.2278,31,9.01290322580645,17.141935483870967,2.52258064516129,14.619354838709677,6.067741935483871,-2.9451612903225803,64.93548387096774,81.6,2.6322580645161286,20,0,17.016129032258064,46.225806451612904,0,10,10.012240143369176,27,1,18.67322580645161,0,0,2,0,16.966801075268815,21.431720430107525,308.20833333333337,6.128763440860215,2.622983870967742,111.62768817204302,10.747311827956988,28.0,0.0,14.0,24.0,60.79480211483173,92.34997647880789,70.26135442402457,7.650023521192112,,
丽江,2025,4,26.855,100.2278,30,13.816666666666666,21.703333333333333,6.983333333333333,14.719999999999999,11.536666666666667,-2.28,57.43333333333333,33.0,1.1,19,0,16.16,43.93333333333333,0,6,11.625182592592592,30,0,22.415000000000003,0,0,0,0,15.04277777777778,20.900972222222222,278.525,6.827222222222222,2.1209722222222225,111.35,13.977777777777778,30.0,0.0,16.0,25.0,71.62591578489676,92.55279258351014,77.90397882448079,7.44720741648986,,
丽江,2025,5,26.855,100.2278,31,15.293548387096775,21.80322580645161,9.938709677419356,11.864516129032259,14.587096774193547,-0.7064516129032258,71.96774193548387,194.6,6.27741935483871,27,1,11.783870967741937,33.690322580645166,0,1,9.743305734767025,24,5,20.294516129032257,0,0,0,0,9.204704301075267,14.27029569892473,259.06048387096774,6.435349462365592,1.7513440860215053,104.73252688172042,12.169354838709678,31.0,0.0,13.0,21.0,73.54260597287782,93.57391033527286,79.55199728159633,6.426089664727141,,
丽江,2025,6,26.855,100.2278,30,17.253333333333334,23.44333333333333,12.74,10.703333333333331,17.916666666666668,0.6633333333333333,79.9,303.6,10.120000000000001,29,2,11.15,33.26,0,0,11.162150925925925,28,0,22.201,0,0,0,0,8.491944444444444,11.203750000000001,226.22777777777776,6.178333333333333,1.5731944444444443,88.32083333333334,6.544444444444443,30.0,0.0,8.0,9.0,77.09997121600229,94.54117911393868,82.3323335853832,5.45882088606132,74.07396788689454,
丽江,2025,7,26.855,100.2278,31,17.677419354838708,23.516129032258064,13.05483870967742,10.461290322580645,18.66774193548387,0.9903225806451611,81.25806451612904,259.2,8.361290322580645,28,3,9.12258064516129,28.177419354838708,0,0,10.299254659498208,24,4,21.46741935483871,0,0,0,0,9.860483870967743,10.600268817204302,244.3494623655914,7.75497311827957,1.653225806451613,86.96370967741936,1.8225806451612903,31.0,0.0,1.0,7.0,77.74034819171635,94.3923342801391,82.73594401824317,5.607665719860898,72.3761610146319,
丽江,2025,8,26.855,100.2278,31,16.73548387096774,21.94193548387097,13.316129032258065,8.625806451612902,17.812903225806455,1.0774193548387099,87.51612903225806,410.5,13.241935483870968,31,3,8.974193548387097,28.06451612903226,0,0,8.560980734767025,20,4,17.47290322580645,0,0,0,0,9.493548387096775,9.983602150537635,265.1733870967742,7.136155913978494,1.6178763440860215,77.4247311827957,1.1088709677419355,31.0,0.0,1.0,3.0,75.81203312811218,94.915393879558,81.54304135354593,5.084606120442011,71.91384919350948,
丽江,2025,9,26.855,100.2278,30,16.01,21.83,12.19,9.639999999999999,16.73,0.7199999999999999,85.7,362.7,12.09,28,3,8.986666666666668,28.64,0,0,8.79252324074074,20,1,17.503,0,0,0,0,7.824027777777777,7.985416666666667,261.8097222222222,8.039166666666667,1.6719444444444445,72.05138888888888,0.3055555555555555,30.0,0.0,0.0,0.0,75.39847474951208,95.3233647100373,81.37594173766963,4.676635289962707,,
丽江,2025,10,26.855,100.2278,31,13.97741935483871,20.793548387096774,9.396774193548387,11.396774193548387,13.470967741935485,-0.5064516129032257,80.51612903225806,108.9,3.512903225806452,24,0,11.061290322580644,32.038709677419355,0,0,9.223660752688172,26,0,16.416451612903227,0,0,0,0,8.84462365591398,8.936290322580644,268.6075268817204,7.8852150537634405,2.747983870967742,73.09543010752688,0.09408602150537634,31.0,0.0,0.0,0.0,71.62210829220388,95.14484807111313,78.67893022587664,4.855151928886878,,
丽江,2025,11,26.855,100.2278,30,9.139999999999999,16.493333333333332,3.9466666666666668,12.546666666666665,7.296666666666667,-1.8433333333333337,77.1,68.10000000000001,2.2700000000000005,15,0,10.97,30.723333333333336,0,0,8.52301351851852,23,3,13.964,0,0,3,0,10.252916666666666,10.437916666666666,314.20694444444445,8.700833333333332,6.182083333333334,80.39305555555555,0.26666666666666666,30.0,0.0,0.0,1.0,61.60233915056441,94.48964232457938,71.46853010276891,5.510357675420619,,
丽江,2025,12,26.855,100.2278,31,6.048387096774194,15.519354838709678,-0.9838709677419355,16.503225806451614,2.903225806451613,-3.1451612903225805,63.32258064516129,2.0,0.06451612903225806,3,0,12.525806451612903,34.23548387096774,0,0,9.962393100358424,30,0,15.576129032258065,0,0,26,0,11.249193548387096,11.498924731182797,312.39112903225805,11.65967741935484,6.753629032258065,81.43817204301075,0.31720430107526876,31.0,0.0,0.0,0.0,56.80340236099397,94.17116123978697,68.01373002463187,5.82883876021303,,74.59047655494817
乌鲁木齐,2016,1,43.8256,87.6168,31,-9.148387096774194,-5.025806451612904,-12.996774193548386,7.970967741935484,-13.661290322580646,-4.512903225806451,61.45161290322581,7.699999999999999,0.24838709677419352,4,0,11.741935483870968,17.799999999999997,0,0,8.186582616487454,23,1,8.677096774193549,0,0,31,31,,,,,,,,0.0,0.0,0.0,0.0,53.81888957334601,,,,,45.29227132395535
乌鲁木齐,2016,2,43.8256,87.6168,29,-6.834482758620689,-2.6,-11.020689655172415,8.420689655172414,-11.248275862068965,-4.413793103448276,59.724137931034484,8.200000000000001,0.2827586206896552,6,0,11.89655172413793,18.220689655172414,0,0,9.770354406130268,27,0,13.172068965517242,0,0,27,26,,,,,,,,0.0,0.0,0.0,0.0,53.85337596351028,,,,,50.038690773661806
乌鲁木齐,2016,3,43.8256,87.6168,31,4.287096774193548,10.741935483870968,-1.396774193548387,12.138709677419355,0.5806451612903226,-3.706451612903226,58.45161290322581,19.4,0.6258064516129032,7,0,14.580645161290322,28.932258064516127,0,2,10.413847849462366,29,1,17.029677419354837,0,0,20,6,,,,,,,,0.0,0.0,0.0,0.0,56.899219720331956,,,,,
乌鲁木齐,2016,4,43.8256,87.6168,30,12.666666666666666,18.733333333333334,6.6466666666666665,12.086666666666668,9.433333333333334,-3.2333333333333334,49.56666666666667,50.3,1.6766666666666665,14,0,16.93,33.61333333333333,0,2,11.043079259259258,24,1,20.566666666666666,0,0,0,0,,,,,,,,0.0,0.0,0.0,0.0,66.68455217128025,,,,,
乌鲁木齐,2016,5,43.8256,87.6168,31,14.812903225806451,20.358064516129033,8.838709677419354,11.519354838709678,11.851612903225806,-2.9612903225806453,49.45161290322581,60.5,1.9516129032258065,13,0,17.81935483870968,34.57419354838709,3,3,11.261116487455197,27,3,22.42290322580645,0,0,0,0,,,,,,,,0.0,0.0,0.0,0.0,69.70343545146957,,,,,
乌鲁木齐,2016,6,43.8256,87.6168,30,23.096666666666668,28.48,16.52,11.96,21.6,-1.4966666666666668,43.6,72.9,2.43,12,0,15.55,30.566666666666666,0,0,12.70180787037037,28,1,24.759,14,1,0,0,,,,,,,,0.0,0.0,0.0,0.0,81.06484946139159,,,,65.99930732510842,
乌鲁木齐,2016,7,43.8256,87.6168,31,23.706451612903226,28.87741935483871,18.125806451612902,10.751612903225807,23.26451612903226,-0.4419354838709678,50.935483870967744,49.0,1.5806451612903225,14,1,14.416129032258066,26.95483870967742,0,0,12.053989964157706,28,0,22.268064516129034,12,1,0,0,,,,,,,,0.0,0.0,0.0,0.0,84.9871961952208,,,,64.56056971914289,
乌鲁木齐,2016,8,43.8256,87.6168,31,22.403225806451612,27.34193548387097,17.23548387096774,10.106451612903227,21.31935483870968,-1.0838709677419354,48.25806451612903,31.8,1.0258064516129033,13,0,13.635483870967741,26.687096774193545,0,0,10.708854838709676,25,1,18.87258064516129,7,0,0,0,,,,,,,,0.0,0.0,0.0,0.0,86.15728161943419,,,,68.03041552681717,
乌鲁木齐,2016,9,43.8256,87.6168,30,20.203333333333333,26.48,13.870000000000001,12.610000000000001,17.59,-2.613333333333333,37.06666666666667,4.9,0.16333333333333336,4,0,14.626666666666667,28.126666666666665,0,0,11.48290574074074,29,0,18.098666666666666,4,0,0,0,,,,,,,,0.0,0.0,0.0,0.0,80.65036471906987,,,,,
乌鲁木齐,2016,10,43.8256,87.6168,31,5.264516129032257,10.3,0.8806451612903226,9.419354838709678,1.9483870967741934,-3.3161290322580643,66.54838709677419,80.5,2.596774193548387,12,1,13.14516129032258,26.48709677419355,0,0,8.8707938172043,25,1,11.60193548387097,0,0,14,3,,,,,,,,0.0,0.0,0.0,0.0,58.364041675138004,,,,,
乌鲁木齐,2016,11,43.8256,87.6168,30,-2.64,3.3299999999999996,-7.133333333333334,10.463333333333333,-6.943333333333333,-4.303333333333333,61.6,34.2,1.1400000000000001,12,0,13.013333333333332,24.403333333333332,0,0,8.17091648148148,24,2,8.655666666666667,0,0,28,22,,,,,,,,0.0,0.0,0.0,0.0,53.36178131601367,,,,,
乌鲁木齐,2016,12,43.8256,87.6168,31,-4.27741935483871,1.3419354838709678,-8.658064516129032,10.0,-8.654838709677419,-4.377419354838709,61.483870967741936,12.8,0.4129032258064516,8,0,12.577419354838709,21.700000000000003,0,0,6.896904659498208,17,3,6.599677419354839,0,0,31,21,,,,,,,,0.0,0.0,0.0,0.0,53.91216621856401,,,,,50.60621051964028
乌鲁木齐,2017,1,43.8256,87.6168,31,-12.416129032258064,-8.72258064516129,-16.848387096774193,8.125806451612904,-17.183870967741935,-4.767741935483872,72.83870967741936,5.1,0.16451612903225804,5,0,16.183870967741935,25.519354838709678,2,2,8.186949372759857,26,1,8.713225806451613,0,0,31,31,,,,,,,,0.0,0.0,0.0,0.0,51.10048206369919,,,,,40.40678612853993
乌鲁木齐,2017,2,43.8256,87.6168,28,-9.321428571428571,-5.617857142857143,-12.9,7.2821428571428575,-13.960714285714285,-4.639285714285714,78.78571428571429,23.0,0.8214285714285714,7,0,17.257142857142856,24.446428571428573,0,0,8.736219246031746,22,2,12.543928571428571,0,0,28,28,,,,,,,,0.0,0.0,0.0,0.0,49.048229603022705,,,,,41.49070949450095
乌鲁木齐,2017,3,43.8256,87.6168,31,-1.6483870967741934,2.02258064516129,-6.164516129032258,8.187096774193549,-5.54516129032258,-3.8967741935483873,71.35483870967742,11.3,0.3645161290322581,7,0,14.399999999999999,22.496774193548386,1,1,10.271008602150538,28,1,17.96225806451613,0,0,28,22,,,,,,,,0.0,0.0,0.0,0.0,51.60881740157291,,,,,
乌鲁木齐,2017,4,43.8256,87.6168,30,10.46,15.686666666666667,5.0,10.686666666666666,7.08,-3.3800000000000003,56.13333333333333,42.0,1.4,17,0,19.916666666666668,37.31666666666667,2,3,9.625706388888888,23,5,18.229666666666667,0,0,4,0,,,,,,,,0.0,0.0,0.0,0.0,63.24998955725441,,,,,
乌鲁木齐,2017,5,43.8256,87.6168,31,18.683870967741935,24.506451612903227,12.593548387096773,11.912903225806453,15.261290322580646,-3.42258064516129,38.54838709677419,26.799999999999997,0.8645161290322579,13,0,24.161290322580644,45.13870967741936,7,9,12.433450448028674,28,1,24.794193548387096,6,0,0,0,,,,,,,,0.0,0.0,0.0,0.0,73.70479263530157,,,,,
乌鲁木齐,2017,6,43.8256,87.6168,30,22.973333333333336,28.21333333333333,17.263333333333332,10.95,21.459999999999997,-1.5133333333333332,43.733333333333334,39.8,1.3266666666666667,15,0,19.19333333333333,36.42999999999999,2,3,11.842043333333333,28,1,23.28033333333333,13,0,0,0,,,,,,,,0.0,0.0,0.0,0.0,80.34702289369346,,,,65.83703250057587,
乌鲁木齐,2017,7,43.8256,87.6168,31,26.48709677419355,31.700000000000003,20.6,11.100000000000001,25.11935483870968,-1.3677419354838711,37.064516129032256,15.2,0.49032258064516127,7,0,17.9741935483871,34.3,1,1,12.048086379928314,29,1,23.791935483870965,20,7,0,0,,,,,,,,0.0,0.0,0.0,0.0,77.82979877469344,,,,58.87857900950669,
乌鲁木齐,2017,8,43.8256,87.6168,31,22.251612903225805,27.219354838709677,17.070967741935487,10.148387096774192,20.45483870967742,-1.7967741935483872,42.225806451612904,15.9,0.5129032258064516,10,0,17.383870967741935,33.5258064516129,1,2,10.867274372759857,27,1,20.091290322580647,5,1,0,0,,,,,,,,0.0,0.0,0.0,0.0,83.48078153430133,,,,69.6519592234725,
乌鲁木齐,2017,9,43.8256,87.6168,30,17.266666666666666,23.13,12.083333333333334,11.046666666666669,14.183333333333334,-3.0833333333333335,39.2,9.3,0.31,6,0,18.279999999999998,34.26,3,3,10.18500962962963,26,1,16.435,2,0,0,0,,,,,,,,0.0,0.0,0.0,0.0,75.13567966336466,,,,,
乌鲁木齐,2017,10,43.8256,87.6168,31,7.945161290322581,13.225806451612904,3.4838709677419355,9.741935483870968,3.8806451612903223,-4.064516129032258,50.25806451612903,22.4,0.7225806451612903,7,0,20.703225806451613,38.099999999999994,5,5,8.807750985663082,27,3,11.863548387096774,0,0,5,0,,,,,,,,0.0,0.0,0.0,0.0,59.436595862331416,,,,,
乌鲁木齐,2017,11,43.8256,87.6168,30,1.1433333333333333,5.27,-2.1333333333333333,7.403333333333333,-2.703333333333333,-3.8466666666666667,62.333333333333336,25.8,0.86,7,0,13.996666666666666,27.166666666666668,1,1,8.0803975,23,1,8.394666666666668,0,0,21,10,,,,,,,,0.0,0.0,0.0,0.0,55.40013937153926,,,,,
乌鲁木齐,2017,12,43.8256,87.6168,31,-6.732258064516128,-3.138709677419355,-10.412903225806453,7.274193548387097,-11.096774193548388,-4.364516129032258,68.41935483870968,6.3,0.2032258064516129,4,0,14.448387096774193,27.44193548387097,2,1,6.830979301075269,15,2,6.380967741935484,0,0,31,31,,,,,,,,0.0,0.0,0.0,0.0,52.89190303215565,,,,,45.03492124853043
乌鲁木齐,2018,1,43.8256,87.6168,31,-15.912903225806453,-12.548387096774194,-20.44516129032258,7.896774193548387,-20.503225806451614,-4.590322580645161,72.12903225806451,5.4,0.17419354838709677,9,0,10.748387096774193,18.91290322580645,0,0,8.013359946236559,24,1,8.399032258064516,0,0,31,31,,,,,,,,0.0,0.0,0.0,0.0,51.87868902675946,,,,,38.37527662691306
乌鲁木齐,2018,2,43.8256,87.6168,28,-8.14642857142857,-3.9714285714285715,-13.025,9.053571428571429,-12.657142857142857,-4.510714285714285,70.14285714285714,2.5,0.08928571428571429,3,0,14.475,25.517857142857142,0,0,8.8809251984127,23,1,12.084285714285715,0,0,28,27,,,,,,,,0.0,0.0,0.0,0.0,51.84747960761457,,,,,45.25023525306567
乌鲁木齐,2018,3,43.8256,87.6168,31,6.241935483870968,11.874193548387098,0.9548387096774194,10.919354838709678,2.1451612903225805,-4.096774193548387,58.935483870967744,22.6,0.7290322580645162,9,0,22.993548387096773,40.86774193548387,6,6,8.663578853046594,21,2,14.34451612903226,0,0,15,4,,,,,,,,0.0,0.0,0.0,0.0,57.53442547259893,,,,,
乌鲁木齐,2018,4,43.8256,87.6168,30,11.139999999999999,16.836666666666666,5.54,11.296666666666665,6.663333333333333,-4.4766666666666675,42.9,27.8,0.9266666666666666,9,0,27.53666666666667,48.516666666666666,11,10,9.809973611111111,24,3,19.021333333333335,0,0,6,0,,,,,,,,0.0,0.0,0.0,0.0,61.50591212469794,,,,,
乌鲁木齐,2018,5,43.8256,87.6168,31,15.906451612903227,22.33225806451613,9.612903225806452,12.719354838709679,12.116129032258065,-3.7903225806451615,39.45161290322581,36.9,1.1903225806451612,13,0,24.851612903225806,45.435483870967744,8,10,10.256282974910395,25,3,21.741935483870968,2,0,0,0,,,,,,,,0.0,0.0,0.0,0.0,69.33024742488047,,,,,
乌鲁木齐,2018,6,43.8256,87.6168,30,23.19333333333333,28.703333333333333,17.546666666666667,11.156666666666666,21.373333333333335,-1.82,40.166666666666664,25.0,0.8333333333333334,12,0,18.6,34.76,1,1,9.957099814814816,23,2,21.750999999999998,16,0,0,0,,,,,,,,0.0,0.0,0.0,0.0,82.56706758583992,,,,64.02090763965907,
乌鲁木齐,2018,7,43.8256,87.6168,31,25.33225806451613,30.212903225806453,19.996774193548386,10.216129032258063,23.461290322580645,-1.8709677419354838,35.516129032258064,5.6000000000000005,0.1806451612903226,6,0,18.364516129032257,35.53225806451613,0,1,11.649362096774194,30,0,22.44709677419355,19,2,0,0,,,,,,,,0.0,0.0,0.0,0.0,80.93812945298905,,,,61.09674038994031,
乌鲁木齐,2018,8,43.8256,87.6168,31,23.806451612903224,28.94193548387097,18.635483870967743,10.306451612903226,22.72258064516129,-1.0838709677419356,46.935483870967744,46.1,1.4870967741935484,13,0,18.361290322580647,34.70967741935484,2,2,10.682689157706093,27,1,19.62,16,1,0,0,,,,,,,,0.0,0.0,0.0,0.0,82.06887286636487,,,,62.71926088625115,
乌鲁木齐,2018,9,43.8256,87.6168,30,15.173333333333334,20.436666666666667,9.770000000000001,10.666666666666666,12.270000000000001,-2.9033333333333333,46.96666666666667,28.5,0.95,12,0,17.986666666666668,33.07333333333334,0,1,10.330569074074074,26,1,16.873666666666665,0,0,0,0,,,,,,,,0.0,0.0,0.0,0.0,73.75343701099334,,,,,
乌鲁木齐,2018,10,43.8256,87.6168,31,8.796774193548387,13.680645161290323,4.280645161290322,9.399999999999999,4.941935483870967,-3.8548387096774195,50.83870967741935,30.299999999999997,0.9774193548387096,5,0,18.370967741935484,33.487096774193546,2,2,8.775928853046596,27,3,12.094193548387098,0,0,4,1,,,,,,,,0.0,0.0,0.0,0.0,61.95560640609571,,,,,
乌鲁木齐,2018,11,43.8256,87.6168,30,-3.44,1.346666666666667,-8.553333333333335,9.9,-8.226666666666667,-4.786666666666666,58.36666666666667,22.3,0.7433333333333334,8,0,22.516666666666666,38.906666666666666,6,6,7.786342777777778,21,2,8.339666666666666,0,0,28,20,,,,,,,,0.0,0.0,0.0,0.0,53.15488339666919,,,,,
乌鲁木齐,2018,12,43.8256,87.6168,31,-13.54516129032258,-10.141935483870967,-17.35483870967742,7.212903225806452,-18.248387096774195,-4.703225806451614,67.90322580645162,12.7,0.4096774193548387,7,0,13.906451612903227,22.36774193548387,1,1,6.685478315412186,20,4,6.8829032258064515,0,0,31,31,,,,,,,,0.0,0.0,0.0,0.0,52.38359536339405,,,,,39.70122519897534
乌鲁木齐,2019,1,43.8256,87.6168,31,-12.17741935483871,-8.593548387096773,-16.335483870967742,7.741935483870968,-17.13225806451613,-4.95483870967742,74.51612903225806,2.2,0.07096774193548387,4,0,18.461290322580645,28.93548387096774,5,4,7.764817921146953,20,2,7.90483870967742,0,0,31,31,,,,,,,,0.0,0.0,0.0,0.0,50.352766355668955,,,,,39.54162051089233
乌鲁木齐,2019,2,43.8256,87.6168,28,-11.332142857142857,-8.203571428571427,-14.707142857142857,6.503571428571428,-15.935714285714285,-4.603571428571429,77.71428571428571,9.6,0.34285714285714286,10,0,14.767857142857142,22.650000000000002,1,0,8.30043244047619,21,1,11.467857142857143,0,0,28,28,,,,,,,,0.0,0.0,0.0,0.0,49.88905309142742,,,,,40.314915552273625
乌鲁木齐,2019,3,43.8256,87.6168,31,1.4483870967741934,6.164516129032258,-2.987096774193548,9.151612903225805,-2.364516129032258,-3.8129032258064517,63.774193548387096,0.6,0.01935483870967742,3,0,14.364516129032259,27.65806451612903,0,0,10.116148207885304,28,1,16.4158064516129,0,0,25,9,,,,,,,,0.0,0.0,0.0,0.0,52.99388578905778,,,,,
乌鲁木齐,2019,4,43.8256,87.6168,30,13.01,18.353333333333335,7.3100000000000005,11.043333333333333,9.366666666666667,-3.643333333333333,46.1,29.900000000000002,0.9966666666666667,10,0,22.636666666666667,41.93333333333333,6,6,9.582920648148148,24,4,18.647333333333332,0,0,0,0,,,,,,,,0.0,0.0,0.0,0.0,67.28720233736972,,,,,
乌鲁木齐,2019,5,43.8256,87.6168,31,15.077419354838709,20.47741935483871,9.580645161290322,10.896774193548387,11.696774193548388,-3.3806451612903223,44.87096774193548,51.3,1.6548387096774193,14,0,22.429032258064513,41.17741935483871,4,6,9.713141308243728,22,5,20.306129032258063,1,0,0,0,,,,,,,,0.0,0.0,0.0,0.0,69.26641914547402,,,,,
乌鲁木齐,2019,6,43.8256,87.6168,30,22.42,27.646666666666665,16.683333333333334,10.963333333333333,20.583333333333332,-1.8366666666666664,42.266666666666666,28.9,0.9633333333333333,11,0,18.10666666666667,34.32,0,0,11.335961388888888,28,0,22.771666666666665,7,0,0,0,,,,,,,,0.0,0.0,0.0,0.0,83.60273608183259,,,,68.82086163878138,
乌鲁木齐,2019,7,43.8256,87.6168,31,26.129032258064516,31.432258064516127,20.03548387096774,11.396774193548387,24.225806451612904,-1.903225806451613,34.83870967741935,23.200000000000003,0.7483870967741937,10,0,19.65806451612903,36.21612903225807,2,2,11.656843637992832,29,1,22.77741935483871,23,4,0,0,,,,,,,,0.0,0.0,0.0,0.0,78.66090636312443,,,,58.429384835022795,
乌鲁木齐,2019,8,43.8256,87.6168,31,24.91290322580645,30.6,18.896774193548385,11.703225806451613,23.193548387096776,-1.7193548387096775,39.29032258064516,22.3,0.7193548387096774,7,0,18.970967741935485,35.406451612903226,3,3,10.681156989247311,27,1,20.033548387096772,17,7,0,0,,,,,,,,0.0,0.0,0.0,0.0,81.01077996494836,,,,61.41184516842234,
乌鲁木齐,2019,9,43.8256,87.6168,30,18.946666666666665,24.540000000000003,13.639999999999999,10.9,16.396666666666665,-2.55,47.43333333333333,35.0,1.1666666666666667,10,0,21.043333333333333,38.16333333333333,3,3,9.975077222222222,27,1,16.419,3,0,0,0,,,,,,,,0.0,0.0,0.0,0.0,80.02742397467793,,,,,
乌鲁木齐,2019,10,43.8256,87.6168,31,9.77741935483871,15.067741935483872,5.432258064516129,9.635483870967741,6.003225806451613,-3.774193548387097,44.61290322580645,3.9000000000000004,0.12580645161290324,6,0,17.0258064516129,31.729032258064517,2,2,9.337025089605735,27,0,12.412258064516129,0,0,4,0,,,,,,,,0.0,0.0,0.0,0.0,64.06324615934498,,,,,
乌鲁木齐,2019,11,43.8256,87.6168,30,-2.22,1.2933333333333334,-5.930000000000001,7.223333333333333,-6.3966666666666665,-4.176666666666667,59.93333333333333,21.7,0.7233333333333333,7,0,14.41,26.14,2,2,7.434809351851852,21,3,8.099,0,0,23,15,,,,,,,,0.0,0.0,0.0,0.0,54.36353186817663,,,,,
乌鲁木齐,2019,12,43.8256,87.6168,31,-8.312903225806451,-4.290322580645161,-12.693548387096774,8.403225806451612,-12.754838709677419,-4.441935483870967,70.2258064516129,11.0,0.3548387096774194,5,0,13.625806451612902,23.258064516129032,1,1,6.894448207885305,17,1,6.585483870967742,0,0,31,31,,,,,,,,0.0,0.0,0.0,0.0,52.4656926719901,,,,,43.50920444240429
乌鲁木齐,2020,1,43.8256,87.6168,31,-10.503225806451614,-7.190322580645161,-14.187096774193549,6.996774193548387,-15.464516129032257,-4.961290322580645,74.09677419354838,6.800000000000001,0.21935483870967745,5,0,21.190322580645162,31.34193548387097,5,4,7.65957311827957,22,1,7.808064516129033,0,0,31,31,,,,,,,,0.0,0.0,0.0,0.0,50.13006988835666,,,,,40.49670541543521
乌鲁木齐,2020,2,43.8256,87.6168,29,-5.26551724137931,-1.1896551724137931,-9.555172413793104,8.36551724137931,-9.9,-4.63448275862069,70.86206896551724,7.2,0.2482758620689655,5,0,17.317241379310346,29.13448275862069,3,3,8.96534703065134,26,0,11.737931034482758,0,0,29,22,,,,,,,,0.0,0.0,0.0,0.0,51.15201676409052,,,,,48.400605256222654
乌鲁木齐,2020,3,43.8256,87.6168,31,2.8225806451612905,8.403225806451612,-2.2,10.603225806451613,-1.5,-4.32258064516129,46.87096774193548,9.7,0.3129032258064516,9,0,17.69677419354839,34.696774193548386,1,2,9.961760573476703,27,2,16.15774193548387,0,0,24,6,,,,,,,,0.0,0.0,0.0,0.0,52.73048785812645,,,,,
乌鲁木齐,2020,4,43.8256,87.6168,30,16.29,22.133333333333333,10.493333333333334,11.639999999999999,11.396666666666667,-4.8933333333333335,28.633333333333333,6.9,0.23,4,0,26.653333333333332,47.03,8,8,10.918620555555554,27,1,20.613666666666667,3,0,0,0,,,,,,,,0.0,0.0,0.0,0.0,66.17868301534477,,,,,
乌鲁木齐,2020,5,43.8256,87.6168,31,20.36774193548387,25.861290322580647,14.325806451612904,11.535483870967743,16.62258064516129,-3.745161290322581,30.161290322580644,16.400000000000002,0.5290322580645161,10,0,24.403225806451612,44.57096774193548,6,7,11.353975627240143,27,1,22.86258064516129,4,0,0,0,,,,,,,,0.0,0.0,0.0,0.0,75.466213310335,,,,,
乌鲁木齐,2020,6,43.8256,87.6168,30,22.290000000000003,27.58,16.169999999999998,11.41,19.263333333333332,-3.0266666666666664,32.733333333333334,22.1,0.7366666666666667,6,0,21.35666666666667,41.24333333333333,3,4,11.39164074074074,27,1,23.342,11,0,0,0,,,,,,,,0.0,0.0,0.0,0.0,77.8825511269131,,,,68.60108345840459,
乌鲁木齐,2020,7,43.8256,87.6168,31,24.25483870967742,29.519354838709678,18.490322580645163,11.029032258064515,22.65806451612903,-1.596774193548387,40.483870967741936,21.299999999999997,0.6870967741935483,9,0,18.4,35.519354838709674,1,3,11.219035304659497,27,0,22.200322580645164,16,1,0,0,,,,,,,,0.0,0.0,0.0,0.0,83.17416164047569,,,,63.05642284810156,
乌鲁木齐,2020,8,43.8256,87.6168,31,23.335483870967742,28.893548387096775,17.480645161290322,11.412903225806453,21.396774193548385,-1.9387096774193546,40.516129032258064,26.9,0.8677419354838709,8,0,18.951612903225808,36.11612903225806,1,2,10.799984767025089,27,0,20.19451612903226,15,1,0,0,,,,,,,,0.0,0.0,0.0,0.0,81.89591470553971,,,,64.62025035445298,
乌鲁木齐,2020,9,43.8256,87.6168,30,16.003333333333334,21.283333333333335,10.843333333333334,10.44,13.033333333333333,-2.97,44.766666666666666,8.299999999999999,0.2766666666666666,11,0,19.006666666666668,35.70333333333333,3,4,9.77951787037037,24,1,16.097666666666665,2,0,0,0,,,,,,,,0.0,0.0,0.0,0.0,75.22042974789807,,,,,
乌鲁木齐,2020,10,43.8256,87.6168,31,7.683870967741936,12.719354838709679,3.1,9.619354838709677,3.770967741935484,-3.9129032258064513,50.193548387096776,13.6,0.43870967741935485,7,0,18.461290322580645,35.041935483870965,4,4,9.30308700716846,27,1,12.728709677419356,0,0,2,0,,,,,,,,0.0,0.0,0.0,0.0,59.29551324037332,,,,,
乌鲁木齐,2020,11,43.8256,87.6168,30,-1.6133333333333333,1.8933333333333335,-4.680000000000001,6.573333333333334,-5.5600000000000005,-3.9466666666666668,63.666666666666664,12.0,0.4,11,0,12.956666666666667,25.733333333333334,0,0,6.941698981481482,18,4,7.477333333333333,0,0,27,14,,,,,,,,0.0,0.0,0.0,0.0,53.31722414530855,,,,,
乌鲁木齐,2020,12,43.8256,87.6168,31,-13.387096774193548,-10.345161290322581,-16.83225806451613,6.487096774193549,-17.97741935483871,-4.590322580645162,75.61290322580645,3.0,0.0967741935483871,4,0,11.425806451612903,18.664516129032258,0,0,7.6901719534050175,25,0,7.1012903225806445,0,0,31,31,,,,,,,,0.0,0.0,0.0,0.0,51.36877499882809,,,,,39.30729488596835
乌鲁木齐,2021,1,43.8256,87.6168,31,-12.696774193548388,-8.887096774193548,-16.748387096774195,7.861290322580646,-17.83225806451613,-5.135483870967742,70.19354838709677,9.3,0.30000000000000004,6,0,20.606451612903225,29.096774193548388,5,3,7.809716845878136,22,2,8.170322580645161,0,0,31,31,,,,,,,,0.0,0.0,0.0,0.0,51.0533807505963,,,,,39.851429746504486
乌鲁木齐,2021,2,43.8256,87.6168,28,-6.307142857142857,-2.5785714285714287,-9.99642857142857,7.417857142857143,-10.667857142857143,-4.360714285714286,78.57142857142857,16.3,0.5821428571428572,10,0,17.057142857142857,28.267857142857142,2,2,7.884128174603175,19,2,10.582857142857142,0,0,28,23,,,,,,,,0.0,0.0,0.0,0.0,48.9898053532322,,,,,44.685620150845
乌鲁木齐,2021,3,43.8256,87.6168,31,0.5096774193548387,5.300000000000001,-4.067741935483871,9.36774193548387,-3.509677419354839,-4.019354838709678,69.48387096774194,32.9,1.0612903225806452,11,0,18.993548387096773,37.04838709677419,3,6,8.484407168458782,22,4,14.677096774193549,0,0,26,12,,,,,,,,0.0,0.0,0.0,0.0,51.850192414686,,,,,
乌鲁木齐,2021,4,43.8256,87.6168,30,10.683333333333334,16.84,4.326666666666667,12.513333333333332,6.556666666666667,-4.126666666666667,37.6,8.0,0.26666666666666666,6,0,18.216666666666665,35.25333333333333,1,1,10.647734444444444,27,2,20.472666666666665,1,0,6,0,,,,,,,,0.0,0.0,0.0,0.0,61.1397940144152,,,,,
乌鲁木齐,2021,5,43.8256,87.6168,31,19.15806451612903,25.270967741935483,12.603225806451613,12.667741935483871,15.674193548387096,-3.483870967741936,33.16129032258065,23.5,0.7580645161290323,8,0,22.9,41.60967741935484,5,5,11.133359139784947,27,0,22.642903225806453,6,0,0,0,,,,,,,,0.0,0.0,0.0,0.0,74.32638307986112,,,,,
乌鲁木齐,2021,6,43.8256,87.6168,30,22.096666666666668,27.63,16.11,11.520000000000001,19.27,-2.826666666666667,34.6,16.8,0.56,11,0,21.946666666666665,40.919999999999995,3,6,11.548226018518518,28,1,23.39766666666667,9,1,0,0,,,,,,,,0.0,0.0,0.0,0.0,78.91298153159487,,,,69.44629100729524,
乌鲁木齐,2021,7,43.8256,87.6168,31,27.358064516129033,32.71290322580645,21.74516129032258,10.96774193548387,25.493548387096773,-1.864516129032258,32.806451612903224,16.6,0.535483870967742,1,0,20.16774193548387,38.25806451612903,2,4,11.096697222222224,27,1,22.008387096774193,26,10,0,0,,,,,,,,0.0,0.0,0.0,0.0,75.47500389177937,,,,55.307624492782736,
乌鲁木齐,2021,8,43.8256,87.6168,31,22.712903225806453,27.84193548387097,17.229032258064517,10.612903225806452,20.983870967741936,-1.7290322580645159,42.935483870967744,23.6,0.7612903225806452,7,0,17.76774193548387,32.91290322580645,0,0,10.676974283154122,27,1,19.98548387096774,9,0,0,0,,,,,,,,0.0,0.0,0.0,0.0,83.43775681776819,,,,67.31889736163411,
乌鲁木齐,2021,9,43.8256,87.6168,30,18.85,24.32,13.303333333333333,11.016666666666667,15.879999999999999,-2.97,37.56666666666667,16.200000000000003,0.5400000000000001,5,0,18.133333333333333,33.48,1,1,10.778337314814815,28,0,17.421666666666667,7,0,0,0,,,,,,,,0.0,0.0,0.0,0.0,77.26637344534038,,,,,
乌鲁木齐,2021,10,43.8256,87.6168,31,6.967741935483871,12.358064516129033,2.4516129032258065,9.906451612903227,3.009677419354839,-3.958064516129032,54.16129032258065,42.5,1.3709677419354838,9,0,19.016129032258064,34.65483870967742,4,5,8.14523987455197,24,4,11.34741935483871,0,0,5,0,,,,,,,,0.0,0.0,0.0,0.0,57.73330870546184,,,,,
乌鲁木齐,2021,11,43.8256,87.6168,30,-2.17,2.5233333333333334,-5.966666666666667,8.49,-7.016666666666667,-4.846666666666667,52.56666666666667,21.1,0.7033333333333334,9,0,20.013333333333332,35.18,4,5,7.334265277777778,21,3,8.177,0,0,28,17,,,,,,,,0.0,0.0,0.0,0.0,52.89149045796,,,,,
乌鲁木齐,2021,12,43.8256,87.6168,31,-8.106451612903227,-4.47741935483871,-12.12258064516129,7.645161290322581,-12.612903225806452,-4.506451612903225,71.80645161290323,5.3,0.17096774193548386,4,0,15.154838709677419,25.548387096774192,3,3,6.9323789426523295,18,3,6.726129032258064,0,0,31,31,,,,,,,,0.0,0.0,0.0,0.0,51.68752062132686,,,,,43.17046230805668
乌鲁木齐,2022,1,43.8256,87.6168,31,-10.05483870967742,-6.316129032258065,-13.696774193548386,7.380645161290322,-14.570967741935483,-4.516129032258065,76.48387096774194,1.2,0.03870967741935484,4,0,14.516129032258064,22.958064516129035,1,0,7.596721505376344,15,0,7.85741935483871,0,0,31,31,,,,,,,,0.0,0.0,0.0,0.0,50.7036828808516,,,,,41.152206212623256
乌鲁木齐,2022,2,43.8256,87.6168,28,-10.421428571428573,-7.521428571428571,-14.021428571428572,6.5,-15.028571428571428,-4.607142857142857,75.0,5.800000000000001,0.20714285714285716,4,0,14.185714285714285,21.557142857142857,0,0,8.61288501984127,22,0,11.873571428571427,0,0,28,28,,,,,,,,0.0,0.0,0.0,0.0,50.67542976431361,,,,,41.93227036783128
乌鲁木齐,2022,3,43.8256,87.6168,31,2.761290322580645,7.241935483870968,-1.4806451612903226,8.72258064516129,-1.1870967741935483,-3.948387096774194,66.25806451612904,34.4,1.1096774193548387,16,0,20.325806451612905,37.019354838709674,4,6,7.553401164874551,19,7,13.31258064516129,0,0,24,2,,,,,,,,0.0,0.0,0.0,0.0,52.21085637114236,,,,,
乌鲁木齐,2022,4,43.8256,87.6168,30,13.793333333333333,20.026666666666664,7.503333333333333,12.523333333333333,9.01,-4.783333333333333,29.733333333333334,11.3,0.3766666666666667,3,0,24.87,43.72666666666667,8,7,11.304587037037036,30,0,21.46466666666667,0,0,0,0,,,,,,,,0.0,0.0,0.0,0.0,63.18934579580673,,,,,
乌鲁木齐,2022,5,43.8256,87.6168,31,21.961290322580645,27.38064516129032,16.55483870967742,10.825806451612904,18.383870967741935,-3.57741935483871,32.45161290322581,7.2,0.23225806451612904,6,0,25.687096774193545,45.08387096774193,6,7,10.821385842293907,26,1,22.24741935483871,7,1,0,0,,,,,,,,0.0,0.0,0.0,0.0,78.25534224846875,,,,,
乌鲁木齐,2022,6,43.8256,87.6168,30,24.85666666666667,30.790000000000003,18.44,12.35,22.486666666666668,-2.37,34.53333333333333,24.6,0.8200000000000001,15,0,21.573333333333334,39.11666666666667,1,2,11.298284074074074,27,0,23.437,17,5,0,0,,,,,,,,0.0,0.0,0.0,0.0,77.64877631265307,,,,62.00842536947175,
乌鲁木齐,2022,7,43.8256,87.6168,31,25.448387096774194,31.061290322580643,19.241935483870968,11.819354838709677,23.4,-2.0483870967741935,34.806451612903224,10.6,0.3419354838709677,10,0,21.34193548387097,38.62580645161291,3,4,11.174358781362006,29,1,22.103548387096776,20,3,0,0,,,,,,,,0.0,0.0,0.0,0.0,79.86892749883141,,,,60.20212857146732,
乌鲁木齐,2022,8,43.8256,87.6168,31,22.780645161290323,27.825806451612905,17.79032258064516,10.035483870967743,20.980645161290322,-1.8,40.45161290322581,19.2,0.6193548387096774,6,0,18.34193548387097,33.748387096774195,1,1,10.035029211469533,26,3,19.452903225806452,11,1,0,0,,,,,,,,0.0,0.0,0.0,0.0,81.22016297261261,,,,66.46970444237898,
乌鲁木齐,2022,9,43.8256,87.6168,30,19.766666666666666,25.85,14.056666666666667,11.793333333333333,16.35,-3.4166666666666665,34.233333333333334,10.8,0.36000000000000004,7,0,19.916666666666668,36.39333333333333,3,4,10.011292222222222,26,2,16.813333333333333,8,2,0,0,,,,,,,,0.0,0.0,0.0,0.0,75.48969291522941,,,,,
乌鲁木齐,2022,10,43.8256,87.6168,31,8.461290322580645,13.606451612903227,4.035483870967742,9.570967741935483,4.535483870967742,-3.925806451612903,50.41935483870968,25.8,0.832258064516129,9,0,18.200000000000003,32.693548387096776,3,4,8.038608602150537,22,3,11.50741935483871,0,0,4,0,,,,,,,,0.0,0.0,0.0,0.0,59.767653025753035,,,,,
乌鲁木齐,2022,11,43.8256,87.6168,30,-0.8933333333333333,3.3133333333333335,-4.4766666666666675,7.79,-4.886666666666667,-3.993333333333333,67.86666666666666,40.7,1.3566666666666667,12,0,17.363333333333333,30.59,2,2,7.105654907407407,17,3,7.751666666666667,0,0,22,6,,,,,,,,0.0,0.0,0.0,0.0,52.88591946554208,,,,,
乌鲁木齐,2022,12,43.8256,87.6168,31,-12.729032258064517,-9.596774193548388,-16.23548387096774,6.638709677419355,-17.383870967741935,-4.65483870967742,71.41935483870968,11.4,0.36774193548387096,10,0,13.52258064516129,19.861290322580647,0,0,6.454489068100359,17,5,6.785161290322581,0,0,31,31,,,,,,,,0.0,0.0,0.0,0.0,51.90845091182511,,,,,39.6584444276721
乌鲁木齐,2023,1,43.8256,87.6168,31,-12.996774193548386,-9.32258064516129,-17.116129032258065,7.793548387096774,-17.948387096774194,-4.951612903225806,66.74193548387096,19.0,0.6129032258064516,7,0,18.796774193548387,25.687096774193545,3,2,7.238910215053763,19,3,8.01741935483871,0,0,31,31,143.22150537634408,205.4950268817204,1239.8185483870968,112.5864247311828,42.755510752688174,14.478494623655914,2.264784946236559,1.0,29.0,1.0,0.0,51.61977662678937,75.62319781276183,58.82080298258111,24.376802187238162,,48.707525298595726
乌鲁木齐,2023,2,43.8256,87.6168,28,-8.085714285714285,-4.567857142857142,-11.6,7.0321428571428575,-12.575000000000001,-4.489285714285715,80.14285714285714,3.8,0.1357142857142857,8,0,16.185714285714287,23.72142857142857,0,0,7.425894543650793,15,3,10.934285714285716,0,0,28,28,77.83452380952382,114.90357142857144,793.2366071428571,86.6328869047619,24.260267857142853,24.846726190476186,10.306547619047619,1.0,12.0,4.0,0.0,49.145735710929976,84.62799405481859,59.79041321409655,15.372005945181419,,52.21454177486023
乌鲁木齐,2023,3,43.8256,87.6168,31,4.087096774193548,9.774193548387096,-1.4225806451612903,11.196774193548388,-0.05483870967741927,-4.141935483870968,57.61290322580645,21.9,0.7064516129032258,11,0,19.848387096774193,36.15483870967742,4,4,9.69197482078853,26,2,15.675161290322581,0,0,17,7,51.85739247311828,87.89946236559139,514.0873655913979,48.73924731182796,16.942741935483873,37.08467741935484,47.32392473118279,7.0,6.0,30.0,0.0,54.6139707136873,89.12466382630895,64.9671786474738,10.87533617369105,,
乌鲁木齐,2023,4,43.8256,87.6168,30,9.456666666666667,15.513333333333332,3.7966666666666664,11.716666666666667,4.956666666666666,-4.5,38.36666666666667,24.9,0.83,15,0,25.073333333333334,43.730000000000004,7,7,9.950717314814815,23,2,19.519333333333336,0,0,6,3,29.227916666666665,61.03805555555555,294.1458333333333,31.133888888888887,8.645416666666668,60.875,60.702777777777776,22.0,0.0,30.0,0.0,59.202522274509946,91.70797456186621,68.95415796071683,8.292025438133795,,
乌鲁木齐,2023,5,43.8256,87.6168,31,15.896774193548387,21.183870967741935,10.416129032258064,10.76774193548387,12.187096774193549,-3.7096774193548385,36.54838709677419,17.3,0.5580645161290323,12,0,21.91290322580645,38.880645161290325,3,3,9.764350985663084,24,2,20.51225806451613,1,0,0,0,24.02701612903226,53.465725806451616,200.880376344086,16.815188172043012,7.415591397849462,78.52688172043011,56.0510752688172,31.0,0.0,31.0,1.0,71.63929639701959,92.28511797671304,77.83304287092763,7.7148820232869655,,
乌鲁木齐,2023,6,43.8256,87.6168,30,24.696666666666665,30.63,18.006666666666668,12.623333333333333,22.006666666666668,-2.69,30.6,8.0,0.26666666666666666,9,0,21.58,39.263333333333335,2,3,11.441980833333334,27,1,23.711333333333336,16,5,0,0,26.541944444444443,73.33625,199.99861111111107,19.37527777777778,8.307083333333333,90.50138888888888,109.325,28.0,1.0,30.0,6.0,77.43055758111953,90.96882266994001,81.49203710776568,9.03117733005999,63.180472881977984,
乌鲁木齐,2023,7,43.8256,87.6168,31,26.41290322580645,32.15483870967742,20.183870967741935,11.970967741935485,24.603225806451615,-1.809677419354839,34.87096774193548,23.2,0.7483870967741936,12,0,18.970967741935485,34.516129032258064,1,1,10.893502329749104,26,1,22.128387096774194,22,9,0,0,51.44247311827957,264.4556451612903,226.43682795698922,18.270564516129035,6.280510752688172,88.63978494623656,589.1424731182796,10.0,8.0,31.0,1.0,77.72810476363522,85.46577377596104,80.04940546733296,14.53422622403897,57.86617996364696,
乌鲁木齐,2023,8,43.8256,87.6168,31,24.43548387096774,30.187096774193552,18.570967741935487,11.616129032258065,22.683870967741935,-1.751612903225806,40.96774193548387,10.7,0.34516129032258064,9,0,20.14516129032258,36.04516129032258,3,4,10.49752876344086,26,2,20.15064516129032,17,4,0,0,60.52782258064516,306.4301075268817,247.99193548387095,21.416935483870965,6.613844086021506,82.19489247311827,684.6787634408603,8.0,8.0,31.0,1.0,80.94466833260829,84.01938270574519,81.86708264454936,15.980617294254817,61.83551728327459,
乌鲁木齐,2023,9,43.8256,87.6168,30,16.763333333333332,21.973333333333336,12.096666666666666,9.876666666666667,14.57,-2.1933333333333334,53.333333333333336,42.300000000000004,1.4100000000000001,11,0,18.06,32.46666666666667,0,1,8.984662222222223,23,4,15.480666666666668,1,0,0,0,42.87527777777778,182.08402777777778,291.18333333333334,27.424166666666665,8.599027777777776,53.37222222222222,365.5944444444445,16.0,6.0,29.0,0.0,77.43069828752476,88.88632359140767,80.86738587868963,11.11367640859233,,
乌鲁木齐,2023,10,43.8256,87.6168,31,12.370967741935484,18.07741935483871,7.377419354838709,10.7,8.929032258064517,-3.4419354838709673,50.483870967741936,7.6,0.24516129032258063,5,0,19.85483870967742,35.10645161290322,5,4,9.409084408602151,26,0,12.77,0,0,0,0,83.61962365591398,338.625,407.9301075268817,34.85067204301075,11.196639784946237,32.23924731182795,643.755376344086,8.0,16.0,31.0,0.0,69.0496238389948,82.98492802217004,73.23021509394736,17.015071977829972,,
乌鲁木齐,2023,11,43.8256,87.6168,30,1.57,5.323333333333333,-1.49,6.8133333333333335,-2.2466666666666666,-3.816666666666667,67.1,22.3,0.7433333333333334,7,0,15.54,27.546666666666667,0,0,6.969585648148149,16,3,7.309,0,0,24,1,37.82541666666667,84.61583333333333,588.4444444444445,41.93555555555555,18.70513888888889,17.301388888888887,90.14027777777778,14.0,1.0,28.0,0.0,52.35268709116976,91.66208818961458,64.1455074207032,8.33791181038543,,
乌鲁木齐,2023,12,43.8256,87.6168,31,-8.570967741935483,-4.990322580645162,-12.438709677419354,7.4483870967741925,-13.03225806451613,-4.461290322580646,72.61290322580645,19.5,0.6290322580645161,9,0,16.03548387096774,26.206451612903226,3,2,6.1221278673835124,15,5,5.883870967741935,0,0,31,24,37.601344086021506,55.550134408602155,683.0349462365592,48.82661290322581,19.703225806451613,20.495967741935484,3.060483870967742,14.0,0.0,4.0,0.0,51.01620893846088,91.59088317087232,63.1886112081843,8.409116829127687,,55.619500427106395
乌鲁木齐,2024,1,43.8256,87.6168,31,-11.206451612903225,-7.309677419354839,-15.503225806451614,8.193548387096774,-16.09032258064516,-4.883870967741935,76.06451612903226,10.5,0.3387096774193548,9,0,19.19677419354839,28.238709677419354,1,1,7.429497311827957,17,2,7.336774193548387,0,0,31,31,39.388575268817206,58.3,711.9502688172042,55.26209677419355,16.864247311827956,24.986559139784948,2.2903225806451615,15.0,1.0,0.0,0.0,49.910666468626644,90.86032162610852,62.1955630158712,9.13967837389148,,52.40110635554469
乌鲁木齐,2024,2,43.8256,87.6168,29,-11.324137931034482,-7.727586206896552,-15.789655172413791,8.062068965517241,-16.355172413793102,-5.031034482758621,77.0,7.0,0.2413793103448276,12,0,20.07241379310345,31.28620689655172,4,4,8.190638601532568,19,1,11.170689655172414,0,0,29,29,34.4301724137931,54.403879310344834,628.8850574712644,48.239511494252866,15.756752873563219,34.122126436781606,10.554597701149424,16.0,1.0,11.0,0.0,49.399615841105195,91.38123468772477,61.994101495091066,8.618765312275233,,52.55961783255305
乌鲁木齐,2024,3,43.8256,87.6168,31,1.1161290322580646,5.851612903225806,-3.512903225806452,9.364516129032259,-2.6870967741935483,-3.803225806451613,67.45161290322581,31.3,1.0096774193548388,7,0,16.85483870967742,29.69677419354839,1,1,9.034665770609319,24,4,14.811612903225807,0,0,20,11,67.23427419354839,221.3802419354839,452.89247311827955,40.287499999999994,12.345564516129032,38.75537634408602,364.06317204301075,12.0,7.0,25.0,0.0,54.12508569635803,85.88238784057425,63.652276339622894,14.11761215942574,,
乌鲁木齐,2024,4,43.8256,87.6168,30,11.56,17.743333333333332,5.39,12.353333333333333,7.953333333333333,-3.606666666666667,44.166666666666664,35.3,1.1766666666666665,9,0,18.436666666666667,33.86333333333333,3,3,10.16010425925926,25,1,19.576666666666664,0,0,2,0,90.75930555555556,412.9579166666666,258.21527777777777,23.459166666666665,6.935555555555555,68.14722222222223,852.7930555555556,7.0,16.0,30.0,0.0,64.33734824574455,80.02443134440257,69.04347317534196,19.97556865559742,,
乌鲁木齐,2024,5,43.8256,87.6168,31,20.45483870967742,26.32903225806452,14.077419354838709,12.251612903225807,17.6,-2.8548387096774195,40.193548387096776,30.8,0.9935483870967742,10,0,23.741935483870968,42.63225806451613,6,8,10.3190208781362,25,2,21.721612903225807,7,1,0,0,70.06411290322582,331.78172043010755,216.1088709677419,17.85228494623656,5.404301075268817,79.04301075268818,707.7002688172042,11.0,9.0,31.0,0.0,78.77758021732748,83.12135753220186,80.08071341178979,16.878642467798148,,
乌鲁木齐,2024,6,43.8256,87.6168,30,25.06,30.733333333333334,18.96333333333333,11.770000000000001,23.053333333333335,-2.006666666666667,33.96666666666667,9.0,0.3,6,0,19.30666666666667,34.35,1,2,12.279591574074074,29,0,24.215333333333334,16,6,0,0,53.794444444444444,297.6040277777778,199.05277777777778,15.281666666666666,5.374027777777778,91.64166666666667,668.9138888888889,5.0,5.0,30.0,4.0,78.71242636790353,84.72722980470692,80.51686739894454,15.272770195293077,62.825417349698114,
乌鲁木齐,2024,7,43.8256,87.6168,31,25.83225806451613,31.10967741935484,20.05483870967742,11.05483870967742,25.241935483870968,-0.5903225806451606,44.87096774193548,34.4,1.1096774193548387,11,0,17.63225806451613,31.33225806451613,1,1,11.385729659498208,30,0,22.518709677419356,18,6,0,0,51.88991935483871,247.4904569892473,219.4569892473118,19.124193548387098,6.211559139784947,88.16801075268818,534.5040322580645,7.0,5.0,31.0,2.0,82.06522739057829,85.71936235003524,83.16146787841537,14.280637649964767,59.284756742871394,
乌鲁木齐,2024,8,43.8256,87.6168,31,25.325806451612905,30.906451612903226,19.951612903225808,10.954838709677418,24.041935483870965,-1.2838709677419353,42.903225806451616,24.3,0.7838709677419355,15,0,20.4741935483871,36.538709677419355,4,5,9.969322311827957,25,3,19.25,18,6,0,0,49.47540322580645,247.4494623655914,248.7836021505376,22.11760752688172,6.4844086021505385,80.8521505376344,550.0551075268817,9.0,4.0,31.0,1.0,80.82787661353862,86.10046066162838,82.40965182796555,13.89953933837163,59.4281544400479,
乌鲁木齐,2024,9,43.8256,87.6168,30,15.626666666666667,20.82,10.696666666666665,10.123333333333333,12.729999999999999,-2.8966666666666665,49.333333333333336,41.9,1.3966666666666667,9,0,20.456666666666667,37.43666666666666,4,4,9.624320277777777,24,1,16.403333333333332,0,0,0,0,48.00541666666666,198.58083333333335,298.3236111111111,27.521805555555556,7.626527777777778,52.45,393.7125,15.0,5.0,30.0,0.0,74.92085228257936,88.1819895302048,78.89919345686698,11.8180104697952,,
乌鲁木齐,2024,10,43.8256,87.6168,31,10.364516129032259,15.332258064516129,6.109677419354839,9.22258064516129,6.980645161290322,-3.3838709677419354,57.87096774193548,34.4,1.1096774193548387,11,0,19.603225806451615,34.23225806451613,2,2,7.973013620071685,21,4,11.089032258064515,0,0,0,0,73.5486559139785,286.22943548387093,394.03225806451616,34.619758064516134,9.766397849462365,32.524193548387096,536.005376344086,13.0,14.0,30.0,0.0,64.07116583071823,84.84362800067491,70.30290448170523,15.156371999325088,,
乌鲁木齐,2024,11,43.8256,87.6168,30,-0.8866666666666667,3.0466666666666664,-4.0,7.046666666666667,-4.546666666666667,-3.6599999999999997,72.73333333333333,18.6,0.62,6,0,13.713333333333335,26.9,0,0,7.025626666666667,20,4,7.722666666666667,0,0,21,13,49.72166666666667,96.92041666666665,914.2222222222223,46.5,20.732222222222223,20.841666666666665,105.725,7.0,2.0,14.0,0.0,52.64282811624825,89.57681604636814,63.72302449528422,10.423183953631852,,
乌鲁木齐,2024,12,43.8256,87.6168,31,-11.332258064516129,-8.158064516129032,-14.86774193548387,6.709677419354839,-15.558064516129033,-4.225806451612903,77.74193548387096,22.2,0.7161290322580645,11,0,11.480645161290322,23.674193548387095,0,0,5.61237329749104,11,8,6.090645161290323,0,0,31,31,63.28212365591398,66.18077956989247,1260.600806451613,60.46357526881721,33.505645161290325,22.806451612903224,2.485215053763441,2.0,9.0,0.0,0.0,50.046552717622696,87.48024189319688,61.276659470294945,12.519758106803117,,51.06953375605895
乌鲁木齐,2025,1,43.8256,87.6168,31,-11.751612903225807,-7.97741935483871,-15.33548387096774,7.358064516129032,-15.958064516129031,-4.206451612903226,77.90322580645162,11.4,0.36774193548387096,4,0,10.761290322580646,23.27741935483871,0,0,6.990015053763441,17,4,7.4880645161290325,0,0,31,31,55.90349462365591,60.387903225806454,1420.5631720430108,61.53938172043011,27.87016129032258,27.001344086021504,4.987903225806452,3.0,3.0,5.0,0.0,50.24637140009625,87.94799304554164,61.55685789372986,12.052006954458374,,51.668556855542555
乌鲁木齐,2025,2,43.8256,87.6168,28,-11.457142857142857,-8.239285714285714,-14.717857142857143,6.478571428571429,-15.567857142857141,-4.110714285714286,81.82142857142857,0.5,0.017857142857142856,1,0,9.010714285714286,20.082142857142856,0,0,7.45632876984127,15,1,10.923928571428572,0,0,28,28,47.355357142857144,58.6202380952381,1067.2559523809525,52.514880952380956,19.38377976190476,39.113095238095234,18.135416666666664,8.0,0.0,11.0,0.0,49.93731345660696,89.12006738098269,61.692139633919666,10.879932619017326,,51.917976926565295
乌鲁木齐,2025,3,43.8256,87.6168,31,0.42903225806451617,5.158064516129032,-4.27741935483871,9.435483870967742,-3.4935483870967743,-3.9225806451612906,65.6774193548387,19.5,0.6290322580645161,11,0,15.558064516129033,34.435483870967744,3,6,8.998227240143368,23,2,15.87483870967742,0,0,26,14,64.55913978494624,297.30887096774194,606.4569892473119,42.28279569892473,16.825537634408605,46.20564516129032,423.9986559139785,7.0,11.0,30.0,0.0,52.336717905146024,84.40622915540897,61.957571280224904,15.593770844591036,,
乌鲁木齐,2025,4,43.8256,87.6168,30,14.629999999999999,20.673333333333336,8.43,12.243333333333334,10.856666666666666,-3.7733333333333334,37.86666666666667,35.8,1.1933333333333331,7,0,18.66,43.39333333333333,3,9,10.346228981481483,27,2,19.696666666666665,2,0,1,0,99.81208333333333,676.5961111111111,290.72083333333336,22.813055555555554,10.079722222222221,76.09583333333333,1101.6958333333334,1.0,21.0,30.0,0.0,68.43416710843363,74.98682402308555,70.39996418282921,25.013175976914457,,
乌鲁木齐,2025,5,43.8256,87.6168,31,20.15806451612903,26.061290322580643,13.8,12.261290322580646,17.625806451612902,-2.532258064516129,40.903225806451616,47.400000000000006,1.5290322580645164,10,0,18.10967741935484,42.561290322580646,2,6,11.21620716845878,27,1,22.52741935483871,9,1,0,0,96.4268817204301,678.1469086021505,256.2795698924731,17.7497311827957,8.8127688172043,86.58198924731182,1152.4139784946237,0.0,20.0,31.0,4.0,77.57556356076701,75.00170395781491,76.80340567988138,24.998296042185075,,
乌鲁木齐,2025,6,43.8256,87.6168,30,26.186666666666667,31.833333333333332,19.996666666666666,11.836666666666668,24.566666666666666,-1.6199999999999997,34.63333333333333,11.1,0.37,7,0,15.436666666666667,38.669999999999995,0,2,11.349384444444444,26,0,22.99566666666667,23,5,0,0,78.42736111111111,543.1451388888888,259.63055555555553,16.89638888888889,11.122916666666667,96.06527777777778,934.786111111111,1.0,14.0,30.0,12.0,79.08450462102138,78.35595616609083,78.86594008454222,21.644043833909162,58.19334240334784,
乌鲁木齐,2025,7,43.8256,87.6168,31,27.393548387096775,32.86129032258064,21.458064516129035,11.403225806451612,26.129032258064516,-1.2645161290322582,34.83870967741935,16.1,0.5193548387096775,10,0,14.874193548387098,37.40967741935484,0,1,10.86932105734767,27,1,22.159032258064514,23,10,0,0,71.15698924731183,487.06586021505376,270.53629032258067,19.04072580645161,11.76733870967742,96.05510752688173,853.880376344086,0.0,13.0,31.0,11.0,77.02788612505348,79.77521832057379,77.85208578370957,20.22478167942622,56.057221913449425,
乌鲁木齐,2025,8,43.8256,87.6168,31,24.08709677419355,29.63225806451613,18.25483870967742,11.37741935483871,22.851612903225806,-1.2354838709677423,41.70967741935484,21.1,0.6806451612903226,14,0,14.609677419354838,36.37419354838709,0,1,10.738832616487455,26,0,20.286129032258064,16,0,0,0,84.76666666666667,607.6236559139785,314.3682795698925,23.641129032258064,11.784005376344087,84.31451612903226,1045.6720430107528,0.0,19.0,31.0,3.0,84.75812579271046,76.91055037174229,82.40385316642,23.089449628257718,63.15868277820004,
乌鲁木齐,2025,9,43.8256,87.6168,30,17.153333333333332,22.486666666666668,11.870000000000001,10.616666666666667,14.746666666666666,-2.4066666666666667,48.03333333333333,26.0,0.8666666666666667,12,0,15.09,35.336666666666666,1,2,9.365577222222221,24,3,15.968666666666667,2,0,0,0,45.35069444444444,244.60930555555558,374.52638888888885,30.9175,12.454444444444444,60.05,388.0444444444445,9.0,3.0,30.0,0.0,77.46586328656956,87.1830828238094,80.3810291477415,12.816917176190604,,
乌鲁木齐,2025,10,43.8256,87.6168,31,7.125806451612903,12.245161290322581,2.6161290322580646,9.629032258064516,4.087096774193548,-3.0387096774193547,59.61290322580645,26.8,0.864516129032258,5,0,11.103225806451613,28.07741935483871,0,1,8.927077867383511,27,2,12.337741935483871,0,0,4,0,44.77002688172043,166.2459677419355,655.8225806451613,41.251478494623655,19.81989247311828,29.776881720430104,229.04973118279568,6.0,0.0,29.0,0.0,60.75321629662034,89.06521606681072,69.24681622767744,10.934783933189273,,
乌鲁木齐,2025,11,43.8256,87.6168,30,-0.22000000000000003,3.5733333333333333,-3.32,6.893333333333333,-3.99,-3.77,67.6,39.2,1.3066666666666669,6,0,14.176666666666668,31.040000000000003,0,3,7.482897500000001,24,4,8.24,0,0,25,10,45.89625,88.51166666666667,888.6416666666667,51.57,25.06277777777778,21.772222222222222,77.62222222222222,6.0,0.0,21.0,0.0,52.38791741417395,89.75372714179045,63.597660332458894,10.246272858209554,,
乌鲁木齐,2025,12,43.8256,87.6168,31,-8.041935483870969,-4.180645161290323,-11.19032258064516,7.009677419354839,-12.161290322580646,-4.119354838709677,79.54838709677419,22.400000000000002,0.7225806451612904,10,0,13.219354838709679,27.774193548387096,0,2,6.435815501792115,6,1,6.199354838709677,0,0,31,30,54.88991935483871,58.446505376344085,1252.375,58.61545698924731,30.279032258064515,22.65591397849462,4.564516129032258,5.0,3.0,2.0,0.0,50.29514070857975,88.55104036511325,61.771910605539794,11.448959634886757,,53.318012642005755
北京,2016,1,39.9042,116.4074,31,-4.848387096774194,0.47741935483870956,-8.887096774193548,9.364516129032259,-9.693548387096774,-4.84516129032258,37.935483870967744,1.2,0.03870967741935484,3,0,12.103225806451613,26.287096774193547,0,0,8.827029569892474,28,0,10.054516129032258,0,0,31,30,,,,,,,,0.0,0.0,0.0,0.0,50.55789458817033,,,,,46.550591088730165
北京,2016,2,39.9042,116.4074,29,-0.30689655172413793,6.479310344827587,-5.479310344827587,11.958620689655174,-5.041379310344827,-4.73448275862069,39.10344827586207,11.0,0.3793103448275862,2,0,15.46551724137931,33.310344827586206,0,1,9.917530555555555,27,0,13.694137931034483,0,0,29,17,,,,,,,,0.0,0.0,0.0,0.0,49.474876811718254,,,,,53.513397344071095
北京,2016,3,39.9042,116.4074,31,7.138709677419355,14.861290322580645,-0.18709677419354848,15.048387096774194,3.3096774193548386,-3.829032258064516,40.70967741935484,0.0,0.0,0,0,13.464516129032257,29.870967741935484,0,0,10.738155107526882,28,0,18.318064516129034,0,0,16,4,,,,,,,,0.0,0.0,0.0,0.0,57.4292110772615,,,,,
北京,2016,4,39.9042,116.4074,30,15.79,23.436666666666667,7.956666666666666,15.479999999999999,12.483333333333333,-3.3066666666666666,35.666666666666664,9.3,0.31,6,0,17.4,37.19666666666667,0,0,10.835134351851853,26,1,21.308333333333334,2,0,0,0,,,,,,,,0.0,0.0,0.0,0.0,70.53841640038284,,,,,
北京,2016,5,39.9042,116.4074,31,20.651612903225807,27.651612903225807,12.932258064516128,14.719354838709679,18.325806451612905,-2.325806451612903,40.645161290322584,40.6,1.3096774193548388,9,0,18.793548387096774,40.29354838709677,0,3,10.484260215053764,24,3,21.881612903225808,8,1,0,0,,,,,,,,0.0,0.0,0.0,0.0,79.44540883245774,,,,,
北京,2016,6,39.9042,116.4074,30,25.82,32.20333333333333,19.48,12.723333333333333,26.14333333333333,0.3233333333333334,50.56666666666667,86.0,2.8666666666666667,15,1,14.6,33.626666666666665,0,2,10.834521666666665,25,2,21.583000000000002,26,5,0,0,,,,,,,,0.0,0.0,0.0,0.0,80.18575776486033,,,,54.085141379417855,
北京,2016,7,39.9042,116.4074,31,26.93548387096774,31.47741935483871,22.593548387096774,8.883870967741935,30.335483870967742,3.3999999999999995,70.61290322580645,290.5,9.370967741935484,17,1,12.041935483870969,27.835483870967742,0,1,9.344397939068099,22,5,17.610967741935482,24,4,0,0,,,,,,,,0.0,0.0,0.0,0.0,75.25663650815046,,,,45.179462280819784,
北京,2016,8,39.9042,116.4074,31,25.648387096774194,30.383870967741935,21.029032258064515,9.35483870967742,28.951612903225808,3.3032258064516125,73.25806451612904,81.5,2.629032258064516,12,1,10.419354838709678,23.887096774193548,0,0,10.220433154121864,24,3,17.251935483870966,22,0,0,0,,,,,,,,0.0,0.0,0.0,0.0,77.40666532534222,,,,48.462338328744046,
北京,2016,9,39.9042,116.4074,30,20.970000000000002,26.263333333333332,15.729999999999999,10.533333333333333,21.513333333333332,0.5433333333333338,65.43333333333334,63.0,2.1,10,1,10.4,24.90666666666667,0,1,9.870996944444444,26,4,15.702,4,0,0,0,,,,,,,,0.0,0.0,0.0,0.0,84.4599717074498,,,,,
北京,2016,10,39.9042,116.4074,31,12.783870967741937,17.56451612903226,8.241935483870968,9.32258064516129,11.26774193548387,-1.5161290322580645,68.64516129032258,71.8,2.3161290322580643,9,0,11.935483870967742,27.10967741935484,0,0,7.088106003584229,19,8,10.506129032258064,0,0,2,0,,,,,,,,0.0,0.0,0.0,0.0,70.14950591583508,,,,,
北京,2016,11,39.9042,116.4074,30,2.74,8.360000000000001,-1.98,10.34,-0.73,-3.4699999999999998,64.4,19.700000000000003,0.6566666666666667,4,0,10.786666666666667,23.346666666666668,0,0,7.5081130555555555,20,5,8.908999999999999,0,0,20,6,,,,,,,,0.0,0.0,0.0,0.0,55.06351234709842,,,,,
北京,2016,12,39.9042,116.4074,31,-1.032258064516129,4.583870967741936,-5.170967741935484,9.754838709677419,-4.958064516129032,-3.9258064516129028,58.96774193548387,0.2,0.0064516129032258064,2,0,10.435483870967742,20.64516129032258,0,1,8.18939811827957,24,0,8.184516129032257,0,0,31,16,,,,,,,,0.0,0.0,0.0,0.0,54.238571785527775,,,,,55.37030464355894
北京,2017,1,39.9042,116.4074,31,-2.364516129032258,2.8806451612903223,-5.97741935483871,8.858064516129033,-7.232258064516128,-4.867741935483871,45.41935483870968,1.7,0.054838709677419356,3,0,16.387096774193548,28.938709677419357,3,3,8.15338682795699,26,2,9.38516129032258,0,0,31,22,,,,,,,,0.0,0.0,0.0,0.0,50.82198695390707,,,,,50.07196643711138
北京,2017,2,39.9042,116.4074,28,1.1035714285714284,7.839285714285714,-3.8464285714285715,11.685714285714285,-3.8892857142857147,-4.992857142857143,41.392857142857146,2.2,0.07857142857142858,2,0,19.446428571428573,34.714285714285715,3,4,9.478741468253968,25,1,13.183571428571428,0,0,26,10,,,,,,,,0.0,0.0,0.0,0.0,50.29214801193448,,,,,57.092137115155644
北京,2017,3,39.9042,116.4074,31,7.751612903225807,14.258064516129032,1.364516129032258,12.893548387096773,3.293548387096774,-4.458064516129032,39.096774193548384,18.0,0.5806451612903226,6,0,20.919354838709676,37.519354838709674,3,4,9.781552598566307,28,3,16.925483870967742,0,0,10,0,,,,,,,,0.0,0.0,0.0,0.0,55.738195580994244,,,,,
北京,2017,4,39.9042,116.4074,30,16.746666666666666,23.89333333333333,9.183333333333334,14.71,12.85,-3.896666666666667,32.53333333333333,0.39999999999999997,0.013333333333333332,2,0,23.016666666666666,39.85333333333333,4,5,10.291646851851851,27,2,20.115666666666666,4,0,0,0,,,,,,,,0.0,0.0,0.0,0.0,70.17841905431663,,,,,
北京,2017,5,39.9042,116.4074,31,22.687096774193545,29.53870967741935,15.364516129032259,14.174193548387096,20.387096774193548,-2.3,37.67741935483871,19.0,0.6129032258064516,6,0,24.0258064516129,42.88387096774194,4,7,11.785909767025089,28,1,23.81064516129032,13,3,0,0,,,,,,,,0.0,0.0,0.0,0.0,78.73629203418315,,,,,
北京,2017,6,39.9042,116.4074,30,25.353333333333335,31.533333333333335,19.1,12.433333333333334,25.096666666666668,-0.25666666666666654,49.166666666666664,96.1,3.203333333333333,14,2,19.553333333333335,36.233333333333334,2,2,11.743470555555556,26,3,22.918,21,8,0,0,,,,,,,,0.0,0.0,0.0,0.0,77.97701525913585,,,,56.99262589689924,
北京,2017,7,39.9042,116.4074,31,27.096774193548388,31.532258064516128,23.06451612903226,8.46774193548387,31.103225806451615,4.006451612903225,75.70967741935483,301.20000000000005,9.716129032258065,21,5,15.270967741935483,28.925806451612903,0,0,8.480924372759857,20,8,17.42967741935484,19,8,0,0,,,,,,,,0.0,0.0,0.0,0.0,72.5609382913084,,,,44.086019627028236,
北京,2017,8,39.9042,116.4074,31,24.958064516129035,29.503225806451614,21.0258064516129,8.47741935483871,28.04193548387097,3.0838709677419356,76.90322580645162,180.1,5.809677419354839,23,1,15.600000000000001,30.596774193548388,0,0,8.907280376344087,20,3,15.94258064516129,13,1,0,0,,,,,,,,0.0,0.0,0.0,0.0,77.62165047476437,,,,51.29893850410344,
北京,2017,9,39.9042,116.4074,30,21.543333333333333,27.27,16.156666666666666,11.113333333333333,21.653333333333332,0.11000000000000003,62.36666666666667,4.3,0.14333333333333334,5,0,16.133333333333333,29.67,0,0,9.596950740740741,23,1,16.086333333333332,1,0,0,0,,,,,,,,0.0,0.0,0.0,0.0,85.27542084952115,,,,,
北京,2017,10,39.9042,116.4074,31,12.109677419354838,16.603225806451615,8.164516129032258,8.438709677419356,10.019354838709678,-2.0903225806451613,69.80645161290323,71.8,2.3161290322580643,12,1,14.17741935483871,25.758064516129032,1,1,6.1810793906810035,15,10,9.401612903225805,0,0,0,0,,,,,,,,0.0,0.0,0.0,0.0,68.1347767929706,,,,,
北京,2017,11,39.9042,116.4074,30,2.6166666666666667,8.303333333333333,-2.0266666666666664,10.33,-1.95,-4.566666666666666,46.43333333333333,0.0,0.0,0,0,19.826666666666664,34.02,5,5,8.806024259259258,26,0,9.498,0,0,21,10,,,,,,,,0.0,0.0,0.0,0.0,53.869138352552696,,,,,
北京,2017,12,39.9042,116.4074,31,-1.6419354838709677,3.606451612903226,-5.335483870967742,8.941935483870967,-6.674193548387097,-5.032258064516129,38.67741935483871,0.0,0.0,0,0,17.53548387096774,30.861290322580647,1,1,8.282377598566308,27,0,8.049677419354838,0,0,31,19,,,,,,,,0.0,0.0,0.0,0.0,50.352832862263625,,,,,50.76796188064665
北京,2018,1,39.9042,116.4074,31,-4.090322580645161,0.9774193548387097,-7.790322580645161,8.76774193548387,-9.416129032258064,-5.325806451612903,27.93548387096774,0.9,0.02903225806451613,1,0,18.77741935483871,32.42258064516129,2,2,8.004935125448029,24,2,8.91451612903226,0,0,31,26,,,,,,,,0.0,0.0,0.0,0.0,47.82535814497595,,,,,45.03235489510488
北京,2018,2,39.9042,116.4074,28,-1.5999999999999999,4.307142857142857,-6.164285714285714,10.471428571428572,-6.8428571428571425,-5.242857142857143,32.42857142857143,0.8,0.028571428571428574,1,0,20.47142857142857,35.86785714285714,4,5,9.4202248015873,27,0,12.503928571428572,0,0,28,19,,,,,,,,0.0,0.0,0.0,0.0,47.80124226899515,,,,,49.56084474848196
北京,2018,3,39.9042,116.4074,31,7.112903225806452,14.261290322580646,0.5870967741935483,13.674193548387096,3.1580645161290324,-3.954838709677419,46.96774193548387,2.9000000000000004,0.09354838709677421,4,0,16.77741935483871,29.925806451612903,0,0,10.019703405017921,27,1,16.023870967741935,0,0,17,3,,,,,,,,0.0,0.0,0.0,0.0,58.5347989411855,,,,,
北京,2018,4,39.9042,116.4074,30,14.706666666666667,21.436666666666667,8.016666666666667,13.419999999999998,11.483333333333333,-3.2233333333333336,47.8,50.3,1.6766666666666665,7,1,22.69333333333333,39.47666666666667,4,4,9.286362222222222,23,4,17.331666666666667,0,0,2,0,,,,,,,,0.0,0.0,0.0,0.0,70.50148514642993,,,,,
北京,2018,5,39.9042,116.4074,31,21.603225806451615,27.822580645161292,15.283870967741937,12.538709677419355,20.02258064516129,-1.5806451612903225,47.806451612903224,15.200000000000001,0.4903225806451613,10,0,21.12258064516129,37.599999999999994,3,4,9.146451344086021,22,4,19.11774193548387,8,1,0,0,,,,,,,,0.0,0.0,0.0,0.0,81.51962843188052,,,,,
北京,2018,6,39.9042,116.4074,30,27.1,33.42,20.566666666666666,12.853333333333333,27.0,-0.10000000000000012,48.3,22.3,0.7433333333333334,12,0,21.490000000000002,37.72666666666667,2,2,9.816547592592594,22,2,19.668999999999997,25,14,0,0,,,,,,,,0.0,0.0,0.0,0.0,77.75224126520288,,,,51.95147196639177,
北京,2018,7,39.9042,116.4074,31,27.606451612903225,31.858064516129033,23.883870967741935,7.974193548387096,32.064516129032256,4.458064516129032,77.54838709677419,235.6,7.6,26,3,14.709677419354838,28.18387096774193,0,0,7.777530555555556,19,7,15.986451612903226,25,4,0,0,,,,,,,,0.0,0.0,0.0,0.0,71.54385444457917,,,,39.93825076820157,
北京,2018,8,39.9042,116.4074,31,26.703225806451613,30.793548387096774,22.993548387096773,7.800000000000001,30.44516129032258,3.741935483870967,75.2258064516129,198.8,6.412903225806452,14,2,13.983870967741936,26.374193548387098,0,0,8.786675268817204,21,4,16.852903225806454,22,4,0,0,,,,,,,,0.0,0.0,0.0,0.0,74.93910043189746,,,,44.66106986440095,
北京,2018,9,39.9042,116.4074,30,20.216666666666665,25.716666666666665,14.756666666666666,10.96,18.959999999999997,-1.256666666666667,55.06666666666667,19.4,0.6466666666666666,7,0,19.756666666666668,35.40333333333333,4,4,9.260117962962964,23,2,15.541666666666666,2,0,0,0,,,,,,,,0.0,0.0,0.0,0.0,82.82613737639196,,,,,
北京,2018,10,39.9042,116.4074,31,12.380645161290323,19.019354838709678,6.54516129032258,12.474193548387097,8.874193548387098,-3.5064516129032253,46.32258064516129,9.0,0.2903225806451613,4,0,18.574193548387097,33.42258064516129,5,6,9.162976075268817,26,1,13.062903225806451,0,0,0,0,,,,,,,,0.0,0.0,0.0,0.0,67.68739815575931,,,,,
北京,2018,11,39.9042,116.4074,30,4.796666666666667,10.75,-0.09333333333333335,10.843333333333334,0.8133333333333332,-3.9833333333333334,53.0,6.4,0.21333333333333335,2,0,14.926666666666668,26.383333333333333,0,0,7.708177314814815,21,2,8.879999999999999,0,0,17,0,,,,,,,,0.0,0.0,0.0,0.0,55.92613390312031,,,,,
北京,2018,12,39.9042,116.4074,31,-3.232258064516129,1.7677419354838708,-7.067741935483871,8.83548387096774,-8.474193548387097,-5.241935483870968,29.387096774193548,1.3,0.041935483870967745,2,0,17.05483870967742,30.335483870967742,0,0,7.836818548387097,23,1,7.938064516129032,0,0,30,22,,,,,,,,0.0,0.0,0.0,0.0,48.165977177996695,,,,,46.89509566372182
北京,2019,1,39.9042,116.4074,31,-2.1580645161290324,3.8,-6.435483870967742,10.235483870967743,-7.54516129032258,-5.387096774193548,26.612903225806452,0.0,0.0,0,0,18.5258064516129,31.616129032258065,2,2,8.573206451612904,27,0,9.015806451612903,0,0,31,21,,,,,,,,0.0,0.0,0.0,0.0,47.25129796499673,,,,,47.64795398693515
北京,2019,2,39.9042,116.4074,28,-1.042857142857143,4.796428571428572,-5.728571428571429,10.525,-6.046428571428572,-5.003571428571428,35.392857142857146,1.8,0.0642857142857143,4,0,17.142857142857142,30.724999999999998,0,0,8.134034623015873,18,3,11.303928571428571,0,0,28,16,,,,,,,,0.0,0.0,0.0,0.0,49.819174560357006,,,,,51.377523112422566
北京,2019,3,39.9042,116.4074,31,8.667741935483871,16.206451612903226,1.1903225806451612,15.016129032258064,3.8096774193548386,-4.858064516129032,32.12903225806452,6.7,0.2161290322580645,6,0,23.796774193548387,41.82258064516129,4,8,10.453844892473118,30,0,16.81483870967742,0,0,12,0,,,,,,,,0.0,0.0,0.0,0.0,55.01806093553158,,,,,
北京,2019,4,39.9042,116.4074,30,14.293333333333333,20.95,7.21,13.74,10.593333333333334,-3.7,41.3,31.1,1.0366666666666666,8,0,22.88,40.776666666666664,6,6,9.289487777777778,24,4,17.990000000000002,1,0,0,0,,,,,,,,0.0,0.0,0.0,0.0,67.49150337104093,,,,,
北京,2019,5,39.9042,116.4074,31,22.138709677419353,29.293548387096774,14.609677419354838,14.683870967741935,19.306451612903224,-2.8322580645161293,35.03225806451613,22.2,0.7161290322580645,5,0,25.654838709677417,44.31290322580645,5,8,10.456918637992832,28,2,21.13741935483871,14,1,0,0,,,,,,,,0.0,0.0,0.0,0.0,78.497097892756,,,,,
北京,2019,6,39.9042,116.4074,30,26.34333333333333,32.35333333333333,20.506666666666668,11.846666666666666,26.32,-0.023333333333333664,49.53333333333333,34.0,1.1333333333333333,8,0,19.959999999999997,35.919999999999995,3,5,10.114695555555556,24,2,20.182000000000002,25,8,0,0,,,,,,,,0.0,0.0,0.0,0.0,80.81584171974177,,,,53.648022754192624,
北京,2019,7,39.9042,116.4074,31,27.458064516129035,32.27741935483871,22.616129032258065,9.661290322580646,30.5,3.041935483870968,67.41935483870968,187.2,6.038709677419354,17,2,14.983870967741936,29.838709677419356,0,0,9.335386738351254,23,4,18.818064516129034,22,5,0,0,,,,,,,,0.0,0.0,0.0,0.0,74.65336192486208,,,,45.73165499961222,
北京,2019,8,39.9042,116.4074,31,25.11935483870968,29.81935483870968,20.661290322580644,9.158064516129032,26.92258064516129,1.8032258064516136,68.03225806451613,116.89999999999999,3.7709677419354835,16,0,17.0258064516129,31.42258064516129,1,3,8.305415860215055,21,6,16.235806451612902,19,0,0,0,,,,,,,,0.0,0.0,0.0,0.0,79.4798555364637,,,,51.55333538175297,
北京,2019,9,39.9042,116.4074,30,23.32,29.89,17.226666666666667,12.663333333333332,23.126666666666665,-0.19333333333333277,54.333333333333336,47.7,1.59,4,1,15.01,27.779999999999998,0,0,10.128090462962964,25,1,16.747,16,2,0,0,,,,,,,,0.0,0.0,0.0,0.0,86.36929930286439,,,,,
北京,2019,10,39.9042,116.4074,31,13.396774193548387,19.35483870967742,8.119354838709677,11.235483870967743,10.841935483870968,-2.5548387096774197,56.354838709677416,22.599999999999998,0.7290322580645161,5,0,16.80322580645161,29.9,1,1,7.8117348566308245,22,5,11.566451612903226,3,0,0,0,,,,,,,,0.0,0.0,0.0,0.0,70.75768123187638,,,,,
北京,2019,11,39.9042,116.4074,30,4.98,10.176666666666668,0.41333333333333333,9.763333333333332,1.0733333333333335,-3.9066666666666667,52.56666666666667,19.8,0.66,7,0,17.023333333333333,29.933333333333334,3,4,7.681136481481482,20,1,8.728333333333333,0,0,16,4,,,,,,,,0.0,0.0,0.0,0.0,57.9365407676307,,,,,
北京,2019,12,39.9042,116.4074,31,-2.0064516129032257,3.4516129032258065,-5.887096774193548,9.338709677419354,-6.825806451612903,-4.819354838709677,47.0,5.0,0.16129032258064516,2,0,17.858064516129033,30.916129032258063,2,3,7.861595430107526,27,1,7.886774193548387,0,0,31,25,,,,,,,,0.0,0.0,0.0,0.0,51.45099348852493,,,,,49.85030621036753
北京,2020,1,39.9042,116.4074,31,-1.770967741935484,3.8193548387096774,-5.674193548387097,9.493548387096775,-6.422580645161291,-4.651612903225806,45.67741935483871,3.1,0.1,2,0,14.66451612903226,25.799999999999997,0,0,7.79509829749104,24,3,8.744516129032258,0,0,31,22,,,,,,,,0.0,0.0,0.0,0.0,51.98310866821344,,,,,51.3958315460838
北京,2020,2,39.9042,116.4074,29,0.9517241379310345,6.962068965517242,-3.7275862068965515,10.689655172413794,-3.548275862068966,-4.5,54.793103448275865,21.900000000000002,0.7551724137931035,9,0,16.69655172413793,29.389655172413793,2,2,8.101268295019157,22,4,10.727586206896552,0,0,28,8,,,,,,,,0.0,0.0,0.0,0.0,51.12708296951826,,,,,56.93385391742157
北京,2020,3,39.9042,116.4074,31,8.064516129032258,15.59032258064516,0.8064516129032258,14.783870967741937,3.458064516129032,-4.606451612903226,40.193548387096776,15.299999999999999,0.4935483870967742,7,0,23.951612903225808,41.79677419354839,5,8,9.997794444444443,29,2,16.623548387096776,0,0,13,0,,,,,,,,0.0,0.0,0.0,0.0,55.870381310581074,,,,,
北京,2020,4,39.9042,116.4074,30,14.806666666666667,21.63,7.673333333333333,13.956666666666667,10.383333333333333,-4.423333333333333,27.1,9.0,0.3,4,0,23.186666666666667,40.85,4,6,10.726600462962962,28,0,20.222666666666665,1,0,0,0,,,,,,,,0.0,0.0,0.0,0.0,65.2284798799642,,,,,
北京,2020,5,39.9042,116.4074,31,20.967741935483872,27.31935483870968,14.55483870967742,12.764516129032257,18.92258064516129,-2.045161290322581,48.483870967741936,28.0,0.9032258064516129,8,0,22.496774193548386,41.270967741935486,2,7,9.100533512544803,21,3,18.78483870967742,8,0,0,0,,,,,,,,0.0,0.0,0.0,0.0,82.184656608592,,,,,
北京,2020,6,39.9042,116.4074,30,26.663333333333334,32.86666666666667,20.703333333333333,12.163333333333332,26.323333333333334,-0.3400000000000001,47.733333333333334,30.1,1.0033333333333334,8,0,21.096666666666668,37.406666666666666,2,3,10.173293425925925,24,1,20.29866666666667,26,6,0,0,,,,,,,,0.0,0.0,0.0,0.0,79.6439774805925,,,,52.8315435062602,
北京,2020,7,39.9042,116.4074,31,26.05806451612903,31.048387096774192,21.24516129032258,9.803225806451612,28.451612903225808,2.3935483870967738,68.61290322580645,94.9,3.0612903225806454,18,1,15.293548387096774,29.01290322580645,0,0,8.764936200716845,20,2,18.080322580645163,20,2,0,0,,,,,,,,0.0,0.0,0.0,0.0,79.21925960459231,,,,49.71931373523805,
北京,2020,8,39.9042,116.4074,31,25.81935483870968,30.335483870967742,21.703225806451613,8.63225806451613,29.029032258064515,3.2096774193548385,75.74193548387096,225.29999999999998,7.267741935483871,20,3,14.77741935483871,28.56451612903226,0,1,8.143305107526881,19,5,15.733548387096775,19,3,0,0,,,,,,,,0.0,0.0,0.0,0.0,77.00902945625887,,,,47.60595999400848,
北京,2020,9,39.9042,116.4074,30,20.873333333333335,26.21333333333333,15.936666666666667,10.276666666666667,20.493333333333332,-0.3800000000000002,63.1,60.7,2.0233333333333334,14,0,17.006666666666668,31.990000000000002,1,1,9.623209814814816,24,1,15.746333333333332,5,0,0,0,,,,,,,,0.0,0.0,0.0,0.0,84.3690745999918,,,,,
北京,2020,10,39.9042,116.4074,31,12.7,18.94193548387097,7.229032258064516,11.71290322580645,9.296774193548387,-3.403225806451613,48.03225806451613,5.4,0.17419354838709677,4,0,18.616129032258065,32.964516129032255,2,2,9.286715232974911,27,0,13.193548387096774,0,0,0,0,,,,,,,,0.0,0.0,0.0,0.0,68.59942446273745,,,,,
北京,2020,11,39.9042,116.4074,30,5.36,10.636666666666667,0.9533333333333333,9.683333333333334,1.2166666666666666,-4.1433333333333335,50.03333333333333,28.5,0.95,5,0,16.056666666666665,28.326666666666664,0,1,7.707435462962963,23,4,8.789666666666667,0,0,11,2,,,,,,,,0.0,0.0,0.0,0.0,56.85143144595929,,,,,
北京,2020,12,39.9042,116.4074,31,-3.358064516129032,2.029032258064516,-7.029032258064516,9.058064516129033,-8.374193548387098,-5.016129032258065,38.29032258064516,0.8,0.025806451612903226,1,0,16.845161290322583,29.067741935483873,2,2,8.375121146953406,28,0,8.310645161290322,0,0,31,26,,,,,,,,0.0,0.0,0.0,0.0,50.88456069612306,,,,,48.231462953171196
北京,2021,1,39.9042,116.4074,31,-4.225806451612903,1.1096774193548387,-8.36774193548387,9.47741935483871,-9.345161290322581,-5.119354838709677,39.32258064516129,2.1,0.06774193548387097,3,0,17.73225806451613,30.53548387096774,1,3,8.439081989247311,28,1,9.260645161290322,0,0,31,27,,,,,,,,0.0,0.0,0.0,0.0,49.4140366250094,,,,,46.478929412021294
北京,2021,2,39.9042,116.4074,28,1.760714285714286,8.535714285714286,-3.725,12.260714285714286,-2.7535714285714286,-4.514285714285714,47.42857142857143,11.899999999999999,0.42499999999999993,3,0,17.242857142857144,30.553571428571427,1,2,8.79309632936508,24,3,12.108928571428573,0,0,25,10,,,,,,,,0.0,0.0,0.0,0.0,50.644892410679425,,,,,57.28302821237873
北京,2021,3,39.9042,116.4074,31,8.174193548387096,14.235483870967743,2.5290322580645164,11.706451612903225,4.503225806451613,-3.6709677419354843,55.935483870967744,20.4,0.6580645161290322,7,0,18.780645161290323,34.73548387096774,4,5,8.318974731182795,21,4,14.421935483870968,0,0,8,1,,,,,,,,0.0,0.0,0.0,0.0,58.62629587329912,,,,,
北京,2021,4,39.9042,116.4074,30,14.53,20.523333333333333,8.253333333333334,12.270000000000001,10.553333333333335,-3.9766666666666666,36.733333333333334,5.6,0.18666666666666665,8,0,23.033333333333335,40.95,4,5,8.957208240740739,20,2,17.442,0,0,0,0,,,,,,,,0.0,0.0,0.0,0.0,68.39045781570456,,,,,
北京,2021,5,39.9042,116.4074,31,20.02258064516129,26.570967741935487,13.287096774193548,13.283870967741937,17.1,-2.9225806451612897,40.12903225806452,26.1,0.8419354838709678,8,0,25.129032258064516,45.8258064516129,9,11,10.297552329749104,26,1,20.651935483870968,5,0,0,0,,,,,,,,0.0,0.0,0.0,0.0,78.19862222124961,,,,,
北京,2021,6,39.9042,116.4074,30,25.36,31.333333333333332,19.5,11.833333333333334,25.396666666666665,0.03666666666666648,53.0,48.1,1.6033333333333333,16,0,20.376666666666665,37.70666666666667,1,4,9.261672685185184,19,2,19.002666666666666,20,4,0,0,,,,,,,,0.0,0.0,0.0,0.0,80.79069996354922,,,,55.10116768977636,
北京,2021,7,39.9042,116.4074,31,25.76451612903226,29.751612903225805,22.27741935483871,7.474193548387097,29.92258064516129,4.158064516129032,82.90322580645162,355.9,11.480645161290322,25,4,13.916129032258064,29.048387096774192,0,1,7.711953315412186,18,7,15.424193548387096,17,0,0,0,,,,,,,,0.0,0.0,0.0,0.0,73.90784747558293,,,,45.3816366176855,
北京,2021,8,39.9042,116.4074,31,24.174193548387095,28.470967741935485,20.212903225806453,8.258064516129032,26.925806451612903,2.7516129032258063,77.06451612903226,105.2,3.393548387096774,16,0,13.525806451612903,26.406451612903226,0,0,10.174220788530466,27,1,17.85741935483871,8,0,0,0,,,,,,,,0.0,0.0,0.0,0.0,80.46581738681667,,,,55.870731726952435,
北京,2021,9,39.9042,116.4074,30,20.80666666666667,24.959999999999997,17.033333333333335,7.926666666666666,22.376666666666665,1.5699999999999998,81.13333333333334,169.7,5.656666666666666,16,2,13.696666666666665,25.966666666666665,1,1,6.726477222222223,14,7,12.325666666666667,1,0,0,0,,,,,,,,0.0,0.0,0.0,0.0,82.53989358356175,,,,,
北京,2021,10,39.9042,116.4074,31,11.754838709677419,16.825806451612905,7.251612903225806,9.574193548387097,9.167741935483871,-2.5870967741935487,62.903225806451616,61.6,1.9870967741935484,8,0,16.519354838709678,28.141935483870967,1,1,7.313603942652329,22,8,10.571612903225805,0,0,0,0,,,,,,,,0.0,0.0,0.0,0.0,67.23242273820101,,,,,
北京,2021,11,39.9042,116.4074,30,4.41,9.78,-0.12333333333333332,9.903333333333334,0.5933333333333334,-3.816666666666667,62.63333333333333,24.3,0.81,7,0,17.583333333333332,29.736666666666668,3,4,6.969373703703704,17,4,7.876666666666667,0,0,18,1,,,,,,,,0.0,0.0,0.0,0.0,54.65038445756782,,,,,
北京,2021,12,39.9042,116.4074,31,-0.7032258064516128,4.874193548387097,-4.738709677419355,9.612903225806452,-5.393548387096774,-4.690322580645161,45.32258064516129,3.5,0.11290322580645161,3,0,16.04516129032258,26.44193548387097,0,0,7.556012096774194,26,2,7.339032258064516,0,0,30,10,,,,,,,,0.0,0.0,0.0,0.0,51.357405073495976,,,,,54.52892301409503
北京,2022,1,39.9042,116.4074,31,-2.8548387096774195,2.1516129032258067,-6.235483870967743,8.387096774193548,-7.629032258064516,-4.774193548387097,47.25806451612903,2.9,0.0935483870967742,4,0,15.996774193548386,27.990322580645163,2,2,7.52036541218638,23,4,7.968064516129032,0,0,31,29,,,,,,,,0.0,0.0,0.0,0.0,51.234873916095225,,,,,47.997224496616326
北京,2022,2,39.9042,116.4074,28,-1.875,4.435714285714286,-6.239285714285715,10.674999999999999,-6.996428571428572,-5.121428571428572,34.714285714285715,3.1,0.11071428571428572,1,0,17.942857142857143,31.214285714285715,1,1,8.769102579365079,22,2,11.455714285714285,0,0,28,21,,,,,,,,0.0,0.0,0.0,0.0,49.10119388809483,,,,,49.42272278637434
北京,2022,3,39.9042,116.4074,31,6.467741935483871,13.206451612903225,0.09032258064516129,13.116129032258065,2.3129032258064517,-4.15483870967742,48.354838709677416,15.100000000000001,0.4870967741935484,10,0,18.81935483870968,33.21935483870968,3,3,8.103368458781363,20,5,13.728064516129033,0,0,17,1,,,,,,,,0.0,0.0,0.0,0.0,55.862554948669214,,,,,
北京,2022,4,39.9042,116.4074,30,15.616666666666667,22.873333333333335,8.436666666666666,14.436666666666667,11.79,-3.826666666666667,37.7,8.600000000000001,0.28666666666666674,6,0,23.220000000000002,39.67333333333333,5,6,10.00659287037037,26,1,18.444000000000003,0,0,1,0,,,,,,,,0.0,0.0,0.0,0.0,69.95003404183382,,,,,
北京,2022,5,39.9042,116.4074,31,20.93548387096774,28.067741935483873,13.325806451612904,14.741935483870968,18.24516129032258,-2.690322580645161,40.354838709677416,18.9,0.6096774193548387,7,0,23.261290322580646,39.3258064516129,5,6,10.127593279569894,25,0,19.927096774193547,16,1,0,0,,,,,,,,0.0,0.0,0.0,0.0,77.70955451872969,,,,,
北京,2022,6,39.9042,116.4074,30,25.040000000000003,30.886666666666667,19.68,11.206666666666669,25.976666666666667,0.936666666666667,62.13333333333333,200.8,6.693333333333333,16,3,19.36,33.656666666666666,2,2,8.717779722222222,20,2,17.916,14,7,0,0,,,,,,,,0.0,0.0,0.0,0.0,80.62233558388998,,,,55.30348490254429,
北京,2022,7,39.9042,116.4074,31,26.677419354838708,31.68064516129032,22.161290322580644,9.519354838709678,29.79032258064516,3.1129032258064515,71.74193548387096,165.8,5.348387096774194,16,2,14.851612903225806,25.851612903225806,0,0,9.12325770609319,22,2,18.123870967741937,23,4,0,0,,,,,,,,0.0,0.0,0.0,0.0,76.6149681197885,,,,46.13300352783976,
北京,2022,8,39.9042,116.4074,31,25.019354838709678,29.654838709677417,20.67096774193548,8.983870967741936,27.616129032258065,2.5967741935483875,72.83870967741936,155.8,5.025806451612904,16,2,16.506451612903227,28.448387096774194,0,0,8.768019982078853,21,4,16.479032258064517,15,1,0,0,,,,,,,,0.0,0.0,0.0,0.0,77.80319877575621,,,,51.67871326115796,
北京,2022,9,39.9042,116.4074,30,21.61,28.009999999999998,15.8,12.21,21.373333333333335,-0.23666666666666714,59.266666666666666,1.0,0.03333333333333333,1,0,16.356666666666666,28.189999999999998,1,1,10.66878425925926,28,0,17.284,7,0,0,0,,,,,,,,0.0,0.0,0.0,0.0,84.30687042530585,,,,,
北京,2022,10,39.9042,116.4074,31,12.516129032258064,17.9,7.732258064516128,10.167741935483871,9.748387096774193,-2.767741935483871,56.38709677419355,12.0,0.3870967741935484,4,0,16.816129032258065,29.190322580645162,1,1,7.045643817204302,18,8,10.580322580645161,0,0,0,0,,,,,,,,0.0,0.0,0.0,0.0,68.22347128309167,,,,,
北京,2022,11,39.9042,116.4074,30,5.510000000000001,10.693333333333333,1.1099999999999999,9.583333333333334,1.8066666666666669,-3.703333333333333,60.3,25.2,0.84,9,0,16.956666666666667,28.616666666666667,4,4,6.734023796296297,17,5,7.747333333333334,0,0,9,2,,,,,,,,0.0,0.0,0.0,0.0,56.28703334651201,,,,,
北京,2022,12,39.9042,116.4074,31,-3.8,1.1193548387096774,-7.338709677419355,8.458064516129031,-9.216129032258063,-5.416129032258064,27.677419354838708,0.0,0.0,0,0,19.16774193548387,32.57096774193548,4,5,7.920504032258065,23,0,7.61483870967742,0,0,31,26,,,,,,,,0.0,0.0,0.0,0.0,48.22136877464636,,,,,45.05560789468929
北京,2023,1,39.9042,116.4074,31,-2.9451612903225803,2.8870967741935485,-7.429032258064517,10.316129032258065,-8.096774193548388,-5.151612903225806,34.38709677419355,3.7,0.11935483870967742,2,0,17.767741935483873,30.112903225806452,3,1,8.25566370967742,27,2,8.371612903225806,0,0,31,24,85.26397849462366,125.08037634408602,3085.608870967742,94.56774193548387,97.66680107526881,15.478494623655914,8.80241935483871,5.0,18.0,11.0,0.0,49.0275329275286,80.41816239492157,58.44472176774648,19.581837605078434,,55.99892797461379
北京,2023,2,39.9042,116.4074,28,0.4428571428571429,6.2178571428571425,-4.0928571428571425,10.310714285714285,-4.025,-4.4678571428571425,51.785714285714285,5.9,0.21071428571428572,4,0,15.167857142857143,26.267857142857142,1,1,7.729672222222222,20,5,10.347857142857142,0,0,27,13,94.23794642857142,136.10223214285713,2635.5461309523807,94.05238095238096,86.96651785714286,16.648809523809522,2.375,1.0,15.0,0.0,0.0,50.931829266303374,79.99887691002412,59.65194355941959,20.001123089975874,,61.085051575271216
北京,2023,3,39.9042,116.4074,31,9.077419354838709,16.9,1.4451612903225806,15.45483870967742,4.67741935483871,-4.4,38.45161290322581,2.4,0.07741935483870968,3,0,21.048387096774192,36.07741935483871,2,3,10.105717204301076,28,1,15.869354838709677,0,0,13,0,62.744354838709675,94.34045698924731,1306.8736559139784,71.80900537634407,61.47486559139785,30.068548387096776,13.362903225806452,8.0,11.0,17.0,0.0,57.91291376819593,85.72026828687831,66.25512012380064,14.279731713121695,,
北京,2023,4,39.9042,116.4074,30,14.346666666666668,20.726666666666667,7.680000000000001,13.046666666666665,10.33,-4.0166666666666675,40.13333333333333,29.6,0.9866666666666667,11,0,24.17,41.376666666666665,5,6,8.126753888888889,20,5,16.05366666666667,0,0,0,0,42.524861111111115,67.07055555555556,587.3611111111111,55.143055555555556,45.763749999999995,39.391666666666666,17.32638888888889,14.0,1.0,17.0,0.0,68.02275363598707,89.35238496717672,74.42164303534396,10.647615032823278,,
北京,2023,5,39.9042,116.4074,31,21.299999999999997,27.36774193548387,15.203225806451613,12.164516129032258,19.56451612903226,-1.7354838709677418,48.483870967741936,31.9,1.0290322580645161,9,0,20.725806451612904,35.83870967741935,1,2,8.322343369175629,22,6,17.71741935483871,5,0,0,0,49.50255376344086,73.44112903225806,673.3266129032259,64.72620967741936,54.13965053763441,51.618279569892465,7.831989247311828,8.0,1.0,6.0,0.0,83.08340283354326,87.30752330550962,84.35063897513317,12.692476694490384,,
北京,2023,6,39.9042,116.4074,30,28.256666666666668,35.31666666666667,20.94,14.376666666666667,27.196666666666665,-1.0599999999999998,37.9,11.200000000000001,0.37333333333333335,5,0,21.93,38.84666666666667,0,5,11.270262592592593,28,1,21.598000000000003,29,16,0,0,41.337222222222216,61.83305555555555,490.37638888888887,55.04277777777778,48.01819444444445,73.78611111111111,7.543055555555555,13.0,0.0,7.0,5.0,74.2276167097168,87.92802143138003,78.33773812621577,12.071978568619967,51.28605817865935,
北京,2023,7,39.9042,116.4074,31,28.26451612903226,33.65806451612904,23.30322580645161,10.35483870967742,30.274193548387096,2.009677419354839,62.516129032258064,315.2,10.167741935483871,15,5,20.261290322580646,35.619354838709675,1,2,8.891237724014337,21,7,17.96677419354839,23,14,0,0,53.00685483870968,79.21626344086022,552.5900537634409,53.836021505376344,31.680779569892472,70.81317204301075,8.038978494623656,7.0,5.0,6.0,3.0,71.69183524764715,86.99989904801855,76.28425438775857,13.000100951981446,45.628008887815675,
北京,2023,8,39.9042,116.4074,31,25.980645161290322,30.325806451612905,22.174193548387095,8.151612903225807,29.66774193548387,3.6870967741935483,77.58064516129032,132.9,4.287096774193548,19,1,15.251612903225807,26.799999999999997,0,0,9.155108333333333,24,3,17.041612903225804,17,1,0,0,73.94556451612904,108.89005376344086,784.4556451612904,72.54717741935484,43.23602150537634,51.29301075268817,5.815860215053763,2.0,14.0,6.0,0.0,76.04870583254636,84.19493297124897,78.49257397415714,15.805067028751015,47.47723544473121,
北京,2023,9,39.9042,116.4074,30,21.513333333333332,26.720000000000002,16.956666666666667,9.763333333333332,22.81,1.2966666666666669,73.4,74.8,2.493333333333333,6,1,13.646666666666667,24.22666666666667,0,0,8.691730648148148,22,4,14.530000000000001,4,0,0,0,85.20166666666667,126.15111111111109,996.8597222222222,67.45527777777778,51.403194444444445,27.35972222222222,7.972222222222222,1.0,18.0,8.0,0.0,82.91705745881967,83.97025810763695,83.23301765346486,16.02974189236305,,
北京,2023,10,39.9042,116.4074,31,14.670967741935485,21.238709677419354,9.254838709677419,11.983870967741936,12.606451612903227,-2.064516129032258,61.41935483870968,10.7,0.34516129032258064,4,0,14.95483870967742,25.90967741935484,0,0,9.082066218637992,26,0,12.345806451612903,0,0,0,0,77.78293010752688,114.18212365591397,1154.4583333333335,50.69690860215054,60.07728494623656,11.625,4.631720430107527,5.0,14.0,5.0,0.0,74.74602978039883,86.16484843061835,78.17167537546467,13.835151569381651,,
北京,2023,11,39.9042,116.4074,30,3.5733333333333333,8.856666666666666,-0.73,9.586666666666668,-0.8166666666666667,-4.39,47.53333333333333,7.2,0.24000000000000002,1,0,19.959999999999997,34.14,5,5,7.724520092592593,22,2,8.55,0,0,19,8,83.10527777777777,121.58513888888889,1345.0083333333334,44.59986111111111,79.70444444444443,14.37638888888889,5.843055555555555,6.0,16.0,5.0,0.0,55.10025808949641,85.21426477141871,64.13446009407309,14.785735228581299,,
北京,2023,12,39.9042,116.4074,31,-4.012903225806451,0.7225806451612904,-7.645161290322581,8.36774193548387,-8.696774193548388,-4.683870967741935,50.70967741935484,15.1,0.48709677419354835,5,0,16.629032258064516,27.75483870967742,3,3,6.743962634408602,20,4,6.735483870967743,0,0,31,18,123.99005376344086,178.40094086021506,1821.2728494623657,51.48266129032258,119.94327956989248,12.260752688172042,1.9368279569892473,3.0,23.0,1.0,0.0,51.70158600919047,79.16658444420804,59.941085539695734,20.83341555579196,,57.01956875707847
北京,2024,1,39.9042,116.4074,31,-3.019354838709677,2.083870967741935,-6.429032258064517,8.51290322580645,-7.909677419354838,-4.890322580645161,44.32258064516129,0.0,0.0,0,0,16.177419354838708,27.287096774193547,0,0,7.696740232974911,22,3,8.000645161290322,0,0,31,25,120.93319892473119,174.54892473118278,1800.1478494623655,47.78642473118279,114.9747311827957,13.231182795698926,1.724462365591398,4.0,24.0,0.0,0.0,51.025180457697665,79.7549297077542,59.64410523271462,20.245070292245803,,56.50628104861767
北京,2024,2,39.9042,116.4074,29,-0.16551724137931034,5.279310344827586,-4.503448275862069,9.782758620689656,-4.882758620689655,-4.717241379310345,43.3448275862069,6.2,0.21379310344827587,4,0,16.324137931034482,28.07241379310345,2,2,7.72473582375479,18,2,10.485172413793103,0,0,28,13,104.98405172413793,151.8382183908046,1425.7011494252872,51.03491379310344,91.29827586206896,19.163793103448278,2.771551724137931,3.0,17.0,1.0,0.0,51.70220932807699,81.8867589055112,60.75757420130725,18.113241094488796,,61.371180189931344
北京,2024,3,39.9042,116.4074,31,7.696774193548387,14.993548387096775,0.6774193548387096,14.316129032258065,3.2903225806451615,-4.406451612903226,40.935483870967744,7.3,0.23548387096774193,6,0,20.635483870967743,35.645161290322584,6,6,9.421748745519714,25,2,15.18258064516129,0,0,14,1,67.9502688172043,107.59771505376344,890.760752688172,49.979435483870965,45.906586021505376,32.23521505376344,23.77016129032258,4.0,11.0,21.0,0.0,56.4820603346997,86.6861453803811,65.54328584840411,13.313854619618898,,
北京,2024,4,39.9042,116.4074,30,16.37,22.903333333333332,9.853333333333333,13.05,13.566666666666666,-2.8033333333333332,47.93333333333333,32.8,1.0933333333333333,13,0,20.126666666666665,34.46333333333334,1,2,8.560637037037036,21,4,16.311,1,0,0,0,55.33402777777778,87.07152777777779,611.4888888888889,48.04486111111111,33.75194444444444,38.34444444444444,14.990277777777777,7.0,5.0,19.0,0.0,74.94668704989736,88.45278528020081,78.99851651898841,11.547214719799177,,
北京,2024,5,39.9042,116.4074,31,21.719354838709677,28.338709677419356,14.845161290322581,13.493548387096775,19.69677419354839,-2.02258064516129,45.516129032258064,50.7,1.635483870967742,8,0,23.55483870967742,40.222580645161294,6,6,9.861491577060931,25,2,19.710967741935484,9,0,0,0,48.5247311827957,73.68091397849462,486.9596774193548,45.512365591397845,27.97930107526882,63.55241935483871,10.358870967741936,7.0,3.0,8.0,2.0,81.91350369330156,88.40020422007647,83.85951385133404,11.59979577992352,,
北京,2024,6,39.9042,116.4074,30,27.483333333333334,34.01,20.67,13.34,27.183333333333334,-0.3,44.93333333333333,25.7,0.8566666666666667,8,0,20.473333333333336,35.64,2,1,10.65365101851852,28,1,20.576666666666664,28,15,0,0,52.68083333333333,80.47444444444444,513.0361111111112,50.85236111111111,31.56763888888889,75.6375,12.61111111111111,6.0,4.0,12.0,4.0,77.4779077368765,86.96202067254521,80.32314161757712,13.037979327454781,51.50953645166979,
北京,2024,7,39.9042,116.4074,31,27.383870967741935,32.15483870967742,22.983870967741936,9.170967741935483,31.07741935483871,3.6935483870967736,73.25806451612904,213.29999999999998,6.880645161290322,24,3,16.49032258064516,29.348387096774193,0,1,8.865351523297491,23,3,17.71,23,8,0,0,70.33548387096775,102.40080645161291,659.0094086021505,61.98131720430108,36.251612903225805,79.32123655913978,2.9301075268817205,1.0,12.0,0.0,7.0,73.90338908687353,84.03164975631879,76.94186728770711,15.968350243681217,43.40739008818716,
北京,2024,8,39.9042,116.4074,31,25.94516129032258,30.26774193548387,22.293548387096774,7.974193548387097,29.993548387096773,4.048387096774194,81.06451612903226,300.3,9.687096774193549,19,3,14.85483870967742,27.52258064516129,0,1,8.966895698924732,24,3,16.510645161290324,19,0,0,0,78.54959677419355,113.64448924731182,884.0631720430107,75.09314516129032,41.663440860215054,61.36424731182796,2.958333333333333,4.0,17.0,2.0,0.0,74.55326195623633,83.0042640564862,77.08856258631128,16.995735943513797,45.54067649487369,
北京,2024,9,39.9042,116.4074,30,20.94,25.566666666666666,16.506666666666668,9.06,21.466666666666665,0.5266666666666667,69.7,50.4,1.68,11,0,15.903333333333334,27.91,1,1,8.022981851851851,19,5,13.831333333333333,1,0,0,0,68.42,99.29138888888889,908.3305555555556,59.78944444444445,45.34986111111111,21.456944444444446,2.1597222222222223,3.0,12.0,1.0,0.0,85.07324630335081,86.80703556711936,85.59338308248137,13.192964432880645,,
北京,2024,10,39.9042,116.4074,31,12.819354838709677,18.183870967741935,8.09032258064516,10.093548387096773,10.832258064516129,-1.9870967741935481,68.3225806451613,23.2,0.7483870967741936,9,0,14.825806451612904,24.925806451612903,1,1,7.37064811827957,19,5,10.826774193548387,0,0,0,0,88.00120967741935,130.3157258064516,1288.733870967742,51.26465053763441,63.62862903225806,10.611559139784946,8.155913978494624,3.0,17.0,7.0,0.0,69.71917009888493,84.79831977610698,74.24291500205155,15.201680223893014,,
北京,2024,11,39.9042,116.4074,30,7.486666666666666,12.29,3.49,8.8,4.533333333333333,-2.9533333333333336,62.53333333333333,16.6,0.5533333333333333,5,0,12.42,25.336666666666666,1,2,7.333571203703703,17,3,8.116333333333333,0,0,4,0,115.13513888888889,142.33444444444442,2300.313888888889,49.98708333333333,94.31569444444445,13.1,9.604166666666666,2.0,21.0,8.0,0.0,60.262851729094464,80.47062511460476,66.32518374474755,19.52937488539523,,
北京,2024,12,39.9042,116.4074,31,0.009677419354838698,3.7806451612903227,-3.193548387096774,6.974193548387096,-4.619354838709677,-4.629032258064516,32.096774193548384,0.0,0.0,0,0,13.14516129032258,30.11935483870968,0,1,7.766526344086022,25,2,7.5529032258064515,0,0,28,9,111.85389784946237,116.57513440860214,2666.8951612903224,49.54045698924731,99.94341397849463,16.913978494623656,7.119623655913978,0.0,24.0,8.0,0.0,50.12311711774202,80.50513871356343,59.23772359648844,19.49486128643658,,61.452348598017146
北京,2025,1,39.9042,116.4074,31,-0.967741935483871,2.8225806451612905,-4.619354838709677,7.441935483870968,-5.616129032258065,-4.648387096774194,32.903225806451616,1.4,0.04516129032258064,4,0,11.483870967741936,26.4,0,2,8.153696146953406,25,2,8.444193548387096,0,0,30,13,122.64368279569892,129.45470430107528,2535.682795698925,49.056720430107525,103.56854838709677,18.533602150537632,9.794354838709678,2.0,21.0,7.0,0.0,49.611501246922415,79.30089071845708,58.51831808838281,20.699109281542928,,59.520057507991424
北京,2025,2,39.9042,116.4074,28,-0.0071428571428571175,4.9071428571428575,-4.692857142857143,9.6,-4.885714285714286,-4.878571428571428,23.214285714285715,0.0,0.0,0,0,14.028571428571428,33.57857142857143,0,1,9.384876488095239,24,0,12.357857142857142,0,0,26,11,86.4266369047619,94.64092261904761,1647.7440476190477,46.4014880952381,68.50074404761905,32.607142857142854,12.278273809523808,5.0,14.0,8.0,0.0,47.328224953048995,84.13161085485558,58.36924072359096,15.868389145144425,,60.66555728276778
北京,2025,3,39.9042,116.4074,31,10.141935483870967,15.441935483870967,4.074193548387097,11.36774193548387,5.912903225806452,-4.229032258064516,29.870967741935484,13.5,0.43548387096774194,7,0,15.903225806451612,39.641935483870974,0,7,9.14191200716846,24,1,15.034193548387098,0,0,4,1,79.1779569892473,109.14112903225806,935.5873655913978,49.70712365591398,46.74650537634408,40.0510752688172,52.557795698924735,3.0,11.0,24.0,0.0,59.54976756601688,85.09798227890242,67.21423197988254,14.90201772109758,,
北京,2025,4,39.9042,116.4074,30,17.34,23.64,11.07,12.569999999999999,13.729999999999999,-3.61,30.366666666666667,15.2,0.5066666666666666,4,0,18.740000000000002,46.9,2,12,10.026439166666668,27,1,18.267,2,0,0,0,48.24638888888889,86.24319444444444,599.7694444444444,46.355000000000004,30.20069444444444,53.40972222222222,68.4625,9.0,2.0,25.0,0.0,71.91398393508216,88.47472308316894,76.88220567950819,11.525276916831062,,
北京,2025,5,39.9042,116.4074,31,21.003225806451614,26.59032258064516,15.535483870967743,11.05483870967742,19.874193548387098,-1.1290322580645158,49.516129032258064,72.4,2.335483870967742,11,1,15.219354838709679,37.17741935483871,0,2,9.23309041218638,22,3,19.13193548387097,7,0,0,0,54.468145161290316,70.44408602150537,673.9798387096774,53.94637096774194,32.57715053763441,69.4543010752688,29.143817204301072,8.0,6.0,22.0,4.0,82.05670412087525,86.85833480010515,83.49719332464423,13.141665199894852,,
北京,2025,6,39.9042,116.4074,30,27.886666666666667,33.36666666666667,22.596666666666668,10.77,28.040000000000003,0.15333333333333302,44.166666666666664,58.599999999999994,1.9533333333333331,10,1,13.79,35.836666666666666,0,4,9.84985925925926,23,4,20.153666666666666,21,11,0,0,55.943888888888885,67.6763888888889,600.688888888889,51.683055555555555,35.33680555555556,82.30277777777778,21.905555555555555,6.0,6.0,15.0,10.0,75.60833550928949,86.27154133066648,78.8072972557026,13.728458669333511,52.421994718450414,
北京,2025,7,39.9042,116.4074,31,28.393548387096775,32.60322580645161,24.516129032258064,8.087096774193547,32.8,4.406451612903225,71.7741935483871,251.5,8.112903225806452,25,4,10.22258064516129,28.187096774193545,0,0,8.654125537634409,15,1,17.605483870967742,27,7,0,0,59.567204301075265,60.70631720430107,839.2970430107526,62.615053763440855,40.43817204301075,75.69354838709677,1.942204301075269,3.0,6.0,0.0,4.0,72.69587530140078,85.49981854173616,76.53705827350137,14.500181458263842,39.534482015204624,
北京,2025,8,39.9042,116.4074,31,26.187096774193545,30.003225806451614,22.82903225806452,7.174193548387097,30.783870967741933,4.596774193548387,81.54838709677419,177.5,5.725806451612903,23,1,9.558064516129033,25.4741935483871,0,0,7.704198745519713,16,4,15.297419354838711,18,0,0,0,80.8502688172043,87.66586021505375,1217.2876344086021,88.77056451612903,49.990994623655915,52.403225806451616,12.240591397849462,0.0,21.0,11.0,1.0,74.58802683735368,82.37538108336561,76.92423311115726,17.62461891663439,44.15608908276996,
北京,2025,9,39.9042,116.4074,30,23.32,27.95,18.73,9.22,24.386666666666667,1.0666666666666669,62.63333333333333,19.8,0.66,9,0,11.433333333333334,29.529999999999998,0,1,8.666527962962963,24,2,14.634666666666668,8,0,0,0,79.65430555555555,89.95222222222222,1008.4083333333333,78.76875,50.53916666666667,29.490277777777774,18.26388888888889,0.0,18.0,14.0,0.0,85.84687751524696,84.26750956658188,85.37306713064744,15.732490433418123,,
北京,2025,10,39.9042,116.4074,31,12.629032258064516,16.30322580645161,9.161290322580646,7.141935483870968,11.348387096774195,-1.2806451612903227,71.06451612903226,90.1,2.9064516129032256,11,1,9.53225806451613,22.91290322580645,0,0,6.474971953405018,14,6,9.472903225806453,1,0,0,0,94.08817204301076,101.34045698924731,1559.4690860215053,61.09529569892473,67.91841397849463,11.713709677419354,11.934139784946236,1.0,21.0,9.0,0.0,70.21284016337447,83.67820752277464,74.25245037119451,16.32179247722537,,
北京,2025,11,39.9042,116.4074,30,6.930000000000001,11.886666666666667,2.5433333333333334,9.343333333333334,3.386666666666667,-3.5433333333333334,48.2,7.199999999999999,0.23999999999999996,4,0,13.06,30.736666666666668,0,4,7.626648333333333,22,2,8.584666666666667,0,0,7,0,108.58416666666668,125.58500000000001,2245.4805555555554,51.98722222222222,88.65152777777779,13.334722222222222,28.163888888888888,2.0,22.0,21.0,0.0,58.89220807838708,81.31659099273307,65.61952295269087,18.683409007266935,,
北京,2025,12,39.9042,116.4074,31,-0.7838709677419354,3.161290322580645,-4.548387096774194,7.709677419354839,-5.206451612903226,-4.422580645161291,42.96774193548387,3.8,0.12258064516129032,3,0,12.203225806451613,28.083870967741937,0,3,7.5690041218638,23,2,7.346774193548387,0,0,31,11,130.24395161290323,134.79973118279568,2806.198924731183,50.697849462365596,119.83481182795698,13.02016129032258,6.068548387096774,1.0,23.0,7.0,0.0,51.83720422936113,78.15730363012916,59.73323404959154,21.84269636987084,,60.39094465415586
南京,2016,1,32.0603,118.7969,31,2.864516129032258,6.883870967741935,-0.5709677419354838,7.45483870967742,-0.9806451612903225,-3.8451612903225807,70.74193548387096,72.9,2.351612903225807,16,0,14.512903225806452,29.32903225806452,0,1,5.959276612903226,15,9,8.93032258064516,0,0,19,4,,,,,,,,0.0,0.0,0.0,0.0,52.55195534756162,,,,,61.88821047665685
南京,2016,2,32.0603,118.7969,29,6.127586206896551,12.434482758620689,0.46551724137931033,11.96896551724138,2.706896551724138,-3.420689655172414,65.79310344827586,22.5,0.7758620689655172,7,0,15.793103448275861,32.648275862068964,0,1,9.175534482758621,23,2,14.948620689655172,0,0,14,1,,,,,,,,0.0,0.0,0.0,0.0,58.13797230666538,,,,,70.44462650270604
南京,2016,3,32.0603,118.7969,31,10.96774193548387,16.419354838709676,6.325806451612903,10.093548387096776,8.429032258064517,-2.5387096774193547,69.25806451612904,47.9,1.5451612903225806,13,1,15.80967741935484,32.3,1,1,8.05978646953405,18,2,15.27032258064516,0,0,1,0,,,,,,,,0.0,0.0,0.0,0.0,66.64344398972044,,,,,
南京,2016,4,32.0603,118.7969,30,16.85,21.64333333333333,12.526666666666667,9.116666666666667,16.246666666666666,-0.6033333333333334,77.33333333333333,205.4,6.846666666666667,16,2,16.006666666666668,34.343333333333334,0,3,7.116885555555555,18,9,15.827666666666666,0,0,0,0,,,,,,,,0.0,0.0,0.0,0.0,75.6631729418335,,,,,
南京,2016,5,32.0603,118.7969,31,19.822580645161292,24.074193548387097,15.745161290322581,8.329032258064515,20.387096774193548,0.5645161290322583,77.54838709677419,171.0,5.516129032258065,15,1,16.629032258064516,34.00322580645161,1,3,6.778423745519714,15,10,15.94032258064516,0,0,0,0,,,,,,,,0.0,0.0,0.0,0.0,80.01997289065284,,,,,
南京,2016,6,32.0603,118.7969,30,23.996666666666666,27.77,20.456666666666667,7.3133333333333335,27.16,3.163333333333333,83.46666666666667,281.7,9.389999999999999,21,4,14.26,30.416666666666668,0,0,7.047778518518518,13,5,15.181000000000001,8,0,0,0,,,,,,,,0.0,0.0,0.0,0.0,77.41390407636474,,,,52.608098260274986,
南京,2016,7,32.0603,118.7969,31,28.190322580645162,31.738709677419354,25.306451612903224,6.432258064516129,33.670967741935485,5.480645161290322,83.19354838709677,526.5,16.983870967741936,21,7,13.496774193548388,33.36129032258064,0,4,8.459235394265233,19,6,16.839032258064517,23,9,0,0,,,,,,,,0.0,0.0,0.0,0.0,66.84263206214963,,,,37.155465658303214,
南京,2016,8,32.0603,118.7969,31,28.5,32.622580645161285,24.903225806451612,7.719354838709677,33.05806451612903,4.558064516129032,74.80645161290323,64.5,2.0806451612903225,9,1,13.935483870967742,28.77741935483871,0,0,10.834947043010752,28,1,19.99516129032258,26,1,0,0,,,,,,,,0.0,0.0,0.0,0.0,70.47318462958084,,,,40.11071508794977,
南京,2016,9,32.0603,118.7969,30,23.67,27.886666666666667,19.80666666666667,8.08,25.323333333333334,1.6533333333333335,74.83333333333333,250.2,8.34,11,4,14.756666666666666,30.183333333333334,0,1,7.8805669444444435,19,8,14.047666666666666,9,0,0,0,,,,,,,,0.0,0.0,0.0,0.0,80.60155570698106,,,,,
南京,2016,10,32.0603,118.7969,31,18.361290322580647,20.822580645161292,16.31935483870968,4.503225806451613,18.69677419354839,0.335483870967742,83.45161290322581,206.4,6.658064516129032,22,3,16.183870967741935,32.77741935483871,0,0,2.6694508064516125,3,19,6.143870967741936,0,0,0,0,,,,,,,,0.0,0.0,0.0,0.0,76.72694352188986,,,,,
南京,2016,11,32.0603,118.7969,30,11.083333333333334,15.446666666666665,7.233333333333333,8.213333333333333,9.113333333333333,-1.97,79.1,64.3,2.143333333333333,13,0,14.74,29.71333333333333,0,2,5.899002685185185,14,10,8.806666666666667,0,0,3,0,,,,,,,,0.0,0.0,0.0,0.0,64.46006893423959,,,,,
南京,2016,12,32.0603,118.7969,31,6.803225806451613,11.361290322580645,2.7483870967741937,8.612903225806452,3.767741935483871,-3.0354838709677416,77.09677419354838,67.4,2.174193548387097,8,0,14.535483870967743,29.258064516129032,0,1,6.896209677419355,18,6,8.673548387096774,0,0,8,0,,,,,,,,0.0,0.0,0.0,0.0,56.265904692503234,,,,,70.10800994501815
南京,2017,1,32.0603,118.7969,31,4.874193548387097,9.100000000000001,1.0064516129032257,8.093548387096774,1.4129032258064516,-3.4612903225806453,73.58064516129032,48.4,1.5612903225806452,10,0,14.938709677419356,29.483870967741936,0,0,6.828659139784946,19,7,9.678064516129032,0,0,12,1,,,,,,,,0.0,0.0,0.0,0.0,53.94368183909544,,,,,67.36992851052591
南京,2017,2,32.0603,118.7969,28,6.017857142857143,11.460714285714285,1.2035714285714287,10.257142857142856,2.4035714285714285,-3.6142857142857143,66.5,37.9,1.3535714285714284,8,0,16.84642857142857,32.45,2,3,8.201289285714285,21,5,13.221785714285714,0,0,9,0,,,,,,,,0.0,0.0,0.0,0.0,56.95946477192498,,,,,71.69598840171864
南京,2017,3,32.0603,118.7969,31,9.883870967741935,14.816129032258065,5.348387096774194,9.46774193548387,6.970967741935484,-2.9129032258064513,66.61290322580645,38.6,1.2451612903225806,16,0,17.4741935483871,34.25483870967742,1,2,7.45479229390681,18,7,14.981935483870968,0,0,0,0,,,,,,,,0.0,0.0,0.0,0.0,63.72723960619903,,,,,
南京,2017,4,32.0603,118.7969,30,17.153333333333332,22.06,12.620000000000001,9.44,16.063333333333336,-1.0899999999999999,68.06666666666666,56.0,1.8666666666666667,11,0,16.94,32.88333333333333,0,0,8.493159351851851,19,6,18.997666666666664,0,0,0,0,,,,,,,,0.0,0.0,0.0,0.0,78.10495597169633,,,,,
南京,2017,5,32.0603,118.7969,31,22.038709677419355,26.835483870967742,17.322580645161292,9.512903225806452,22.574193548387097,0.5354838709677417,68.54838709677419,82.3,2.6548387096774193,14,1,16.89677419354839,32.32258064516129,0,2,9.43211693548387,21,5,20.28516129032258,6,0,0,0,,,,,,,,0.0,0.0,0.0,0.0,83.51384025912147,,,,,
南京,2017,6,32.0603,118.7969,30,24.466666666666665,28.42,20.576666666666664,7.843333333333334,26.709999999999997,2.2433333333333327,74.1,128.0,4.266666666666667,17,1,16.483333333333334,33.083333333333336,1,2,9.415630277777778,21,4,19.086666666666666,10,0,0,0,,,,,,,,0.0,0.0,0.0,0.0,79.47783527583715,,,,55.126116595545305,
南京,2017,7,32.0603,118.7969,31,29.558064516129033,33.12903225806452,26.516129032258064,6.612903225806452,34.87419354838709,5.316129032258064,77.70967741935483,181.6,5.858064516129032,17,2,16.383870967741935,33.92258064516129,0,1,9.639699014336918,21,4,19.40064516129032,25,9,0,0,,,,,,,,0.0,0.0,0.0,0.0,66.3941840817919,,,,35.984667345887146,
南京,2017,8,32.0603,118.7969,31,27.55806451612903,30.57741935483871,25.200000000000003,5.377419354838709,32.66129032258065,5.103225806451613,83.7741935483871,299.3,9.654838709677419,25,4,15.506451612903225,32.58064516129032,1,2,7.402127777777777,15,6,14.54483870967742,18,1,0,0,,,,,,,,0.0,0.0,0.0,0.0,69.16450701494072,,,,39.97591055552362,
南京,2017,9,32.0603,118.7969,30,22.83,26.023333333333333,19.98,6.043333333333334,25.276666666666664,2.4466666666666663,83.76666666666667,197.1,6.569999999999999,20,1,15.26,30.216666666666665,0,0,5.519761759259259,11,12,11.358333333333333,0,0,0,0,,,,,,,,0.0,0.0,0.0,0.0,80.34422434403527,,,,,
南京,2017,10,32.0603,118.7969,31,16.583870967741937,19.94193548387097,13.661290322580646,6.280645161290322,16.016129032258064,-0.5677419354838714,79.06451612903226,71.5,2.306451612903226,13,0,15.896774193548387,30.919354838709676,0,0,5.476966218637992,14,11,9.430645161290323,0,0,0,0,,,,,,,,0.0,0.0,0.0,0.0,74.2625009695458,,,,,
南京,2017,11,32.0603,118.7969,30,11.486666666666668,15.873333333333333,7.636666666666667,8.236666666666668,9.139999999999999,-2.3466666666666667,70.56666666666666,8.1,0.26999999999999996,4,0,15.083333333333334,29.58,1,2,7.0729465740740745,17,5,10.174333333333333,0,0,0,0,,,,,,,,0.0,0.0,0.0,0.0,67.53639130545936,,,,,
南京,2017,12,32.0603,118.7969,31,4.82258064516129,9.564516129032258,0.6612903225806451,8.903225806451612,1.2193548387096775,-3.603225806451613,67.61290322580645,13.2,0.4258064516129032,5,0,13.941935483870967,27.18064516129032,0,0,7.375354032258064,20,6,9.209354838709677,0,0,13,0,,,,,,,,0.0,0.0,0.0,0.0,55.595257047075854,,,,,69.29588847648736
南京,2018,1,32.0603,118.7969,31,0.8612903225806453,4.577419354838709,-2.6870967741935483,7.264516129032257,-3.1419354838709674,-4.003225806451613,79.12903225806451,89.8,2.896774193548387,14,1,15.912903225806453,29.538709677419355,0,0,5.418810573476702,12,11,8.306129032258065,0,0,18,9,,,,,,,,0.0,0.0,0.0,0.0,49.68150201380538,,,,,57.43477495127193
南京,2018,2,32.0603,118.7969,28,3.1464285714285714,8.39642857142857,-1.7142857142857142,10.110714285714286,-0.6,-3.7464285714285714,71.28571428571429,39.4,1.407142857142857,9,0,16.95714285714286,31.403571428571432,0,0,6.815166369047619,16,6,11.625714285714285,0,0,15,9,,,,,,,,0.0,0.0,0.0,0.0,53.677496402714404,,,,,62.175514659880164
南京,2018,3,32.0603,118.7969,31,11.580645161290322,17.229032258064517,6.467741935483871,10.761290322580646,9.32258064516129,-2.2580645161290325,75.61290322580645,74.1,2.390322580645161,16,0,17.541935483870965,34.099999999999994,1,3,7.813231899641577,17,4,14.254193548387097,0,0,1,0,,,,,,,,0.0,0.0,0.0,0.0,65.38739779198336,,,,,
南京,2018,4,32.0603,118.7969,30,17.02,22.03666666666667,12.32,9.716666666666667,15.923333333333334,-1.096666666666667,68.96666666666667,61.3,2.0433333333333334,13,0,17.483333333333334,33.93,0,1,8.412096574074074,21,6,16.609666666666666,0,0,0,0,,,,,,,,0.0,0.0,0.0,0.0,76.91698396818778,,,,,
南京,2018,5,32.0603,118.7969,31,21.63225806451613,25.51290322580645,17.983870967741936,7.5290322580645155,23.129032258064516,1.4967741935483871,79.48387096774194,208.1,6.712903225806452,22,2,16.36774193548387,34.751612903225805,1,3,6.039382974910394,15,10,14.520967741935483,3,0,0,0,,,,,,,,0.0,0.0,0.0,0.0,79.94146109198554,,,,,
南京,2018,6,32.0603,118.7969,30,24.876666666666665,28.85,20.986666666666668,7.863333333333333,27.529999999999998,2.6533333333333338,75.83333333333333,78.7,2.6233333333333335,18,1,15.053333333333335,29.39,0,0,8.750045370370371,19,4,18.569333333333336,9,0,0,0,,,,,,,,0.0,0.0,0.0,0.0,79.47836418488967,,,,53.769579810944805,
南京,2018,7,32.0603,118.7969,31,28.73548387096774,32.29677419354839,25.799999999999997,6.496774193548387,34.07096774193548,5.335483870967743,81.41935483870968,121.6,3.92258064516129,24,2,16.270967741935483,33.13870967741936,1,3,9.790548028673834,22,3,19.223870967741938,27,0,0,0,,,,,,,,0.0,0.0,0.0,0.0,67.14041709593154,,,,36.353186598525795,
南京,2018,8,32.0603,118.7969,31,28.40967741935484,31.748387096774195,25.693548387096776,6.054838709677419,33.21935483870968,4.809677419354839,80.64516129032258,223.6,7.212903225806452,22,1,18.112903225806452,35.84193548387096,3,4,9.972405645161292,26,4,18.29774193548387,25,1,0,0,,,,,,,,0.0,0.0,0.0,0.0,67.9761338408628,,,,38.48976926088505,
南京,2018,9,32.0603,118.7969,30,23.716666666666665,27.383333333333333,20.666666666666668,6.716666666666667,26.25,2.533333333333333,78.5,75.5,2.5166666666666666,18,0,14.366666666666667,29.023333333333333,0,0,7.833183703703704,18,5,14.328666666666667,5,0,0,0,,,,,,,,0.0,0.0,0.0,0.0,80.62618884846341,,,,,
南京,2018,10,32.0603,118.7969,31,16.932258064516127,21.674193548387095,12.754838709677419,8.919354838709678,15.72258064516129,-1.2096774193548387,66.03225806451613,15.2,0.49032258064516127,8,0,14.851612903225806,28.809677419354838,0,0,8.712929928315413,22,2,14.102903225806452,0,0,0,0,,,,,,,,0.0,0.0,0.0,0.0,80.19351306392399,,,,,
南京,2018,11,32.0603,118.7969,30,12.056666666666667,16.343333333333334,8.493333333333334,7.85,10.266666666666667,-1.7899999999999998,79.9,62.599999999999994,2.0866666666666664,12,0,14.46,27.783333333333335,0,1,6.201367962962963,13,9,8.966333333333333,0,0,0,0,,,,,,,,0.0,0.0,0.0,0.0,66.46267120476658,,,,,
南京,2018,12,32.0603,118.7969,31,5.270967741935484,8.680645161290323,2.325806451612903,6.354838709677419,1.9161290322580644,-3.3548387096774195,75.38709677419355,83.89999999999999,2.7064516129032254,19,0,15.474193548387097,29.87741935483871,0,0,4.119887455197133,10,17,6.25516129032258,0,0,9,1,,,,,,,,0.0,0.0,0.0,0.0,53.98299281880478,,,,,66.10235075039594
南京,2019,1,32.0603,118.7969,31,3.5161290322580645,7.390322580645161,0.07419354838709677,7.316129032258065,0.02903225806451614,-3.487096774193548,76.29032258064517,53.3,1.7193548387096773,13,0,13.438709677419354,26.429032258064513,0,0,4.864974999999999,12,13,7.7141935483870965,0,0,15,0,,,,,,,,0.0,0.0,0.0,0.0,50.90312191321527,,,,,63.8086294189746
南京,2019,2,32.0603,118.7969,28,4.232142857142857,8.02142857142857,0.7464285714285713,7.2749999999999995,0.7321428571428571,-3.5,78.71428571428571,81.3,2.9035714285714285,17,0,14.953571428571427,28.92142857142857,1,1,3.6264455357142857,5,15,7.616428571428571,0,0,9,0,,,,,,,,0.0,0.0,0.0,0.0,51.122384336850025,,,,,64.49566690615126
南京,2019,3,32.0603,118.7969,31,11.125806451612902,16.177419354838708,6.525806451612904,9.651612903225805,8.574193548387097,-2.551612903225806,68.83870967741936,19.700000000000003,0.6354838709677421,9,0,16.574193548387097,32.461290322580645,1,1,7.974851792114696,23,5,14.63258064516129,0,0,0,0,,,,,,,,0.0,0.0,0.0,0.0,66.12790490159058,,,,,
南京,2019,4,32.0603,118.7969,30,16.43,21.513333333333332,11.8,9.713333333333335,15.526666666666667,-0.9033333333333337,73.26666666666667,60.7,2.0233333333333334,14,0,16.87666666666667,33.07,0,1,6.952018240740741,15,9,15.364333333333333,0,0,0,0,,,,,,,,0.0,0.0,0.0,0.0,76.4942936603344,,,,,
南京,2019,5,32.0603,118.7969,31,21.103225806451615,26.07741935483871,16.270967741935483,9.806451612903226,20.838709677419356,-0.264516129032258,62.193548387096776,83.1,2.6806451612903226,11,2,16.22258064516129,31.46451612903226,0,1,8.642744982078852,21,5,19.11483870967742,3,0,0,0,,,,,,,,0.0,0.0,0.0,0.0,84.87531577042999,,,,,
南京,2019,6,32.0603,118.7969,30,24.696666666666665,28.84333333333333,20.546666666666667,8.296666666666667,27.066666666666666,2.3699999999999997,74.4,101.0,3.3666666666666667,12,1,15.373333333333333,29.746666666666666,1,1,8.265916388888888,19,6,18.280666666666665,9,0,0,0,,,,,,,,0.0,0.0,0.0,0.0,80.47730038884734,,,,54.47990181433918,
南京,2019,7,32.0603,118.7969,31,27.56451612903226,31.112903225806452,24.451612903225808,6.661290322580645,32.28064516129032,4.716129032258064,79.74193548387096,69.2,2.232258064516129,22,0,13.641935483870968,27.351612903225806,0,0,9.531393369175628,22,3,18.745483870967742,19,4,0,0,,,,,,,,0.0,0.0,0.0,0.0,71.18914779622486,,,,42.33802025323367,
南京,2019,8,32.0603,118.7969,31,27.793548387096774,31.612903225806452,24.57741935483871,7.0354838709677425,31.69677419354839,3.9032258064516125,75.80645161290323,95.1,3.0677419354838706,19,1,16.95483870967742,34.777419354838706,1,3,9.897068369175626,23,1,18.826129032258066,25,2,0,0,,,,,,,,0.0,0.0,0.0,0.0,72.39166132276232,,,,41.964181953304205,
南京,2019,9,32.0603,118.7969,30,23.413333333333334,27.42,19.78666666666667,7.633333333333334,25.266666666666666,1.8533333333333337,74.8,52.9,1.7633333333333332,11,0,14.629999999999999,28.873333333333335,0,1,9.086643981481481,21,2,16.073666666666664,2,0,0,0,,,,,,,,0.0,0.0,0.0,0.0,83.12560166778316,,,,,
南京,2019,10,32.0603,118.7969,31,18.26774193548387,22.92258064516129,14.287096774193548,8.635483870967741,17.864516129032257,-0.40322580645161293,70.61290322580645,12.200000000000001,0.39354838709677425,11,0,13.83548387096774,27.322580645161292,0,1,6.928035125448028,17,3,11.919032258064517,1,0,0,0,,,,,,,,0.0,0.0,0.0,0.0,81.22460417871463,,,,,
南京,2019,11,32.0603,118.7969,30,12.666666666666666,17.673333333333336,8.276666666666667,9.396666666666667,10.29,-2.3766666666666665,65.8,34.8,1.16,8,0,16.183333333333334,31.759999999999998,1,3,7.4600532407407405,16,3,10.169,0,0,0,0,,,,,,,,0.0,0.0,0.0,0.0,70.49036652743752,,,,,
南京,2019,12,32.0603,118.7969,31,6.838709677419355,11.32258064516129,2.9193548387096775,8.403225806451612,3.7129032258064516,-3.1258064516129034,74.80645161290323,44.0,1.4193548387096775,12,0,15.093548387096773,29.470967741935485,0,0,6.494101344086022,18,8,8.199677419354838,0,0,6,0,,,,,,,,0.0,0.0,0.0,0.0,56.555852192526295,,,,,71.15633939397283
南京,2020,1,32.0603,118.7969,31,4.809677419354839,7.470967741935484,2.4096774193548387,5.061290322580645,1.5096774193548386,-3.3,81.6774193548387,97.1,3.1322580645161286,20,0,14.996774193548386,29.574193548387097,0,1,2.7786681003584226,4,19,5.416129032258064,0,0,7,0,,,,,,,,0.0,0.0,0.0,0.0,50.14292315996606,,,,,64.87900316689107
南京,2020,2,32.0603,118.7969,29,7.755172413793104,12.955172413793104,3.3793103448275863,9.575862068965517,4.693103448275862,-3.0620689655172413,73.75862068965517,36.0,1.2413793103448276,10,0,16.32758620689655,32.168965517241375,0,1,6.783664942528736,15,7,11.055862068965517,0,0,5,0,,,,,,,,0.0,0.0,0.0,0.0,58.6062221720557,,,,,72.42486446120834
南京,2020,3,32.0603,118.7969,31,11.77741935483871,16.45806451612903,7.145161290322581,9.312903225806451,9.261290322580646,-2.5161290322580645,70.09677419354838,74.7,2.4096774193548387,14,0,18.016129032258064,34.751612903225805,0,1,7.063706362007168,16,7,13.553870967741936,0,0,0,0,,,,,,,,0.0,0.0,0.0,0.0,66.89555528131663,,,,,
南京,2020,4,32.0603,118.7969,30,14.889999999999999,20.613333333333333,9.67,10.943333333333333,12.866666666666667,-2.023333333333334,63.2,36.8,1.2266666666666666,11,0,17.25,34.05,1,1,8.874620648148149,21,4,17.970666666666666,1,0,0,0,,,,,,,,0.0,0.0,0.0,0.0,74.36312704163758,,,,,
南京,2020,5,32.0603,118.7969,31,22.4741935483871,27.280645161290323,17.919354838709676,9.361290322580645,23.15806451612903,0.6838709677419352,69.45161290322581,49.0,1.5806451612903225,12,0,17.838709677419356,35.041935483870965,0,2,8.62184417562724,21,6,18.852903225806454,6,0,0,0,,,,,,,,0.0,0.0,0.0,0.0,84.14051145005672,,,,,
南京,2020,6,32.0603,118.7969,30,25.496666666666666,29.09333333333333,22.096666666666668,6.996666666666666,28.813333333333333,3.316666666666667,80.86666666666666,395.8,13.193333333333333,21,6,17.693333333333335,36.67666666666666,2,2,6.81636287037037,15,9,15.139999999999999,14,0,0,0,,,,,,,,0.0,0.0,0.0,0.0,75.03299860496462,,,,47.680691265324775,
南京,2020,7,32.0603,118.7969,31,25.203225806451613,28.08709677419355,22.664516129032258,5.4225806451612915,29.206451612903226,4.0032258064516135,86.87096774193549,360.0,11.612903225806452,29,7,15.12258064516129,31.361290322580647,0,0,4.6003341397849455,7,13,12.211612903225806,6,0,0,0,,,,,,,,0.0,0.0,0.0,0.0,74.29802676061813,,,,47.88703923882141,
南京,2020,8,32.0603,118.7969,31,28.929032258064513,32.15806451612903,26.10967741935484,6.048387096774194,34.36451612903225,5.435483870967742,80.12903225806451,120.1,3.8741935483870966,19,0,15.970967741935485,31.799999999999997,0,1,9.60419059139785,23,3,17.91548387096774,26,1,0,0,,,,,,,,0.0,0.0,0.0,0.0,67.24361400195406,,,,36.26472452681596,
南京,2020,9,32.0603,118.7969,30,23.19333333333333,27.05666666666667,19.93,7.126666666666667,25.543333333333333,2.35,77.8,98.5,3.283333333333333,16,1,11.726666666666667,24.546666666666667,0,0,8.664703888888889,22,5,15.788333333333332,7,0,0,0,,,,,,,,0.0,0.0,0.0,0.0,82.11967470301778,,,,,
南京,2020,10,32.0603,118.7969,31,16.76774193548387,20.951612903225808,12.990322580645161,7.961290322580646,16.080645161290324,-0.6870967741935483,74.45161290322581,60.199999999999996,1.9419354838709677,12,1,13.86774193548387,27.761290322580646,0,0,7.527932616487455,18,4,12.536451612903226,0,0,0,0,,,,,,,,0.0,0.0,0.0,0.0,78.43035651009663,,,,,
南京,2020,11,32.0603,118.7969,30,12.58,16.606666666666666,9.31,7.296666666666667,10.45,-2.13,72.76666666666667,50.7,1.6900000000000002,12,0,15.346666666666666,31.27,0,2,6.403420277777778,17,9,9.286333333333333,0,0,0,0,,,,,,,,0.0,0.0,0.0,0.0,68.22703343299335,,,,,
南京,2020,12,32.0603,118.7969,31,3.9387096774193546,8.290322580645162,0.3225806451612903,7.967741935483871,0.29677419354838724,-3.6419354838709674,68.48387096774194,16.6,0.535483870967742,8,0,13.874193548387098,27.780645161290323,1,1,6.556293817204302,16,5,8.67483870967742,0,0,14,2,,,,,,,,0.0,0.0,0.0,0.0,54.805036212814066,,,,,66.50722260070908
南京,2021,1,32.0603,118.7969,31,3.7580645161290325,9.05483870967742,-0.4000000000000001,9.45483870967742,-0.20645161290322578,-3.964516129032258,64.03225806451613,29.4,0.9483870967741935,7,0,16.73225806451613,32.73548387096774,0,0,7.049829749103942,19,6,10.067096774193548,0,0,17,5,,,,,,,,0.0,0.0,0.0,0.0,54.17212654508614,,,,,64.1806560244001
南京,2021,2,32.0603,118.7969,28,9.010714285714284,14.242857142857144,4.814285714285715,9.428571428571429,5.8,-3.2107142857142854,71.42857142857143,41.9,1.4964285714285714,9,0,18.599999999999998,35.75714285714286,0,2,7.071109424603175,15,7,11.812857142857142,0,0,2,0,,,,,,,,0.0,0.0,0.0,0.0,60.359698429905386,,,,,74.79337988579744
南京,2021,3,32.0603,118.7969,31,11.438709677419356,15.66451612903226,7.329032258064516,8.33548387096774,9.041935483870969,-2.396774193548387,74.12903225806451,77.8,2.509677419354839,17,0,17.283870967741933,33.16451612903226,0,0,5.816668189964158,14,11,12.584193548387097,0,0,0,0,,,,,,,,0.0,0.0,0.0,0.0,65.14286073750526,,,,,
南京,2021,4,32.0603,118.7969,30,15.646666666666667,20.046666666666667,11.733333333333333,8.313333333333334,14.436666666666667,-1.2100000000000002,72.53333333333333,46.4,1.5466666666666666,16,0,16.220000000000002,32.08,1,2,6.019418981481481,13,12,14.823333333333332,0,0,0,0,,,,,,,,0.0,0.0,0.0,0.0,74.91999460007472,,,,,
南京,2021,5,32.0603,118.7969,31,21.664516129032258,26.177419354838708,17.490322580645163,8.687096774193549,22.693548387096776,1.0290322580645161,74.3225806451613,174.5,5.629032258064516,14,3,16.403225806451612,32.58709677419355,0,2,7.431250985663082,18,8,17.508387096774193,5,0,0,0,,,,,,,,0.0,0.0,0.0,0.0,81.92558410241419,,,,,
南京,2021,6,32.0603,118.7969,30,25.8,30.15,21.753333333333334,8.396666666666667,28.873333333333335,3.073333333333333,75.53333333333333,106.6,3.5533333333333332,14,1,14.44,29.35,0,1,8.326211388888888,16,5,18.320333333333334,18,0,0,0,,,,,,,,0.0,0.0,0.0,0.0,77.53683220295247,,,,48.26009030224969,
南京,2021,7,32.0603,118.7969,31,27.677419354838708,30.65806451612903,25.229032258064517,5.429032258064517,32.20967741935484,4.532258064516129,83.12903225806451,406.6,13.116129032258065,24,7,19.516129032258064,39.670967741935485,4,6,7.381941129032258,17,8,16.06967741935484,20,0,0,0,,,,,,,,0.0,0.0,0.0,0.0,68.61249786644964,,,,39.878109081204144,
南京,2021,8,32.0603,118.7969,31,26.996774193548386,30.45483870967742,24.11935483870968,6.335483870967742,31.690322580645162,4.693548387096774,82.58064516129032,115.3,3.7193548387096773,27,1,13.538709677419355,27.280645161290323,0,0,8.709211111111111,20,4,17.158709677419353,21,0,0,0,,,,,,,,0.0,0.0,0.0,0.0,71.64212664596847,,,,41.8428520848937,
南京,2021,9,32.0603,118.7969,30,25.506666666666668,29.470000000000002,21.973333333333336,7.496666666666667,28.473333333333336,2.9666666666666672,77.5,42.8,1.4266666666666665,14,0,15.906666666666666,31.533333333333335,1,2,9.724839722222221,24,1,17.086333333333336,14,0,0,0,,,,,,,,0.0,0.0,0.0,0.0,77.72723364073977,,,,,
南京,2021,10,32.0603,118.7969,31,18.68064516129032,22.9741935483871,14.941935483870967,8.03225806451613,18.86774193548387,0.18709677419354848,76.2258064516129,87.80000000000001,2.8322580645161293,13,0,15.306451612903226,28.712903225806453,0,2,7.348172043010752,20,6,12.399032258064516,4,0,0,0,,,,,,,,0.0,0.0,0.0,0.0,76.18560340710074,,,,,
南京,2021,11,32.0603,118.7969,30,11.916666666666666,17.196666666666665,7.2733333333333325,9.923333333333334,9.639999999999999,-2.2766666666666664,70.5,35.4,1.18,6,0,16.973333333333333,31.773333333333333,1,2,7.929218333333334,22,5,11.064333333333334,0,0,1,0,,,,,,,,0.0,0.0,0.0,0.0,67.5731008035987,,,,,
南京,2021,12,32.0603,118.7969,31,5.848387096774194,11.33548387096774,1.0258064516129033,10.30967741935484,2.4000000000000004,-3.448387096774194,64.96774193548387,9.1,0.29354838709677417,6,0,14.422580645161291,26.958064516129035,0,0,8.138625089605734,21,3,9.865483870967742,0,0,13,2,,,,,,,,0.0,0.0,0.0,0.0,57.88244870512924,,,,,69.84484640203426
南京,2022,1,32.0603,118.7969,31,4.116129032258065,7.993548387096775,0.7129032258064517,7.280645161290322,0.5419354838709678,-3.574193548387097,76.25806451612904,75.7,2.4419354838709677,11,0,14.929032258064517,28.241935483870968,0,0,4.692208960573477,9,13,7.660967741935484,0,0,11,0,,,,,,,,0.0,0.0,0.0,0.0,51.571852792183954,,,,,65.42087389748947
南京,2022,2,32.0603,118.7969,28,3.9892857142857143,8.125,0.24642857142857144,7.878571428571428,0.325,-3.664285714285714,70.85714285714286,45.1,1.6107142857142858,15,0,15.24642857142857,28.660714285714285,0,0,4.940203075396825,10,11,9.621071428571428,0,0,10,0,,,,,,,,0.0,0.0,0.0,0.0,53.08859788457153,,,,,66.63882355832229
南京,2022,3,32.0603,118.7969,31,12.941935483870967,18.37741935483871,7.993548387096775,10.383870967741935,10.519354838709678,-2.4225806451612906,68.48387096774194,158.5,5.112903225806452,15,4,19.470967741935485,36.52903225806452,2,3,7.557066039426523,21,6,14.397096774193548,1,0,0,0,,,,,,,,0.0,0.0,0.0,0.0,68.67751574611125,,,,,
南京,2022,4,32.0603,118.7969,30,17.01,22.44,11.856666666666666,10.583333333333334,15.723333333333333,-1.2866666666666664,65.23333333333333,99.10000000000001,3.3033333333333337,8,2,16.706666666666667,31.79,0,2,8.506178518518519,20,3,17.866,2,0,0,0,,,,,,,,0.0,0.0,0.0,0.0,79.0257008388696,,,,,
南京,2022,5,32.0603,118.7969,31,20.948387096774194,26.051612903225806,16.135483870967743,9.916129032258064,20.825806451612905,-0.12258064516129012,64.19354838709677,14.7,0.47419354838709676,11,0,16.474193548387095,31.006451612903227,0,0,8.245934050179212,19,5,19.094838709677422,0,0,0,0,,,,,,,,0.0,0.0,0.0,0.0,86.1444795855456,,,,,
南京,2022,6,32.0603,118.7969,30,27.186666666666667,31.973333333333336,22.766666666666666,9.206666666666667,29.96333333333333,2.776666666666666,70.36666666666666,84.3,2.81,17,0,19.376666666666665,36.77333333333333,1,3,9.902561296296296,22,2,20.534333333333333,23,4,0,0,,,,,,,,0.0,0.0,0.0,0.0,75.74428124521596,,,,46.01895394977587,
南京,2022,7,32.0603,118.7969,31,29.480645161290322,33.74516129032258,25.938709677419357,7.806451612903226,34.70322580645161,5.22258064516129,76.35483870967742,210.1,6.77741935483871,23,3,17.448387096774194,34.96451612903226,0,4,10.098297491039427,24,2,20.539354838709677,31,7,0,0,,,,,,,,0.0,0.0,0.0,0.0,67.31260677924098,,,,34.69404958062878,
南京,2022,8,32.0603,118.7969,31,30.596774193548388,34.564516129032256,26.87741935483871,7.687096774193548,35.196774193548386,4.599999999999999,68.03225806451613,64.2,2.070967741935484,16,0,16.24516129032258,31.812903225806455,0,0,9.231904301075268,22,4,18.705806451612904,26,17,0,0,,,,,,,,0.0,0.0,0.0,0.0,68.27222644503615,,,,36.37059514762453,
南京,2022,9,32.0603,118.7969,30,22.94333333333333,26.966666666666665,19.363333333333333,7.6033333333333335,24.326666666666664,1.3833333333333333,74.6,25.8,0.86,11,0,16.36,31.25,0,1,8.436569351851851,18,4,15.684,3,0,0,0,,,,,,,,0.0,0.0,0.0,0.0,83.77824204543593,,,,,
南京,2022,10,32.0603,118.7969,31,16.835483870967742,21.467741935483872,12.861290322580645,8.606451612903227,15.906451612903227,-0.9290322580645158,71.6774193548387,83.0,2.6774193548387095,10,2,16.583870967741937,31.01290322580645,0,1,7.627220430107527,22,7,12.990322580645161,3,2,0,0,,,,,,,,0.0,0.0,0.0,0.0,74.62563976712607,,,,,
南京,2022,11,32.0603,118.7969,30,14.16,18.303333333333335,10.55,7.753333333333333,12.806666666666667,-1.353333333333333,77.13333333333334,58.1,1.9366666666666668,17,0,16.156666666666666,30.016666666666666,1,2,5.642272870370371,13,11,8.733666666666666,0,0,1,0,,,,,,,,0.0,0.0,0.0,0.0,71.1244831631524,,,,,
南京,2022,12,32.0603,118.7969,31,3.1774193548387095,7.548387096774194,-0.7483870967741937,8.296774193548387,-0.6225806451612903,-3.8,66.12903225806451,15.0,0.4838709677419355,7,0,14.283870967741937,26.40967741935484,0,0,6.761715501792115,18,9,8.821612903225807,0,0,20,1,,,,,,,,0.0,0.0,0.0,0.0,53.6580405626536,,,,,64.32577128386198
南京,2023,1,32.0603,118.7969,31,4.087096774193548,9.983870967741936,-0.7290322580645162,10.712903225806452,0.27741935483870966,-3.8096774193548386,66.6774193548387,38.0,1.2258064516129032,7,0,16.580645161290324,31.093548387096774,0,1,7.610754659498208,23,6,10.495483870967742,0,0,19,3,61.34556451612904,90.45712365591399,1462.1841397849464,65.8744623655914,76.87620967741935,16.224462365591396,2.9731182795698925,8.0,11.0,2.0,0.0,55.01272358714347,86.49208836360279,64.45653302008127,13.507911636397214,,70.50682902353037
南京,2023,2,32.0603,118.7969,28,5.714285714285714,9.882142857142856,1.9964285714285714,7.885714285714286,2.2392857142857143,-3.475,72.71428571428571,66.6,2.3785714285714286,13,1,15.757142857142856,29.90357142857143,0,1,5.251923511904762,12,12,9.982857142857142,0,0,9,0,41.93735119047619,62.438244047619044,895.7574404761905,55.970238095238095,48.926339285714285,19.441964285714285,0.5357142857142857,10.0,1.0,0.0,0.0,54.429014333717035,90.08400693963166,65.12551211549142,9.915993060368338,,73.65017846886478
南京,2023,3,32.0603,118.7969,31,12.26774193548387,17.799999999999997,7.4,10.399999999999999,9.47741935483871,-2.7903225806451615,62.645161290322584,68.5,2.2096774193548385,11,0,17.45483870967742,33.54516129032258,0,2,7.126399641577061,20,8,14.222903225806451,0,0,0,0,49.44112903225806,73.46586021505377,797.8185483870968,57.775,53.04744623655914,32.39247311827957,5.256720430107527,6.0,3.0,6.0,0.0,68.45722090150468,88.50876076204567,74.47268285966699,11.49123923795434,,
南京,2023,4,32.0603,118.7969,30,17.06,22.25,12.366666666666667,9.883333333333333,15.419999999999998,-1.6400000000000001,65.6,90.1,3.003333333333333,14,1,19.933333333333334,36.876666666666665,1,1,7.814143518518518,20,8,17.12066666666667,2,0,0,0,42.44611111111111,63.961666666666666,571.3569444444444,51.25277777777777,50.5075,44.56944444444444,8.122222222222222,8.0,0.0,6.0,0.0,76.79297218607417,89.29370325302524,80.54319150615949,10.706296746974763,,
南京,2023,5,32.0603,118.7969,31,21.27741935483871,26.067741935483873,17.029032258064515,9.038709677419355,21.874193548387098,0.5967741935483869,71.25806451612904,158.5,5.112903225806452,17,1,17.86774193548387,34.39032258064516,0,1,7.037433243727599,12,6,17.418064516129032,5,0,0,0,40.756048387096776,59.26424731182796,532.9086021505377,54.86706989247312,46.43978494623656,48.25403225806452,2.120967741935484,11.0,0.0,1.0,0.0,82.96102470266098,89.26966712962363,84.85361743074976,10.730332870376378,,
南京,2023,6,32.0603,118.7969,30,25.009999999999998,29.043333333333333,21.21333333333333,7.829999999999999,27.883333333333333,2.873333333333333,77.2,185.6,6.1866666666666665,19,2,15.82,30.48,0,0,7.240180833333333,17,8,17.270666666666667,14,0,0,0,48.00555555555555,69.25222222222222,715.811111111111,70.49499999999999,58.75819444444445,46.25833333333333,1.3097222222222222,7.0,2.0,1.0,1.0,77.4316506876788,87.36927547096329,80.41293812266416,12.6307245290367,50.3114640672261,
南京,2023,7,32.0603,118.7969,31,28.151612903225807,31.403225806451612,25.674193548387095,5.729032258064516,33.329032258064515,5.17741935483871,83.70967741935483,328.8,10.606451612903227,26,4,17.88064516129032,34.58387096774193,1,2,7.253417293906811,14,4,16.413870967741936,25,0,0,0,35.07069892473118,51.79677419354839,444.9180107526882,44.043145161290326,27.681720430107525,68.28360215053763,2.653225806451613,16.0,0.0,2.0,6.0,68.36914281671852,89.88109404470242,74.82272818511369,10.11890595529758,36.32922178257629,
南京,2023,8,32.0603,118.7969,31,27.509677419354837,31.106451612903225,24.470967741935485,6.635483870967742,32.36129032258064,4.851612903225806,80.61290322580645,123.7,3.990322580645161,17,2,13.903225806451612,27.38064516129032,0,0,9.946929301075269,25,4,19.63290322580645,25,1,0,0,44.13508064516129,67.01639784946236,582.4516129032259,55.718682795698925,33.43884408602151,62.18413978494623,3.193548387096774,12.0,0.0,5.0,4.0,70.3736536996916,88.29109801108085,75.74888699310837,11.708901988919159,40.29460768968191,
南京,2023,9,32.0603,118.7969,30,24.273333333333333,27.790000000000003,21.34333333333333,6.446666666666667,27.37,3.0966666666666662,82.16666666666667,131.7,4.39,17,1,14.08,26.366666666666667,0,0,6.804204074074074,13,8,13.822666666666667,10,0,0,0,37.64888888888889,56.433055555555555,527.6930555555556,54.58972222222222,30.26875,36.1125,0.7291666666666666,15.0,0.0,0.0,0.0,78.13749520756687,90.49474492262833,81.8446701220853,9.50525507737167,,
南京,2023,10,32.0603,118.7969,31,18.683870967741935,23.40967741935484,14.619354838709677,8.790322580645162,18.64516129032258,-0.0387096774193547,73.58064516129032,25.7,0.8290322580645161,5,0,13.22258064516129,24.15806451612903,0,0,8.073645161290322,21,4,13.841935483870968,0,0,0,0,50.47352150537635,76.8502688172043,717.8427419354839,56.34462365591398,37.46465053763441,26.361559139784948,3.0537634408602146,11.0,3.0,2.0,0.0,83.23143258404757,89.07658856559546,84.98497937851192,10.923411434404544,,
南京,2023,11,32.0603,118.7969,30,11.94,17.06,7.53,9.53,9.503333333333334,-2.436666666666667,67.16666666666667,35.300000000000004,1.1766666666666667,9,0,17.353333333333335,31.970000000000002,0,1,7.762675185185185,22,5,11.122666666666667,0,0,0,0,43.43402777777778,64.45083333333334,809.3708333333333,49.038333333333334,43.52194444444444,18.33888888888889,2.9388888888888887,12.0,1.0,3.0,0.0,68.30213770159409,90.48655490219608,74.95746286177469,9.513445097803926,,
南京,2023,12,32.0603,118.7969,31,4.548387096774194,9.40967741935484,0.8258064516129031,8.583870967741936,0.9064516129032258,-3.641935483870968,67.64516129032258,40.4,1.303225806451613,9,0,15.493548387096775,28.822580645161292,0,0,6.7709729390681,18,7,8.886129032258063,0,0,14,4,64.84462365591398,93.34717741935484,1212.2190860215053,50.7380376344086,63.99932795698925,14.649193548387096,1.0040322580645162,8.0,12.0,1.0,0.0,56.10997154692845,87.41618877876897,65.5018367164806,12.583811221231036,,71.48337066876104
南京,2024,1,32.0603,118.7969,31,3.5806451612903225,8.648387096774194,-0.3645161290322581,9.01290322580645,-0.04193548387096774,-3.6225806451612903,74.96774193548387,52.7,1.7000000000000002,8,0,14.829032258064515,27.651612903225807,0,0,6.484481899641577,16,7,9.214193548387096,0,0,20,2,70.1388440860215,103.16129032258064,1216.856182795699,51.379704301075265,58.81290322580645,15.614247311827956,0.8669354838709677,8.0,15.0,0.0,0.0,52.08838379054719,86.78365733275041,62.49696585320815,13.216342667249585,,68.4129328255991
南京,2024,2,32.0603,118.7969,29,4.341379310344828,8.60344827586207,0.5758620689655174,8.027586206896553,0.6103448275862068,-3.731034482758621,77.93103448275862,99.6,3.4344827586206894,18,0,17.779310344827586,32.88965517241379,0,1,4.921299042145594,12,14,9.162758620689656,0,0,18,0,40.788505747126436,61.49913793103448,681.1178160919541,41.26120689655173,30.449856321839082,28.323275862068964,1.978448275862069,16.0,4.0,1.0,0.0,51.94965316994903,91.02908173663646,63.67348173995525,8.970918263363544,,69.01618376283274
南京,2024,3,32.0603,118.7969,31,11.2,16.5258064516129,6.451612903225806,10.074193548387097,8.82258064516129,-2.3774193548387097,71.87096774193549,101.0,3.2580645161290325,12,1,17.84193548387097,32.98064516129032,0,0,7.191756541218639,19,9,14.09032258064516,0,0,3,0,51.11424731182796,80.62782258064516,746.9825268817204,47.40416666666667,35.111827956989245,29.41801075268817,10.201612903225806,4.0,1.0,10.0,0.0,65.2604530542387,89.268359756477,72.46282506491018,10.731640243522998,,
南京,2024,4,32.0603,118.7969,30,17.19,21.596666666666668,13.406666666666666,8.19,16.796666666666667,-0.3933333333333334,78.4,142.5,4.75,19,2,16.506666666666668,30.526666666666664,0,1,5.97598037037037,13,9,14.549000000000001,0,0,0,0,45.37680555555555,69.66083333333333,699.5958333333333,51.63763888888889,31.019999999999996,34.78333333333333,6.566666666666666,8.0,0.0,8.0,0.0,77.5554934043574,89.60663336831242,81.17083539354391,10.393366631687588,,
南京,2024,5,32.0603,118.7969,31,20.874193548387098,25.783870967741933,16.287096774193547,9.496774193548386,21.406451612903226,0.532258064516129,71.80645161290323,92.2,2.9741935483870967,11,1,16.561290322580643,30.770967741935483,1,1,8.889062992831542,23,6,19.763548387096773,4,0,0,0,44.16155913978494,66.79341397849463,629.0954301075268,49.94771505376344,29.163709677419355,51.46236559139785,5.411290322580645,5.0,1.0,3.0,1.0,82.58094851684902,89.1305715672677,84.54583543197461,10.869428432732315,,
南京,2024,6,32.0603,118.7969,30,25.15666666666667,29.096666666666668,21.63,7.466666666666667,27.91,2.753333333333333,75.36666666666666,281.0,9.366666666666667,16,4,15.533333333333333,30.009999999999998,0,1,7.4844599999999994,16,6,17.538999999999998,12,0,0,0,40.357499999999995,59.83833333333334,580.6,50.01263888888889,29.42597222222222,61.788888888888884,2.9652777777777777,13.0,0.0,2.0,3.0,78.88825200286696,89.12450818145385,81.95912885644303,10.875491818546148,51.278972947760316,
南京,2024,7,32.0603,118.7969,31,29.183870967741935,32.36451612903225,26.48709677419355,5.87741935483871,34.225806451612904,5.041935483870968,79.35483870967742,239.1,7.712903225806452,15,3,19.583870967741937,36.619354838709675,0,1,7.391156630824373,15,9,17.06935483870968,26,8,0,0,29.720430107526884,43.34354838709677,387.8508064516129,42.6399193548387,23.324193548387097,69.98252688172043,0.008064516129032254,23.0,0.0,0.0,3.0,66.5105832618455,90.62635202370022,73.74531389040192,9.37364797629978,35.12680577876521,
南京,2024,8,32.0603,118.7969,31,30.074193548387097,34.15806451612904,26.67096774193548,7.487096774193549,35.932258064516134,5.858064516129032,76.06451612903226,162.3,5.235483870967743,24,1,13.958064516129031,27.719354838709677,0,0,10.781362903225807,27,1,20.411935483870966,29,10,0,0,49.34717741935484,72.35793010752688,612.3897849462365,56.93494623655914,31.791129032258063,77.80779569892472,1.185483870967742,5.0,2.0,2.0,9.0,65.75140853142146,86.8957552345567,72.09471254236205,13.104244765443298,33.845205046830685,
南京,2024,9,32.0603,118.7969,30,26.363333333333333,30.13,23.186666666666667,6.943333333333333,29.763333333333332,3.4,78.66666666666667,230.9,7.696666666666667,17,3,19.68,35.82,2,2,9.258655462962963,24,2,16.187,17,1,0,0,32.776805555555555,50.25791666666667,505.5847222222222,47.64888888888889,26.810416666666665,42.69166666666667,0.39166666666666666,19.0,1.0,0.0,1.0,73.76872943713575,91.15356641892575,78.98418053167275,8.846433581074244,,
南京,2024,10,32.0603,118.7969,31,17.51290322580645,21.299999999999997,14.106451612903227,7.193548387096774,17.212903225806453,-0.29999999999999993,78.64516129032258,104.8,3.3806451612903223,17,0,15.774193548387096,29.193548387096776,0,0,6.191288172043011,15,9,11.394516129032258,0,0,0,0,36.508602150537634,56.538709677419355,487.08333333333337,51.348252688172046,27.370967741935484,25.201612903225808,2.6129032258064515,18.0,1.0,3.0,0.0,78.04735489290721,91.38561378814907,82.04883256147977,8.614386211850919,,
南京,2024,11,32.0603,118.7969,30,13.103333333333333,17.186666666666667,9.843333333333334,7.343333333333334,11.44,-1.6633333333333336,73.9,15.200000000000001,0.5066666666666667,9,0,14.636666666666667,30.933333333333334,0,0,6.938370925925926,18,8,9.996,0,0,0,0,47.231944444444444,58.46611111111111,741.1347222222223,51.0375,37.54222222222222,24.18611111111111,3.6694444444444443,15.0,5.0,4.0,0.0,69.604361876475,89.969149407471,75.71379813577379,10.030850592529008,,
南京,2024,12,32.0603,118.7969,31,5.025806451612904,9.600000000000001,1.467741935483871,8.13225806451613,1.864516129032258,-3.161290322580645,68.29032258064517,11.7,0.37741935483870964,5,0,11.129032258064516,25.31935483870968,0,0,7.966005734767025,20,3,9.807096774193548,0,0,13,0,87.57298387096773,90.82701612903226,1270.1922043010754,55.16787634408602,60.190456989247316,18.5510752688172,2.514784946236559,0.0,17.0,1.0,0.0,56.92590696088792,84.82970966266008,65.29704777141957,15.17029033733992,,73.83862005192506
南京,2025,1,32.0603,118.7969,31,4.97741935483871,10.119354838709677,1.0451612903225806,9.074193548387097,1.4967741935483871,-3.480645161290323,62.225806451612904,10.0,0.3225806451612903,6,0,13.0,29.161290322580644,0,0,7.690492741935484,23,5,10.705483870967742,0,0,12,0,92.50927419354838,95.00120967741935,1401.2916666666665,58.190188172043015,61.45860215053764,23.06048387096774,1.8709677419354838,2.0,20.0,1.0,0.0,56.890887526847386,83.77992572472935,64.95759898621198,16.220074275270647,,74.12505499936745
南京,2025,2,32.0603,118.7969,28,5.667857142857143,10.353571428571428,1.5999999999999999,8.753571428571428,2.221428571428571,-3.4464285714285716,61.285714285714285,11.2,0.39999999999999997,10,0,13.603571428571428,31.23928571428571,0,1,7.506116765873016,16,4,12.464285714285714,0,0,8,1,66.88720238095239,71.98005952380953,862.077380952381,42.31279761904762,38.34895833333333,36.086309523809526,7.424107142857143,2.0,11.0,6.0,0.0,57.92012996788144,87.61388956108291,66.82825784584188,12.386110438917097,,75.58277532784504
南京,2025,3,32.0603,118.7969,31,12.093548387096776,17.183870967741935,7.45483870967742,9.729032258064517,9.616129032258065,-2.4774193548387102,64.58064516129032,48.800000000000004,1.574193548387097,10,0,15.874193548387098,36.193548387096776,0,3,7.254927508960574,17,10,14.549354838709677,1,0,0,0,52.29032258064516,64.19663978494624,721.6747311827958,41.083064516129035,29.2505376344086,52.67204301075269,20.108870967741936,4.0,4.0,17.0,1.0,67.91918778339904,88.6445614039235,74.13679986955637,11.355438596076498,,
南京,2025,4,32.0603,118.7969,30,20.05666666666667,26.303333333333335,14.036666666666667,12.266666666666667,18.46333333333333,-1.5933333333333333,49.93333333333333,15.3,0.51,9,0,15.863333333333333,37.016666666666666,0,3,9.716996388888889,24,0,19.66,7,0,0,0,44.48222222222223,57.92986111111111,588.7458333333333,38.52097222222222,26.86111111111111,77.99305555555556,24.3875,10.0,1.0,23.0,5.0,82.85641923144928,88.53157270700696,84.55896527411659,11.468427292993049,,
南京,2025,5,32.0603,118.7969,31,22.738709677419354,27.587096774193547,18.096774193548388,9.490322580645161,22.845161290322583,0.1064516129032256,62.096774193548384,135.6,4.374193548387097,11,2,16.60967741935484,37.92258064516129,0,3,8.779483960573478,21,4,19.062580645161294,10,0,0,0,41.23830645161291,50.16720430107527,548.0416666666667,35.29852150537634,26.0752688172043,86.47043010752687,16.368279569892472,13.0,1.0,13.0,6.0,84.14152053625232,88.75781339520289,85.52640839393747,11.242186604797121,,
南京,2025,6,32.0603,118.7969,30,25.166666666666668,29.003333333333334,22.09,6.913333333333333,28.736666666666668,3.57,81.43333333333334,261.3,8.71,21,3,14.006666666666666,32.74333333333333,0,1,6.378437777777778,12,10,15.754,13,0,0,0,35.697361111111114,38.381388888888885,591.55,42.297916666666666,28.043611111111108,70.18055555555556,4.956944444444445,18.0,0.0,5.0,6.0,75.6070658661835,89.83173978421198,79.87446804159204,10.168260215788024,48.16557014012165,
南京,2025,7,32.0603,118.7969,31,30.580645161290324,35.0258064516129,26.693548387096776,8.332258064516129,35.067741935483866,4.4870967741935495,69.87096774193549,91.69999999999999,2.9580645161290318,21,1,17.080645161290324,40.15483870967742,0,8,11.030388530465949,28,2,20.79612903225806,29,17,0,0,23.398924731182795,24.21451612903226,339.8467741935484,29.699059139784946,22.321908602150536,74.10887096774194,0.39650537634408606,25.0,0.0,0.0,8.0,66.77798255513876,91.99133007822557,74.3419868120648,8.008669921774425,36.25851914532396,
南京,2025,8,32.0603,118.7969,31,30.02258064516129,33.92258064516129,26.703225806451613,7.219354838709677,35.648387096774194,5.6258064516129025,75.3225806451613,147.9,4.770967741935484,23,2,12.103225806451613,30.003225806451614,0,0,9.760730913978493,23,4,18.940322580645162,28,13,0,0,33.97741935483871,34.159946236559136,571.2647849462365,40.94489247311828,28.300940860215054,83.66397849462366,0.022849462365591395,20.0,1.0,0.0,9.0,66.36904319717222,89.48414517760791,73.30357379130292,10.51585482239209,34.341670376942005,
南京,2025,9,32.0603,118.7969,30,25.56,29.086666666666666,22.903333333333332,6.183333333333334,29.716666666666665,4.156666666666666,83.6,294.7,9.823333333333332,25,3,12.033333333333333,29.1,0,0,6.884034722222222,14,5,13.610999999999999,14,0,0,0,39.29833333333333,39.940555555555555,602.4402777777777,47.261944444444445,31.091527777777777,58.40972222222222,0.49861111111111106,13.0,0.0,0.0,3.0,75.07114974883379,89.73365068452776,79.46990002954198,10.266349315472244,,
南京,2025,10,32.0603,118.7969,31,19.57741935483871,23.041935483870965,16.980645161290322,6.061290322580645,20.73548387096774,1.158064516129032,80.83870967741936,68.2,2.2,18,0,13.12258064516129,30.770967741935483,0,2,5.906766756272401,14,8,10.809032258064516,3,0,0,0,38.862768817204305,40.14637096774193,590.5793010752687,48.609005376344086,33.339919354838706,36.27284946236559,1.0362903225806452,15.0,1.0,0.0,0.0,75.4639556093011,90.76032843508028,80.05286745703485,9.239671564919712,,
南京,2025,11,32.0603,118.7969,30,12.063333333333333,16.89,8.19,8.7,10.126666666666667,-1.9366666666666668,70.0,20.4,0.6799999999999999,6,0,12.729999999999999,29.09333333333333,0,1,7.995647407407407,23,5,11.100333333333333,0,0,0,0,59.47166666666667,65.57583333333334,1029.5152777777778,53.58888888888888,44.646249999999995,23.75972222222222,8.244444444444444,6.0,6.0,12.0,0.0,68.60059301295748,88.1804146143898,74.47453949338716,11.819585385610193,,
南京,2025,12,32.0603,118.7969,31,7.374193548387097,11.980645161290322,3.6516129032258067,8.329032258064515,4.241935483870968,-3.132258064516129,69.29032258064517,9.3,0.30000000000000004,5,0,13.667741935483871,30.04516129032258,0,0,7.368921863799283,22,6,9.233548387096775,0,0,2,0,66.7404569892473,69.45793010752688,1205.736559139785,50.527688172043014,50.86263440860215,22.719086021505376,2.403225806451613,4.0,10.0,2.0,0.0,59.177207322007085,87.3690129084386,67.63474899793654,12.630987091561398,,78.31069380587434
厦门,2016,1,24.4798,118.0894,31,12.719354838709679,15.619354838709677,10.587096774193547,5.032258064516129,11.116129032258065,-1.6032258064516127,80.83870967741936,150.8,4.864516129032259,20,1,15.341935483870968,32.07096774193548,0,1,5.538895071684587,10,11,8.315806451612904,0,0,1,0,,,,,,,,0.0,0.0,0.0,0.0,66.92894370226058,,,,,75.18119717336401
厦门,2016,2,24.4798,118.0894,29,12.203448275862069,15.851724137931035,9.162068965517241,6.689655172413793,10.244827586206897,-1.9586206896551726,77.34482758620689,65.3,2.2517241379310344,16,0,15.610344827586207,32.08275862068965,0,0,6.474124425287356,13,8,11.360344827586207,0,0,0,0,,,,,,,,0.0,0.0,0.0,0.0,66.74387510320935,,,,,77.0271055383116
厦门,2016,3,24.4798,118.0894,31,14.548387096774194,18.125806451612902,11.44516129032258,6.680645161290323,13.738709677419354,-0.8096774193548386,81.51612903225806,161.0,5.193548387096774,22,2,14.154838709677419,30.26451612903226,0,1,6.489269892473118,15,11,12.61741935483871,0,0,0,0,,,,,,,,0.0,0.0,0.0,0.0,70.88840154145377,,,,,
厦门,2016,4,24.4798,118.0894,30,20.923333333333336,24.216666666666665,18.493333333333332,5.723333333333333,23.296666666666667,2.3733333333333335,88.96666666666667,151.8,5.0600000000000005,22,1,13.353333333333333,31.296666666666667,0,0,6.5887947222222225,14,7,13.957666666666666,0,0,0,0,,,,,,,,0.0,0.0,0.0,0.0,79.89699916402401,,,,,
厦门,2016,5,24.4798,118.0894,31,24.29032258064516,27.23225806451613,21.919354838709676,5.312903225806452,28.14516129032258,3.854838709677419,87.87096774193549,125.0,4.032258064516129,24,1,14.209677419354838,30.690322580645162,0,0,8.63164283154122,22,3,16.65032258064516,4,0,0,0,,,,,,,,0.0,0.0,0.0,0.0,75.5873374262621,,,,,
厦门,2016,6,24.4798,118.0894,30,27.56,30.303333333333335,25.68,4.623333333333334,33.63666666666667,6.076666666666667,89.4,218.1,7.27,25,1,14.543333333333333,32.01,0,2,9.122441203703705,24,4,18.092,20,0,0,0,,,,,,,,0.0,0.0,0.0,0.0,66.19605253642156,,,,37.66148799094437,
厦门,2016,7,24.4798,118.0894,31,28.483870967741936,31.551612903225806,26.06451612903226,5.487096774193549,34.45483870967742,5.970967741935484,85.03225806451613,210.3,6.783870967741936,22,1,15.864516129032259,33.37419354838709,0,1,11.127243369175627,26,1,21.17096774193548,26,1,0,0,,,,,,,,0.0,0.0,0.0,0.0,65.09866266862291,,,,36.14638476107073,
厦门,2016,8,24.4798,118.0894,31,27.580645161290324,30.274193548387096,25.532258064516128,4.741935483870968,33.50967741935484,5.929032258064517,87.25806451612904,313.4,10.109677419354838,27,2,12.116129032258065,26.561290322580643,0,1,9.383938440860215,25,3,16.585806451612903,18,0,0,0,,,,,,,,0.0,0.0,0.0,0.0,67.52661274480818,,,,39.23872527690582,
厦门,2016,9,24.4798,118.0894,30,26.35,29.033333333333335,24.423333333333336,4.61,30.433333333333334,4.083333333333333,83.8,289.2,9.639999999999999,22,3,17.470000000000002,37.20666666666667,4,4,8.543421296296296,20,3,14.611333333333333,5,0,0,0,,,,,,,,0.0,0.0,0.0,0.0,72.13841068610692,,,,,
厦门,2016,10,24.4798,118.0894,31,24.796774193548387,27.46451612903226,22.958064516129035,4.506451612903225,27.748387096774195,2.9516129032258065,83.54838709677419,185.20000000000002,5.974193548387097,21,3,19.129032258064516,37.28064516129032,1,9,6.903338978494624,14,5,11.578709677419354,1,0,0,0,,,,,,,,0.0,0.0,0.0,0.0,76.30740479299067,,,,,
厦门,2016,11,24.4798,118.0894,30,19.87,23.2,17.283333333333335,5.916666666666667,20.163333333333334,0.2933333333333335,77.73333333333333,102.39999999999999,3.413333333333333,13,2,16.973333333333333,34.00333333333334,0,2,8.101154166666667,20,3,11.237666666666666,0,0,0,0,,,,,,,,0.0,0.0,0.0,0.0,81.54254903469791,,,,,
厦门,2016,12,24.4798,118.0894,31,16.293548387096774,20.070967741935487,13.019354838709678,7.051612903225807,15.067741935483872,-1.2258064516129037,74.64516129032258,49.6,1.6,6,0,17.67096774193548,34.62903225806452,0,0,8.736069086021507,24,0,11.778387096774193,0,0,0,0,,,,,,,,0.0,0.0,0.0,0.0,76.22824374236309,,,,,82.2320932465774
厦门,2017,1,24.4798,118.0894,31,15.593548387096773,19.816129032258065,12.509677419354839,7.306451612903226,13.406451612903227,-2.1870967741935488,69.58064516129032,21.6,0.6967741935483871,9,0,23.470967741935485,41.17741935483871,4,6,8.220089157706093,20,4,11.998387096774193,0,0,0,0,,,,,,,,0.0,0.0,0.0,0.0,74.60907694593072,,,,,81.66587980854969
厦门,2017,2,24.4798,118.0894,28,14.146428571428572,18.771428571428572,10.928571428571429,7.8428571428571425,11.432142857142859,-2.7142857142857144,65.96428571428571,140.70000000000002,5.025,11,1,24.832142857142856,44.69642857142857,7,10,8.39540873015873,18,4,14.906071428571428,0,0,0,0,,,,,,,,0.0,0.0,0.0,0.0,70.33412561842285,,,,,79.94656452913348
厦门,2017,3,24.4798,118.0894,31,15.841935483870968,19.438709677419357,13.087096774193547,6.3516129032258055,14.774193548387096,-1.0677419354838709,77.45161290322581,82.7,2.667741935483871,22,0,20.27741935483871,37.09032258064516,3,3,7.158371684587814,16,8,14.510967741935483,0,0,0,0,,,,,,,,0.0,0.0,0.0,0.0,73.74361686101476,,,,,
厦门,2017,4,24.4798,118.0894,30,21.03666666666667,25.240000000000002,17.526666666666664,7.713333333333334,21.89,0.8533333333333334,75.76666666666667,87.5,2.9166666666666665,19,0,21.976666666666667,40.37,1,4,9.562945833333334,25,4,19.415666666666667,2,0,0,0,,,,,,,,0.0,0.0,0.0,0.0,79.66765390599488,,,,,
厦门,2017,5,24.4798,118.0894,31,24.4,27.86774193548387,21.69677419354839,6.170967741935484,27.0258064516129,2.6258064516129034,78.45161290322581,143.2,4.619354838709677,20,2,20.516129032258064,38.5258064516129,1,1,9.66689041218638,24,2,18.98677419354839,5,0,0,0,,,,,,,,0.0,0.0,0.0,0.0,78.65819265553667,,,,,
厦门,2017,6,24.4798,118.0894,30,26.663333333333334,29.186666666666667,24.790000000000003,4.3966666666666665,31.32,4.656666666666666,87.16666666666667,369.2,12.306666666666667,29,3,20.733333333333334,40.45333333333333,0,5,7.397505185185185,16,10,15.765666666666668,15,0,0,0,,,,,,,,0.0,0.0,0.0,0.0,68.82282710325548,,,,42.2649222575062,
厦门,2017,7,24.4798,118.0894,31,28.674193548387095,31.63225806451613,26.296774193548387,5.3354838709677415,34.067741935483866,5.393548387096774,81.16129032258064,293.9,9.480645161290322,25,2,20.467741935483872,40.722580645161294,3,3,11.039726344086022,27,3,21.293225806451613,23,2,0,0,,,,,,,,0.0,0.0,0.0,0.0,65.05707138219434,,,,37.95267946312538,
厦门,2017,8,24.4798,118.0894,31,29.32903225806452,32.76451612903226,26.76451612903226,6.0,34.70645161290323,5.377419354838709,79.45161290322581,102.7,3.3129032258064517,20,1,21.419354838709676,40.9741935483871,2,4,11.0084561827957,28,1,21.161612903225805,27,5,0,0,,,,,,,,0.0,0.0,0.0,0.0,65.25969686086843,,,,35.903549367474156,
厦门,2017,9,24.4798,118.0894,30,29.09,32.940000000000005,26.34,6.6,33.46,4.370000000000001,73.53333333333333,49.4,1.6466666666666667,16,0,21.10666666666667,40.54333333333333,4,6,11.116470185185186,29,0,19.307333333333336,29,3,0,0,,,,,,,,0.0,0.0,0.0,0.0,69.02132276380466,,,,,
厦门,2017,10,24.4798,118.0894,31,25.858064516129033,30.299999999999997,22.783870967741933,7.516129032258065,25.974193548387095,0.11612903225806376,60.354838709677416,26.599999999999998,0.8580645161290322,10,0,29.9,52.59032258064516,19,20,9.218273387096774,25,2,15.256129032258064,13,4,0,0,,,,,,,,0.0,0.0,0.0,0.0,80.88027388956529,,,,,
厦门,2017,11,24.4798,118.0894,30,20.563333333333333,24.276666666666664,17.883333333333333,6.3933333333333335,19.793333333333333,-0.7699999999999999,68.7,41.7,1.3900000000000001,12,0,25.183333333333334,43.59666666666667,9,10,7.006338148148148,16,6,10.595,0,0,0,0,,,,,,,,0.0,0.0,0.0,0.0,83.13664817083499,,,,,
厦门,2017,12,24.4798,118.0894,31,15.848387096774195,20.65806451612903,12.46774193548387,8.190322580645162,12.46774193548387,-3.3806451612903223,54.70967741935484,4.2,0.13548387096774195,2,0,26.738709677419354,46.403225806451616,9,11,8.638782078853048,24,2,12.320645161290322,0,0,0,0,,,,,,,,0.0,0.0,0.0,0.0,75.03415341621502,,,,,82.84572865945557
厦门,2018,1,24.4798,118.0894,31,13.803225806451612,17.470967741935485,11.006451612903225,6.464516129032258,11.383870967741935,-2.4193548387096775,71.96774193548387,140.7,4.538709677419354,14,3,22.84193548387097,39.9741935483871,3,3,6.678842741935483,18,10,10.839677419354839,0,0,0,0,,,,,,,,0.0,0.0,0.0,0.0,69.10450032386032,,,,,78.35945443505182
厦门,2018,2,24.4798,118.0894,28,13.046428571428573,17.12857142857143,10.242857142857144,6.885714285714286,10.475,-2.5714285714285716,68.10714285714286,31.700000000000003,1.1321428571428573,9,0,21.514285714285712,38.67857142857143,1,2,8.05444623015873,20,5,13.583214285714286,0,0,0,0,,,,,,,,0.0,0.0,0.0,0.0,69.69314296016954,,,,,80.08106285198312
厦门,2018,3,24.4798,118.0894,31,17.73548387096774,22.480645161290322,14.025806451612903,8.45483870967742,17.151612903225807,-0.583870967741936,72.83870967741936,47.2,1.5225806451612904,12,0,22.719354838709677,42.70322580645161,5,7,9.404244444444444,26,4,17.53451612903226,0,0,0,0,,,,,,,,0.0,0.0,0.0,0.0,78.26999052831654,,,,,
厦门,2018,4,24.4798,118.0894,30,22.186666666666667,26.833333333333332,18.42,8.413333333333334,22.86,0.6733333333333338,70.0,35.300000000000004,1.1766666666666667,15,0,23.926666666666666,43.93333333333333,5,6,9.455877222222222,24,1,18.320666666666668,2,0,0,0,,,,,,,,0.0,0.0,0.0,0.0,82.90139535665152,,,,,
厦门,2018,5,24.4798,118.0894,31,27.14516129032258,31.15806451612903,23.870967741935484,7.2870967741935475,30.270967741935483,3.1258064516129034,72.6774193548387,65.19999999999999,2.1032258064516127,16,0,24.4,46.31290322580645,4,8,10.855869623655915,28,0,20.85451612903226,22,1,0,0,,,,,,,,0.0,0.0,0.0,0.0,73.58735740182782,,,,,
厦门,2018,6,24.4798,118.0894,30,27.366666666666667,30.486666666666668,25.026666666666664,5.46,31.043333333333333,3.6766666666666667,77.73333333333333,150.4,5.013333333333334,22,1,23.11,42.15333333333333,3,5,8.183869166666666,18,5,18.016333333333332,20,0,0,0,,,,,,,,0.0,0.0,0.0,0.0,71.54389509600817,,,,42.91082327536929,
厦门,2018,7,24.4798,118.0894,31,30.029032258064515,33.78064516129032,27.080645161290324,6.699999999999999,34.599999999999994,4.570967741935483,71.6774193548387,56.1,1.8096774193548388,29,0,22.364516129032257,44.20967741935484,3,5,10.928781541218639,28,0,21.033548387096772,31,6,0,0,,,,,,,,0.0,0.0,0.0,0.0,67.27456550431899,,,,35.848312105101186,
厦门,2018,8,24.4798,118.0894,31,28.66774193548387,31.55483870967742,26.416129032258063,5.138709677419355,34.093548387096774,5.425806451612903,80.45161290322581,345.9,11.158064516129032,28,5,17.432258064516127,34.71290322580645,0,0,8.682068637992831,23,5,17.72967741935484,21,3,0,0,,,,,,,,0.0,0.0,0.0,0.0,66.84961579689056,,,,37.51748695980546,
厦门,2018,9,24.4798,118.0894,30,27.373333333333335,30.959999999999997,24.65,6.3100000000000005,31.18,3.8066666666666666,76.03333333333333,150.9,5.03,17,1,21.14333333333333,39.586666666666666,2,4,10.364285092592592,28,2,19.359666666666666,25,0,0,0,,,,,,,,0.0,0.0,0.0,0.0,72.11584845173071,,,,,
厦门,2018,10,24.4798,118.0894,31,23.38064516129032,27.690322580645162,20.070967741935487,7.619354838709678,23.05483870967742,-0.3258064516129033,61.806451612903224,20.0,0.6451612903225806,12,0,24.480645161290322,43.68709677419355,8,9,9.210374551971325,23,1,16.169677419354837,8,0,0,0,,,,,,,,0.0,0.0,0.0,0.0,85.42498172791326,,,,,
厦门,2018,11,24.4798,118.0894,30,20.4,24.02,17.736666666666668,6.283333333333333,20.716666666666665,0.3166666666666665,76.9,129.9,4.33,16,2,20.09,36.13333333333333,4,4,7.608636111111111,20,5,11.581999999999999,0,0,0,0,,,,,,,,0.0,0.0,0.0,0.0,82.64856635031332,,,,,
厦门,2018,12,24.4798,118.0894,31,17.10967741935484,20.82903225806452,14.135483870967741,6.693548387096774,15.519354838709678,-1.5903225806451615,70.29032258064517,45.9,1.4806451612903226,12,0,22.393548387096775,39.5516129032258,5,7,7.402406451612904,20,6,11.027096774193547,0,0,0,0,,,,,,,,0.0,0.0,0.0,0.0,77.11673250268734,,,,,81.99503513508455
厦门,2019,1,24.4798,118.0894,31,15.135483870967741,19.5,11.896774193548387,7.603225806451612,13.229032258064516,-1.906451612903226,72.6774193548387,20.1,0.6483870967741936,13,0,22.393548387096775,39.37419354838709,2,3,8.597919982078853,24,3,12.367741935483872,0,0,0,0,,,,,,,,0.0,0.0,0.0,0.0,73.0647114900575,,,,,81.1229028793951
厦门,2019,2,24.4798,118.0894,28,15.771428571428572,19.90357142857143,12.725,7.178571428571429,14.282142857142857,-1.4892857142857143,75.89285714285714,43.4,1.55,17,0,22.321428571428573,40.332142857142856,2,4,7.484360615079366,17,4,12.748928571428573,0,0,0,0,,,,,,,,0.0,0.0,0.0,0.0,73.91002400448524,,,,,80.1090632372403
厦门,2019,3,24.4798,118.0894,31,16.88064516129032,20.683870967741935,13.896774193548387,6.7870967741935475,16.338709677419356,-0.5419354838709673,80.93548387096774,163.20000000000002,5.264516129032258,19,2,21.538709677419355,38.829032258064515,2,3,7.517356810035842,17,7,14.492258064516129,0,0,0,0,,,,,,,,0.0,0.0,0.0,0.0,75.06177750219933,,,,,
厦门,2019,4,24.4798,118.0894,30,21.563333333333333,25.413333333333334,18.5,6.913333333333333,23.183333333333334,1.6200000000000003,81.46666666666667,110.0,3.6666666666666665,17,1,20.563333333333333,39.04666666666667,1,2,8.843601018518518,20,3,17.494666666666667,4,0,0,0,,,,,,,,0.0,0.0,0.0,0.0,78.93105018193498,,,,,
厦门,2019,5,24.4798,118.0894,31,23.374193548387098,26.43548387096774,20.73225806451613,5.703225806451614,25.56451612903226,2.190322580645162,78.70967741935483,142.4,4.593548387096774,25,1,19.741935483870968,37.29677419354839,1,1,7.788535573476703,17,4,16.82677419354839,5,0,0,0,,,,,,,,0.0,0.0,0.0,0.0,79.53918176262536,,,,,
厦门,2019,6,24.4798,118.0894,30,26.73,29.206666666666667,24.726666666666667,4.48,31.616666666666667,4.886666666666667,87.36666666666666,228.4,7.613333333333333,29,4,18.916666666666668,38.01,0,0,7.236979444444445,16,9,16.211,12,0,0,0,,,,,,,,0.0,0.0,0.0,0.0,69.10500931035592,,,,42.8706886471117,
厦门,2019,7,24.4798,118.0894,31,28.700000000000003,31.4,26.683870967741935,4.716129032258065,34.4741935483871,5.774193548387096,84.83870967741936,150.7,4.861290322580645,29,0,19.94193548387097,39.18064516129032,0,4,10.076737096774194,23,1,20.155161290322578,25,1,0,0,,,,,,,,0.0,0.0,0.0,0.0,65.21002326188763,,,,35.73152982984565,
厦门,2019,8,24.4798,118.0894,31,29.219354838709677,32.36129032258064,26.838709677419356,5.522580645161291,34.49032258064516,5.2709677419354835,80.09677419354838,183.9,5.932258064516129,28,1,21.83225806451613,42.46451612903226,3,3,10.667964336917564,26,1,20.233225806451614,24,6,0,0,,,,,,,,0.0,0.0,0.0,0.0,65.42136270014282,,,,36.877263497249935,
厦门,2019,9,24.4798,118.0894,30,27.96333333333333,31.996666666666666,24.703333333333333,7.293333333333333,30.916666666666668,2.953333333333333,67.8,39.3,1.3099999999999998,18,0,21.666666666666668,40.376666666666665,3,5,11.522336851851852,29,0,20.849333333333334,29,1,0,0,,,,,,,,0.0,0.0,0.0,0.0,73.47226542801576,,,,,
厦门,2019,10,24.4798,118.0894,31,25.296774193548387,29.906451612903226,22.190322580645162,7.716129032258064,25.851612903225806,0.5548387096774197,62.806451612903224,9.6,0.3096774193548387,9,0,26.98709677419355,47.84838709677419,12,15,10.533495519713261,29,0,17.05806451612903,13,2,0,0,,,,,,,,0.0,0.0,0.0,0.0,82.33663085402056,,,,,
厦门,2019,11,24.4798,118.0894,30,20.89,26.25,16.99,9.26,19.133333333333333,-1.7566666666666668,58.333333333333336,0.4,0.013333333333333334,1,0,28.15666666666667,49.24,16,18,9.665389259259259,28,0,15.552,0,0,0,0,,,,,,,,0.0,0.0,0.0,0.0,86.01017078321247,,,,,
厦门,2019,12,24.4798,118.0894,31,16.34516129032258,20.96451612903226,12.96774193548387,7.996774193548387,14.480645161290322,-1.864516129032258,67.51612903225806,60.800000000000004,1.9612903225806453,10,0,23.270967741935483,40.880645161290325,5,6,8.354365770609318,23,3,12.34,0,0,0,0,,,,,,,,0.0,0.0,0.0,0.0,75.98249211669862,,,,,82.14941700184912
厦门,2020,1,24.4798,118.0894,31,15.251612903225807,19.358064516129033,12.100000000000001,7.258064516129032,13.829032258064515,-1.4225806451612903,74.64516129032258,40.4,1.303225806451613,10,1,20.36774193548387,36.16129032258065,1,2,8.98793817204301,23,1,13.154838709677419,0,0,0,0,,,,,,,,0.0,0.0,0.0,0.0,73.9951330343127,,,,,81.3311854828048
厦门,2020,2,24.4798,118.0894,29,15.258620689655173,19.803448275862067,11.986206896551725,7.817241379310345,13.831034482758621,-1.4275862068965517,73.82758620689656,60.1,2.0724137931034483,12,0,20.79310344827586,38.810344827586206,4,5,8.601469636015326,22,4,14.491724137931033,0,0,0,0,,,,,,,,0.0,0.0,0.0,0.0,73.15535660422826,,,,,81.0636181927509
厦门,2020,3,24.4798,118.0894,31,17.95483870967742,21.751612903225805,14.86774193548387,6.883870967741935,17.42258064516129,-0.5322580645161288,76.29032258064517,54.6,1.761290322580645,19,0,21.738709677419354,38.774193548387096,4,4,7.6968805555555555,20,6,14.674193548387096,0,0,0,0,,,,,,,,0.0,0.0,0.0,0.0,78.45897554166591,,,,,
厦门,2020,4,24.4798,118.0894,30,19.3,23.853333333333335,15.613333333333333,8.24,18.616666666666667,-0.6833333333333331,67.96666666666667,49.800000000000004,1.6600000000000001,14,0,23.96333333333333,43.49,4,6,9.741276388888888,24,2,19.958333333333332,0,0,0,0,,,,,,,,0.0,0.0,0.0,0.0,81.1644886616421,,,,,
厦门,2020,5,24.4798,118.0894,31,25.506451612903227,28.76774193548387,22.870967741935484,5.896774193548388,28.94193548387097,3.435483870967742,81.51612903225806,135.4,4.367741935483871,23,1,21.809677419354838,41.20322580645161,2,6,8.820240322580647,21,3,18.184516129032257,10,0,0,0,,,,,,,,0.0,0.0,0.0,0.0,75.20528421115552,,,,,
厦门,2020,6,24.4798,118.0894,30,28.91,32.483333333333334,26.376666666666665,6.1066666666666665,33.54666666666667,4.636666666666668,79.86666666666666,127.5,4.25,23,2,26.436666666666667,49.580000000000005,9,16,10.178985648148148,24,4,20.859333333333332,24,7,0,0,,,,,,,,0.0,0.0,0.0,0.0,65.65991617396031,,,,37.825478061166606,
厦门,2020,7,24.4798,118.0894,31,30.5258064516129,34.71612903225807,27.419354838709676,7.296774193548386,34.88709677419355,4.361290322580645,71.70967741935483,23.6,0.7612903225806452,26,0,27.82903225806452,51.91935483870968,14,19,11.53160940860215,28,1,22.801935483870967,31,13,0,0,,,,,,,,0.0,0.0,0.0,0.0,65.29478800966525,,,,35.3947624629993,
厦门,2020,8,24.4798,118.0894,31,29.029032258064515,32.40967741935484,26.503225806451614,5.906451612903226,34.23870967741936,5.209677419354839,78.83870967741936,168.1,5.422580645161291,29,2,22.009677419354837,41.84193548387096,2,4,10.613885842293906,27,2,20.855806451612903,26,4,0,0,,,,,,,,0.0,0.0,0.0,0.0,66.01992256309303,,,,36.82005292499044,
厦门,2020,9,24.4798,118.0894,30,27.15,30.35666666666667,24.726666666666667,5.629999999999999,30.933333333333334,3.7833333333333337,76.13333333333334,179.4,5.98,21,1,19.013333333333332,35.81666666666667,0,0,9.519564907407407,23,1,17.405666666666665,15,2,0,0,,,,,,,,0.0,0.0,0.0,0.0,73.50524964858802,,,,,
厦门,2020,10,24.4798,118.0894,31,24.593548387096774,29.429032258064513,21.270967741935483,8.158064516129032,23.419354838709676,-1.1741935483870969,56.29032258064516,0.4,0.012903225806451613,2,0,30.25483870967742,53.13870967741936,18,22,9.651638440860214,25,1,16.65258064516129,16,0,0,0,,,,,,,,0.0,0.0,0.0,0.0,85.55985692951556,,,,,
厦门,2020,11,24.4798,118.0894,30,22.290000000000003,27.08,18.833333333333332,8.246666666666666,20.983333333333334,-1.3066666666666664,60.333333333333336,24.4,0.8133333333333332,9,0,28.93,50.75,12,18,8.762117962962964,21,1,13.602,2,0,0,0,,,,,,,,0.0,0.0,0.0,0.0,85.71074600154982,,,,,
厦门,2020,12,24.4798,118.0894,31,16.451612903225808,20.425806451612903,13.638709677419355,6.787096774193548,13.812903225806451,-2.6387096774193552,63.516129032258064,34.1,1.1,11,0,25.69677419354839,44.65806451612904,5,7,8.335345698924732,24,3,11.778064516129032,0,0,0,0,,,,,,,,0.0,0.0,0.0,0.0,76.61513652054025,,,,,82.83960525112806
厦门,2021,1,24.4798,118.0894,31,13.251612903225807,18.661290322580644,8.848387096774195,9.812903225806451,10.167741935483871,-3.0838709677419356,60.67741935483871,4.6,0.14838709677419354,3,0,24.9741935483871,44.096774193548384,7,7,9.783247043010753,29,1,15.13516129032258,0,0,0,0,,,,,,,,0.0,0.0,0.0,0.0,69.78413785808296,,,,,81.77444285358919
厦门,2021,2,24.4798,118.0894,28,16.7,21.74642857142857,13.021428571428572,8.725,15.278571428571428,-1.421428571428571,70.75,52.0,1.8571428571428572,7,1,23.20357142857143,41.725,6,8,9.604173908730159,24,1,16.31357142857143,0,0,0,0,,,,,,,,0.0,0.0,0.0,0.0,76.7813376179452,,,,,83.33732671152146
厦门,2021,3,24.4798,118.0894,31,18.26451612903226,22.54516129032258,15.09032258064516,7.45483870967742,17.68064516129032,-0.5838709677419353,74.38709677419355,43.9,1.4161290322580644,14,0,23.019354838709678,42.63225806451613,3,6,9.409537903225806,25,1,17.62451612903226,1,0,0,0,,,,,,,,0.0,0.0,0.0,0.0,78.92857121718079,,,,,
厦门,2021,4,24.4798,118.0894,30,21.27,25.506666666666668,18.146666666666665,7.36,20.92,-0.3499999999999997,67.53333333333333,79.3,2.643333333333333,14,1,25.633333333333333,46.586666666666666,10,12,9.428372592592591,23,2,18.180999999999997,1,0,0,0,,,,,,,,0.0,0.0,0.0,0.0,83.22831970299076,,,,,
厦门,2021,5,24.4798,118.0894,31,26.190322580645162,29.606451612903225,23.351612903225806,6.254838709677419,30.019354838709678,3.8290322580645157,82.2258064516129,103.3,3.332258064516129,21,0,23.15806451612903,42.538709677419355,3,6,9.143823476702508,24,3,19.024838709677418,16,0,0,0,,,,,,,,0.0,0.0,0.0,0.0,72.59696065750619,,,,,
厦门,2021,6,24.4798,118.0894,30,27.836666666666666,30.723333333333336,25.540000000000003,5.183333333333334,32.54666666666667,4.71,82.3,179.1,5.97,28,2,21.303333333333335,40.419999999999995,0,3,8.810104444444445,18,2,18.65,17,5,0,0,,,,,,,,0.0,0.0,0.0,0.0,69.17786946099196,,,,41.057923010666556,
厦门,2021,7,24.4798,118.0894,31,29.706451612903226,33.400000000000006,26.929032258064513,6.4709677419354845,34.68709677419355,4.9806451612903215,75.29032258064517,59.6,1.9225806451612903,28,0,23.14516129032258,43.270967741935486,3,6,11.68383234767025,27,0,22.81709677419355,31,5,0,0,,,,,,,,0.0,0.0,0.0,0.0,65.78393158103384,,,,35.539235174565896,
厦门,2021,8,24.4798,118.0894,31,28.519354838709678,31.30322580645161,26.438709677419357,4.864516129032259,34.019354838709674,5.5,82.83870967741936,226.6,7.309677419354839,27,2,19.822580645161292,37.0516129032258,2,2,10.145433422939067,28,2,20.031612903225806,26,0,0,0,,,,,,,,0.0,0.0,0.0,0.0,66.13965225122789,,,,36.45406899596804,
厦门,2021,9,24.4798,118.0894,30,29.290000000000003,33.346666666666664,26.083333333333332,7.263333333333334,33.97,4.680000000000001,72.73333333333333,40.5,1.35,21,0,19.883333333333333,38.81666666666667,0,1,11.723092407407409,30,0,21.297,30,3,0,0,,,,,,,,0.0,0.0,0.0,0.0,68.34823111109769,,,,,
厦门,2021,10,24.4798,118.0894,31,25.948387096774194,30.193548387096776,22.951612903225808,7.241935483870968,26.383870967741935,0.4354838709677415,63.74193548387097,36.6,1.1806451612903226,14,0,28.458064516129035,49.29354838709677,10,13,8.428160931899642,22,2,14.640645161290323,17,2,0,0,,,,,,,,0.0,0.0,0.0,0.0,80.90028967331124,,,,,
厦门,2021,11,24.4798,118.0894,30,20.433333333333334,25.25,16.529999999999998,8.72,19.31,-1.1233333333333335,62.03333333333333,12.100000000000001,0.4033333333333334,8,0,25.043333333333333,42.18,5,6,8.820143888888888,23,2,13.827,1,0,0,0,,,,,,,,0.0,0.0,0.0,0.0,84.91990673449416,,,,,
厦门,2021,12,24.4798,118.0894,31,16.31935483870968,21.083870967741937,12.754838709677419,8.329032258064515,13.625806451612902,-2.693548387096774,61.61290322580645,44.800000000000004,1.4451612903225808,7,1,26.506451612903227,44.23548387096774,12,12,8.4449270609319,23,3,12.626451612903226,0,0,0,0,,,,,,,,0.0,0.0,0.0,0.0,76.12976500630037,,,,,82.83651487738152
厦门,2022,1,24.4798,118.0894,31,14.654838709677419,18.654838709677417,11.638709677419355,7.016129032258065,12.348387096774195,-2.306451612903226,72.0,84.3,2.7193548387096773,11,1,24.34193548387097,41.28709677419355,6,6,8.353177956989247,21,2,12.393870967741934,0,0,0,0,,,,,,,,0.0,0.0,0.0,0.0,72.1347831567181,,,,,80.22595931702128
厦门,2022,2,24.4798,118.0894,28,12.478571428571428,16.032142857142855,10.021428571428572,6.010714285714286,9.975,-2.5035714285714286,78.96428571428571,182.4,6.514285714285714,15,2,23.65357142857143,39.80357142857143,2,2,6.155840575396825,15,11,11.768214285714285,0,0,0,0,,,,,,,,0.0,0.0,0.0,0.0,64.39590097332169,,,,,75.12340144497234
厦门,2022,3,24.4798,118.0894,31,18.096774193548388,22.570967741935487,14.687096774193549,7.883870967741935,18.003225806451614,-0.09354838709677381,79.0,123.0,3.967741935483871,17,0,21.45483870967742,38.41290322580645,2,3,7.850816756272401,20,6,15.616451612903226,0,0,0,0,,,,,,,,0.0,0.0,0.0,0.0,77.88327240974378,,,,,
厦门,2022,4,24.4798,118.0894,30,20.66,25.029999999999998,17.13,7.9,20.90666666666667,0.2466666666666663,72.36666666666666,61.4,2.0466666666666664,16,1,23.253333333333334,40.93666666666666,4,6,9.426776574074074,25,3,19.685,3,0,0,0,,,,,,,,0.0,0.0,0.0,0.0,79.67407553014432,,,,,
厦门,2022,5,24.4798,118.0894,31,21.916129032258063,24.793548387096774,19.467741935483872,5.325806451612903,23.496774193548386,1.5806451612903225,82.12903225806451,311.09999999999997,10.035483870967742,23,3,20.79032258064516,35.777419354838706,0,0,6.085361200716846,12,10,15.428709677419356,2,0,0,0,,,,,,,,0.0,0.0,0.0,0.0,78.77764590126351,,,,,
厦门,2022,6,24.4798,118.0894,30,26.773333333333333,29.186666666666667,24.65,4.536666666666666,31.35666666666667,4.583333333333333,86.7,366.1,12.203333333333335,29,4,21.33,38.693333333333335,1,2,6.431715,13,10,15.701666666666666,11,0,0,0,,,,,,,,0.0,0.0,0.0,0.0,69.40144724389212,,,,43.05580968308104,
厦门,2022,7,24.4798,118.0894,31,29.451612903225808,32.987096774193546,26.84193548387097,6.145161290322581,34.88387096774194,5.432258064516129,79.06451612903226,96.0,3.096774193548387,21,2,21.809677419354838,39.81612903225806,1,1,11.265962903225805,27,1,22.970967741935485,26,9,0,0,,,,,,,,0.0,0.0,0.0,0.0,64.68089626531217,,,,36.09347634412289,
厦门,2022,8,24.4798,118.0894,31,29.312903225806455,32.99354838709677,26.64516129032258,6.348387096774193,34.78387096774193,5.4709677419354845,77.51612903225806,90.2,2.9096774193548387,22,1,18.916129032258063,35.380645161290325,0,0,11.559053673835125,30,0,22.836451612903225,29,6,0,0,,,,,,,,0.0,0.0,0.0,0.0,66.05880180921072,,,,35.83919890900821,
厦门,2022,9,24.4798,118.0894,30,28.486666666666668,33.21,24.946666666666665,8.263333333333332,31.033333333333335,2.5466666666666664,64.9,51.8,1.7266666666666666,12,1,24.873333333333335,44.166666666666664,9,9,11.544955555555555,29,0,20.634999999999998,29,6,0,0,,,,,,,,0.0,0.0,0.0,0.0,73.60318757912337,,,,,
厦门,2022,10,24.4798,118.0894,31,24.93548387096774,29.73225806451613,21.629032258064516,8.103225806451613,24.138709677419353,-0.7967741935483872,58.903225806451616,14.7,0.47419354838709676,7,0,32.28709677419355,54.55806451612903,22,22,8.696415860215053,23,5,15.670322580645163,17,0,0,0,,,,,,,,0.0,0.0,0.0,0.0,82.19961905068344,,,,,
厦门,2022,11,24.4798,118.0894,30,21.68,25.596666666666668,19.09333333333333,6.503333333333333,22.263333333333332,0.5833333333333336,77.06666666666666,118.30000000000001,3.943333333333334,17,1,22.673333333333336,38.96333333333334,3,4,6.938814722222222,17,5,11.791666666666666,0,0,0,0,,,,,,,,0.0,0.0,0.0,0.0,83.58207990695402,,,,,
厦门,2022,12,24.4798,118.0894,31,14.787096774193548,18.94516129032258,11.687096774193549,7.258064516129032,11.993548387096775,-2.793548387096774,64.87096774193549,28.0,0.9032258064516129,9,0,24.190322580645162,40.15161290322581,3,3,7.2160553763440864,19,6,11.44516129032258,0,0,0,0,,,,,,,,0.0,0.0,0.0,0.0,73.25516436269965,,,,,81.10187217960414
厦门,2023,1,24.4798,118.0894,31,14.274193548387096,18.58709677419355,11.093548387096773,7.493548387096775,11.906451612903227,-2.3677419354838714,68.19354838709677,29.1,0.9387096774193548,13,0,22.983870967741936,38.86129032258064,4,5,6.5832331541218645,16,8,11.245806451612903,0,0,0,0,37.83481182795699,57.62002688172043,634.7284946236558,47.73629032258064,40.53158602150537,50.16935483870968,0.4811827956989247,15.0,2.0,0.0,0.0,71.71953933558838,89.8459875586159,77.15747380249663,10.1540124413841,,82.1654140841526
厦门,2023,2,24.4798,118.0894,28,14.321428571428571,18.710714285714285,11.182142857142859,7.528571428571429,12.049999999999999,-2.2714285714285714,73.42857142857143,67.0,2.392857142857143,10,1,25.178571428571427,42.43214285714286,8,6,7.799017956349206,19,5,14.275714285714287,0,0,0,0,44.77663690476191,67.53690476190476,634.2738095238095,50.94047619047619,38.873511904761905,51.245535714285715,0.29166666666666663,14.0,5.0,0.0,1.0,70.05090100439247,88.86264700077386,75.69442480330689,11.13735299922615,,81.43388211019193
厦门,2023,3,24.4798,118.0894,31,17.12258064516129,21.903225806451612,13.32258064516129,8.580645161290322,15.583870967741936,-1.538709677419355,68.12903225806451,78.3,2.5258064516129033,9,0,24.793548387096774,43.400000000000006,8,9,8.76794695340502,24,4,17.15032258064516,0,0,0,0,40.91948924731182,62.168145161290326,442.84811827956986,55.119758064516134,37.72688172043011,46.770161290322584,1.6115591397849462,14.0,1.0,0.0,0.0,76.15787433259098,89.51127295459595,80.16389391919246,10.488727045404051,,
厦门,2023,4,24.4798,118.0894,30,20.529999999999998,24.116666666666667,17.696666666666665,6.420000000000001,21.403333333333332,0.8733333333333334,79.93333333333334,157.3,5.243333333333334,21,3,21.183333333333334,37.77333333333333,2,2,8.24903925925926,19,5,17.958000000000002,1,0,0,0,44.787083333333335,68.32666666666667,392.48055555555555,52.99472222222222,41.99791666666667,59.71805555555556,1.5083333333333333,12.0,4.0,1.0,3.0,80.96091824732427,88.50926612809728,83.22542261155617,11.490733871902728,,
厦门,2023,5,24.4798,118.0894,31,25.067741935483873,29.13225806451613,21.88064516129032,7.251612903225807,27.174193548387095,2.1064516129032262,72.90322580645162,63.5,2.0483870967741935,21,0,22.419354838709676,40.50322580645161,6,7,9.17021505376344,23,2,19.431290322580644,12,3,0,0,32.31626344086022,49.56948924731183,328.71505376344084,51.85927419354839,36.31465053763441,57.598118279569896,0.38575268817204306,23.0,0.0,0.0,2.0,79.05000251990948,90.273586287774,82.41707765026884,9.726413712226005,,
厦门,2023,6,24.4798,118.0894,30,27.89333333333333,30.956666666666667,25.383333333333333,5.573333333333333,32.74,4.846666666666667,81.6,197.0,6.566666666666666,28,1,20.436666666666667,37.97,0,0,9.181916666666666,22,3,19.649,19,0,0,0,19.524583333333332,30.695833333333333,225.77083333333331,35.74847222222222,25.706944444444446,48.10972222222222,0.3347222222222222,29.0,0.0,0.0,1.0,68.63541577556045,93.30532167208771,76.03638754451863,6.694678327912288,40.38149594947973,
厦门,2023,7,24.4798,118.0894,31,29.93548387096774,34.08387096774193,26.861290322580647,7.22258064516129,34.435483870967744,4.5,73.70967741935483,186.70000000000002,6.022580645161291,20,2,25.654838709677417,46.5258064516129,6,8,10.699058602150538,26,2,21.878064516129033,28,15,0,0,13.845430107526882,22.86236559139785,195.48655913978493,23.57352150537634,14.78736559139785,49.79032258064516,0.008064516129032258,31.0,0.0,0.0,0.0,65.82893831909696,94.70053488400728,74.49041728857006,5.299465115992717,36.388856534090536,
厦门,2023,8,24.4798,118.0894,31,28.719354838709677,32.058064516129036,26.229032258064517,5.829032258064517,34.38709677419355,5.667741935483871,82.38709677419355,194.3,6.267741935483872,30,1,17.503225806451614,33.84838709677419,1,2,9.269475716845879,24,3,18.66709677419355,25,6,0,0,26.074059139784946,39.310215053763436,320.95430107526886,36.156989247311834,25.838575268817202,75.60752688172043,0.22580645161290322,27.0,0.0,0.0,5.0,66.70603622613591,91.10395132477078,74.02541075572636,8.896048675229212,35.89368222976487,
厦门,2023,9,24.4798,118.0894,30,27.973333333333336,31.10666666666667,25.323333333333334,5.783333333333333,32.06333333333333,4.09,78.63333333333334,227.4,7.58,26,4,21.976666666666667,39.32,4,5,8.731537592592593,20,4,16.703666666666667,17,2,0,0,19.52902777777778,31.649722222222223,275.2347222222222,31.22486111111111,21.03861111111111,59.51944444444444,0.1861111111111111,27.0,0.0,0.0,0.0,69.72291096086617,92.99539964439757,76.70465756592559,7.004600355602445,,
厦门,2023,10,24.4798,118.0894,31,24.861290322580647,29.129032258064516,21.76774193548387,7.361290322580645,25.919354838709676,1.0580645161290323,69.2258064516129,121.3,3.9129032258064513,17,2,23.5,40.596774193548384,3,4,8.308167383512545,21,3,14.721935483870968,8,1,0,0,20.487499999999997,34.37956989247312,353.28091397849465,25.83212365591398,18.49825268817204,79.18817204301075,0.9435483870967742,29.0,0.0,0.0,6.0,82.42219965099973,92.14598620396073,85.33933561688804,7.854013796039261,,
厦门,2023,11,24.4798,118.0894,30,21.136666666666667,26.56,16.676666666666666,9.883333333333333,20.42,-0.7166666666666669,63.03333333333333,7.5,0.25,7,0,23.716666666666665,41.516666666666666,3,3,9.287312685185185,26,0,14.814666666666666,2,0,0,0,21.06736111111111,35.03458333333333,386.80555555555554,30.54763888888889,21.318194444444444,54.74305555555555,1.1055555555555554,28.0,0.0,0.0,0.0,84.31624392363362,92.95900844855063,86.90907328110872,7.040991551449364,,
厦门,2023,12,24.4798,118.0894,31,16.361290322580643,21.27741935483871,12.338709677419354,8.938709677419356,14.616129032258065,-1.7451612903225804,67.3225806451613,15.7,0.5064516129032258,11,0,22.270967741935483,38.774193548387096,4,4,8.200687275985663,22,2,11.460645161290321,0,0,0,0,27.773924731182795,42.531451612903226,573.6733870967741,36.1375,28.07271505376344,38.29435483870968,0.22983870967741934,24.0,0.0,0.0,0.0,76.7324830070609,92.44595694389756,81.44652518811189,7.554043056102455,,85.13413458826189
厦门,2024,1,24.4798,118.0894,31,14.158064516129032,19.106451612903225,10.306451612903226,8.8,11.780645161290321,-2.3774193548387097,66.90322580645162,41.2,1.3290322580645162,10,0,21.006451612903227,37.12903225806452,1,2,8.078789336917563,19,3,12.537096774193548,0,0,0,0,34.293279569892476,54.3875,622.5860215053764,34.711424731182795,26.35793010752688,47.88709677419355,0.38575268817204295,16.0,0.0,0.0,0.0,72.69463106033855,91.25026909798434,78.2613224716323,8.749730902015664,,83.76437070330894
厦门,2024,2,24.4798,118.0894,29,15.424137931034483,20.096551724137928,11.89310344827586,8.203448275862069,14.144827586206896,-1.279310344827586,75.82758620689656,30.9,1.0655172413793104,17,0,21.79310344827586,38.13793103448276,1,1,7.407792816091954,16,3,13.49896551724138,0,0,0,0,31.517385057471266,48.22974137931035,672.0201149425287,40.43175287356321,28.931178160919536,35.054597701149426,0.639367816091954,19.0,1.0,0.0,0.0,73.22853074814162,91.84417012063847,78.81322255989068,8.155829879361521,,82.95017497890933
厦门,2024,3,24.4798,118.0894,31,17.52258064516129,22.177419354838708,13.83548387096774,8.341935483870968,16.76451612903226,-0.7580645161290319,72.74193548387096,55.1,1.7774193548387098,18,0,21.69677419354839,39.141935483870974,3,4,7.582922849462365,20,7,14.883548387096774,1,0,0,0,37.255645161290325,60.15470430107527,538.1935483870968,40.027688172043014,24.95537634408602,49.443548387096776,5.591397849462366,12.0,0.0,7.0,0.0,77.03614098658333,90.64094090436858,81.1175809619189,9.359059095631423,,
厦门,2024,4,24.4798,118.0894,30,22.493333333333332,25.956666666666667,19.633333333333333,6.323333333333333,24.886666666666667,2.3933333333333326,85.6,206.0,6.866666666666666,24,3,20.59333333333333,37.916666666666664,1,2,6.258544259259259,8,8,14.233,3,0,0,0,35.964166666666664,54.89555555555555,479.58888888888885,44.32791666666667,21.629027777777775,42.955555555555556,1.6986111111111108,17.0,1.0,1.0,0.0,79.18593893819171,91.05079380476218,82.74539539816286,8.949206195237824,,
厦门,2024,5,24.4798,118.0894,31,23.22258064516129,26.58709677419355,20.483870967741936,6.103225806451613,25.348387096774193,2.1258064516129034,79.06451612903226,266.6,8.600000000000001,20,5,19.20967741935484,34.096774193548384,1,1,7.029858870967741,15,8,17.31032258064516,2,0,0,0,24.61706989247312,39.24260752688172,361.2607526881721,36.050268817204305,20.933467741935484,67.17876344086021,1.0336021505376343,25.0,0.0,0.0,5.0,80.43744465013015,91.70684647744129,83.81826519832349,8.29315352255871,,
厦门,2024,6,24.4798,118.0894,30,26.759999999999998,29.55666666666667,24.55,5.006666666666667,31.39333333333333,4.633333333333334,85.56666666666666,209.6,6.986666666666666,27,3,19.93,37.61,0,2,8.595387222222223,16,3,17.908666666666665,19,0,0,0,16.41027777777778,26.295833333333334,243.71805555555554,28.689444444444444,15.618333333333334,50.113888888888894,0.20833333333333334,30.0,0.0,0.0,1.0,70.42844697576928,94.07423762792213,77.52218417141513,5.925762372077883,41.865926035039834,
厦门,2024,7,24.4798,118.0894,31,30.08709677419355,33.725806451612904,27.219354838709677,6.506451612903226,35.012903225806454,4.925806451612903,74.80645161290323,249.5,8.048387096774194,24,2,23.903225806451612,44.21290322580645,4,7,11.222848835125447,26,3,22.649677419354838,28,10,0,0,13.631182795698924,22.94475806451613,188.3991935483871,22.471908602150535,15.149596774193547,44.38440860215054,0.0228494623655914,31.0,0.0,0.0,0.0,64.21715683714302,95.04092067499639,73.46428598849901,4.959079325003624,35.547291926840096,
厦门,2024,8,24.4798,118.0894,31,28.506451612903227,31.79032258064516,26.174193548387095,5.616129032258065,34.84193548387096,6.3354838709677415,85.70967741935483,223.2,7.199999999999999,28,2,16.14193548387097,31.770967741935483,0,0,9.794674283154121,24,1,20.126774193548385,25,1,0,0,33.88991935483871,50.354032258064514,381.1962365591397,39.94637096774194,28.927150537634407,85.53763440860214,0.0967741935483871,17.0,0.0,0.0,10.0,65.47602263409247,89.42119934438762,72.65957564718101,10.578800655612392,34.95801857245339,
厦门,2024,9,24.4798,118.0894,30,27.923333333333336,31.09333333333333,25.40666666666667,5.6866666666666665,32.723333333333336,4.8,81.9,275.3,9.176666666666668,28,4,19.39,35.65,2,2,9.294074351851853,23,4,17.658,22,0,0,0,20.815555555555555,32.33138888888889,308.0569444444444,34.24736111111111,21.409027777777776,55.37916666666667,0.025,25.0,0.0,0.0,1.0,68.47063809159141,92.87453175093982,75.79180618939593,7.125468249060179,,
厦门,2024,10,24.4798,118.0894,31,25.906451612903226,30.461290322580645,22.62258064516129,7.838709677419355,27.04516129032258,1.1387096774193548,66.61290322580645,13.7,0.4419354838709677,9,0,24.748387096774195,43.00322580645161,4,6,8.906004749103943,24,2,15.560967741935483,19,0,0,0,18.198790322580646,29.083736559139783,371.2204301075269,23.74032258064516,16.775134408602153,66.88172043010753,0.24596774193548387,31.0,0.0,0.0,3.0,80.93839487812596,93.15470990530612,84.60328938628,6.845290094693873,,
厦门,2024,11,24.4798,118.0894,30,21.60666666666667,26.05666666666667,18.44333333333333,7.613333333333333,20.966666666666665,-0.6399999999999995,64.93333333333334,59.5,1.9833333333333334,11,0,23.266666666666666,44.13333333333333,6,8,8.413358796296297,21,2,13.423333333333334,5,0,0,0,17.762361111111108,22.53097222222222,525.0902777777778,23.04375,20.78222222222222,62.01944444444444,0.4305555555555555,30.0,0.0,0.0,0.0,83.41143226540026,93.3367477795852,86.38902691965573,6.663252220414807,,
厦门,2024,12,24.4798,118.0894,31,16.025806451612905,21.15806451612903,11.970967741935485,9.187096774193549,13.53225806451613,-2.4935483870967743,58.38709677419355,1.7,0.054838709677419356,3,0,20.970967741935485,42.78064516129032,0,7,9.348418637992832,28,1,13.628709677419355,0,0,0,0,29.871908602150537,30.866801075268814,575.8306451612904,25.50174731182796,30.43064516129032,65.78360215053763,0.45564516129032256,22.0,0.0,0.0,0.0,77.29950890837453,91.53699814556417,81.57075567953143,8.463001854435829,,86.50244632274205
厦门,2025,1,24.4798,118.0894,31,14.27741935483871,19.687096774193545,10.116129032258065,9.570967741935483,11.229032258064517,-3.0483870967741935,53.645161290322584,2.0,0.06451612903225806,3,0,20.364516129032257,41.75806451612903,0,5,9.412388978494624,27,2,14.823548387096773,0,0,0,0,34.51115591397849,36.681451612903224,598.6948924731183,30.09502688172043,30.04596774193548,67.26075268817205,1.021505376344086,17.0,0.0,0.0,0.0,73.00229816240608,90.69352164950259,78.30966520853502,9.306478350497418,,85.151976591642
厦门,2025,2,24.4798,118.0894,28,13.685714285714285,18.107142857142858,10.457142857142857,7.6499999999999995,11.492857142857144,-2.192857142857143,69.39285714285714,55.2,1.9714285714285715,13,1,18.417857142857144,38.19285714285714,0,3,7.708178670634921,18,4,13.626785714285715,0,0,0,0,43.803869047619045,46.44508928571429,728.3839285714286,35.095684523809524,35.961755952380955,60.276785714285715,2.9404761904761902,15.0,5.0,1.0,1.0,71.11068090463166,89.53144516701283,76.636910183346,10.468554832987175,,82.67880409468147
厦门,2025,3,24.4798,118.0894,31,16.56451612903226,21.258064516129032,12.970967741935485,8.287096774193548,15.845161290322581,-0.7193548387096778,74.87096774193549,162.8,5.251612903225807,17,2,19.151612903225807,40.86129032258064,0,3,7.97133835125448,17,3,15.968064516129031,0,0,0,0,43.612096774193546,47.23884408602151,714.2459677419355,40.894892473118276,31.40228494623656,57.331989247311824,4.545698924731182,13.0,5.0,4.0,1.0,75.94738630040509,89.47893359768312,80.0068504895885,10.521066402316874,,
厦门,2025,4,24.4798,118.0894,30,21.016666666666666,25.526666666666664,17.23,8.296666666666667,22.456666666666667,1.4400000000000002,77.33333333333333,80.1,2.67,16,0,16.573333333333334,36.74333333333333,0,3,8.609901018518519,20,3,18.412666666666667,2,0,0,0,44.08430555555556,51.662222222222226,659.411111111111,42.19680555555556,28.954027777777775,71.80277777777778,10.940277777777776,11.0,3.0,13.0,5.0,81.25327281200967,88.68681124315471,83.48333434135317,11.313188756845298,,
厦门,2025,5,24.4798,118.0894,31,25.083870967741937,29.306451612903224,21.758064516129032,7.548387096774194,28.116129032258065,3.032258064516129,76.90322580645162,128.2,4.135483870967741,21,1,16.59032258064516,37.97096774193548,0,0,7.409193906810036,17,8,17.49225806451613,16,2,0,0,32.08145161290322,35.431451612903224,508.4556451612903,38.4741935483871,26.4741935483871,77.04301075268816,3.6666666666666665,23.0,0.0,2.0,8.0,77.89717541400421,90.18523666769623,81.5835937901118,9.814763332303771,,
厦门,2025,6,24.4798,118.0894,30,28.07,31.676666666666666,25.173333333333336,6.503333333333334,33.03666666666667,4.966666666666667,79.43333333333334,158.8,5.293333333333334,19,1,18.976666666666667,41.78666666666666,1,3,10.664954351851852,25,2,21.736,22,1,0,0,24.629583333333333,27.083750000000002,407.3236111111111,29.550416666666663,23.23513888888889,58.426388888888894,0.85,25.0,0.0,1.0,2.0,68.11913758250427,92.53001942387739,75.44240213491621,7.469980576122606,40.0780696880311,
厦门,2025,7,24.4798,118.0894,31,29.032258064516128,32.774193548387096,26.451612903225808,6.322580645161291,34.31935483870968,5.2870967741935475,79.61290322580645,379.9,12.254838709677419,28,5,18.44516129032258,40.71290322580645,1,9,8.66515152329749,22,7,18.524516129032257,27,7,0,0,25.512500000000003,27.16317204301075,420.3561827956989,25.697446236559138,22.88521505376344,83.80645161290323,0.575268817204301,25.0,0.0,0.0,6.0,66.07304213841391,91.39062767690355,73.6683177999608,8.60937232309645,35.213865533984546,
厦门,2025,8,24.4798,118.0894,31,28.37741935483871,32.038709677419355,25.712903225806453,6.325806451612903,33.78709677419355,5.409677419354838,81.61290322580645,212.8,6.864516129032259,25,2,18.009677419354837,39.36451612903225,2,3,9.975914336917564,25,3,19.993870967741934,27,2,0,0,26.27217741935484,28.168951612903225,442.15725806451616,28.35793010752688,25.169489247311827,64.94086021505376,0.3212365591397849,23.0,0.0,0.0,4.0,66.94186956995979,92.03369239428632,74.46941641725776,7.9663076057136815,36.73129304419409,
厦门,2025,9,24.4798,118.0894,30,28.529999999999998,32.49666666666666,25.653333333333332,6.843333333333334,33.809999999999995,5.279999999999999,79.6,194.6,6.486666666666666,24,3,16.563333333333336,37.29,2,2,10.00518324074074,25,2,18.250999999999998,25,4,0,0,30.365416666666665,31.715,531.6583333333333,34.316944444444445,30.65083333333333,59.472222222222214,0.0013888888888888868,21.0,1.0,0.0,1.0,67.6856136765854,91.38129202385787,74.79431718076714,8.618707976142131,,
厦门,2025,10,24.4798,118.0894,31,27.625806451612902,32.18064516129032,24.35483870967742,7.825806451612903,29.967741935483872,2.3419354838709676,64.64516129032258,21.5,0.6935483870967742,17,0,19.79032258064516,43.4483870967742,1,8,9.118503136200717,22,2,15.842258064516129,22,10,0,0,24.219086021505376,25.26491935483871,394.2688172043011,27.165860215053762,26.021236559139783,73.79032258064517,0.04838709677419355,24.0,0.0,0.0,1.0,77.47316216330358,91.92845082931574,81.80974876310722,8.071549170684275,,
厦门,2025,11,24.4798,118.0894,30,21.126666666666665,25.58,17.65666666666667,7.923333333333333,19.953333333333333,-1.1733333333333336,57.6,21.1,0.7033333333333334,8,0,20.903333333333332,43.376666666666665,2,8,7.835736388888889,20,5,13.177,3,0,0,0,22.853194444444444,24.7775,433.34722222222223,22.639444444444443,23.381388888888885,72.74444444444445,1.625,26.0,0.0,0.0,1.0,84.71117286579714,92.35136867278347,87.00323160789303,7.648631327216543,,
厦门,2025,12,24.4798,118.0894,31,17.448387096774194,22.25483870967742,13.44516129032258,8.80967741935484,16.151612903225807,-1.2967741935483872,66.12903225806451,27.4,0.8838709677419354,8,0,18.361290322580647,37.63870967741936,0,2,8.774150448028672,26,3,12.714516129032257,0,0,0,0,32.13266129032258,33.813978494623655,667.0147849462365,30.400134408602153,30.113709677419354,59.7755376344086,0.45026881720430106,20.0,0.0,0.0,0.0,80.04967831338278,91.24570101956326,83.40848512523694,8.754298980436737,,86.44988722613378
哈尔滨,2016,1,45.8038,126.5349,31,-20.94516129032258,-15.2,-26.603225806451615,11.403225806451612,-26.519354838709678,-5.574193548387096,75.80645161290323,0.4,0.012903225806451613,2,0,15.151612903225805,25.825806451612905,0,0,8.078777598566308,25,1,7.749354838709677,0,0,31,31,,,,,,,,0.0,0.0,0.0,0.0,49.82878346655971,,,,,33.22525903745069
哈尔滨,2016,2,45.8038,126.5349,29,-11.972413793103447,-6.1482758620689655,-17.5,11.351724137931035,-17.3,-5.327586206896552,65.13793103448276,3.4,0.11724137931034483,3,0,17.872413793103448,33.755172413793105,0,2,8.790015134099617,23,0,10.947586206896553,0,0,29,29,,,,,,,,0.0,0.0,0.0,0.0,51.1286437467568,,,,,41.836971135618285
哈尔滨,2016,3,45.8038,126.5349,31,0.34193548387096767,6.416129032258064,-5.319354838709677,11.735483870967743,-4.970967741935484,-5.312903225806451,45.354838709677416,11.7,0.37741935483870964,5,0,21.570967741935487,41.622580645161285,2,6,9.852515681003585,27,1,16.14548387096774,0,0,26,14,,,,,,,,0.0,0.0,0.0,0.0,51.0016806803757,,,,,
哈尔滨,2016,4,45.8038,126.5349,30,6.8533333333333335,12.553333333333335,0.7799999999999999,11.773333333333333,1.9933333333333332,-4.86,47.833333333333336,29.8,0.9933333333333334,12,0,24.716666666666665,46.95333333333333,10,11,9.783049166666666,23,4,18.492,0,0,11,1,,,,,,,,0.0,0.0,0.0,0.0,54.89480137341168,,,,,
哈尔滨,2016,5,45.8038,126.5349,31,14.958064516129031,20.29032258064516,9.458064516129031,10.832258064516129,11.567741935483872,-3.3903225806451616,57.645161290322584,130.1,4.196774193548387,17,2,25.161290322580644,46.91935483870968,6,11,9.706861738351256,23,4,18.825806451612905,0,0,0,0,,,,,,,,0.0,0.0,0.0,0.0,70.08783362047633,,,,,
哈尔滨,2016,6,45.8038,126.5349,30,19.61,24.766666666666666,14.516666666666667,10.25,19.59333333333333,-0.01666666666666643,72.6,165.6,5.52,20,1,16.513333333333332,33.44,0,0,11.139640555555555,23,3,20.240333333333336,1,0,0,0,,,,,,,,0.0,0.0,0.0,0.0,81.01014643254281,,,,70.88557545379072,
哈尔滨,2016,7,45.8038,126.5349,31,23.44193548387097,27.816129032258065,18.925806451612903,8.890322580645162,25.22258064516129,1.7806451612903227,74.70967741935483,77.19999999999999,2.4903225806451608,15,0,15.183870967741935,30.190322580645162,1,2,10.46315152329749,22,1,19.493548387096773,5,0,0,0,,,,,,,,0.0,0.0,0.0,0.0,81.71905151161556,,,,60.11874429282897,
哈尔滨,2016,8,45.8038,126.5349,31,22.793548387096774,27.5,18.0258064516129,9.474193548387097,23.86774193548387,1.0741935483870964,71.0,52.599999999999994,1.6967741935483869,10,0,16.074193548387097,32.37096774193548,0,1,11.002505734767023,26,2,18.644193548387097,9,0,0,0,,,,,,,,0.0,0.0,0.0,0.0,81.48714071046169,,,,61.37893555345925,
哈尔滨,2016,9,45.8038,126.5349,30,16.470000000000002,20.853333333333335,12.743333333333334,8.11,15.569999999999999,-0.9000000000000004,76.73333333333333,115.3,3.8433333333333333,18,0,16.76,33.276666666666664,1,2,8.324787314814815,20,5,12.633000000000001,0,0,0,0,,,,,,,,0.0,0.0,0.0,0.0,75.58047977321687,,,,,
哈尔滨,2016,10,45.8038,126.5349,31,4.329032258064516,8.841935483870968,0.06774193548387088,8.774193548387096,0.02580645161290319,-4.303225806451613,60.83870967741935,51.699999999999996,1.6677419354838707,9,0,20.174193548387095,38.20322580645161,3,5,7.743708781362008,21,6,10.415483870967742,0,0,17,4,,,,,,,,0.0,0.0,0.0,0.0,56.40948622034122,,,,,
哈尔滨,2016,11,45.8038,126.5349,30,-9.006666666666666,-3.8766666666666665,-13.836666666666668,9.96,-14.32,-5.3133333333333335,66.53333333333333,26.400000000000002,0.8800000000000001,9,0,17.646666666666665,33.23,0,1,6.563039722222222,13,6,6.883,0,0,30,30,,,,,,,,0.0,0.0,0.0,0.0,50.8261201059096,,,,,
哈尔滨,2016,12,45.8038,126.5349,31,-14.312903225806451,-9.212903225806452,-19.690322580645162,10.47741935483871,-19.74516129032258,-5.432258064516129,74.19354838709677,3.8000000000000003,0.12258064516129033,2,0,16.980645161290322,29.941935483870967,0,2,7.117379480286738,19,3,5.968064516129032,0,0,31,31,,,,,,,,0.0,0.0,0.0,0.0,50.188160897895074,,,,,37.65798056774941
哈尔滨,2017,1,45.8038,126.5349,31,-16.641935483870967,-10.964516129032257,-22.15806451612903,11.193548387096774,-22.174193548387095,-5.532258064516129,74.61290322580645,2.9,0.0935483870967742,4,0,16.574193548387097,27.429032258064513,0,0,7.858425985663082,24,2,7.492903225806452,0,0,31,31,,,,,,,,0.0,0.0,0.0,0.0,50.01788042347781,,,,,36.36969303256377
哈尔滨,2017,2,45.8038,126.5349,28,-10.424999999999999,-4.882142857142857,-15.882142857142856,11.0,-15.853571428571428,-5.428571428571429,68.75,11.0,0.39285714285714285,9,0,18.614285714285717,32.496428571428574,2,2,8.213740376984127,20,3,11.121071428571428,0,0,28,28,,,,,,,,0.0,0.0,0.0,0.0,50.49327591638599,,,,,42.092351217849064
哈尔滨,2017,3,45.8038,126.5349,31,-1.396774193548387,5.012903225806451,-7.151612903225807,12.16451612903226,-6.122580645161291,-4.725806451612903,51.83870967741935,4.7,0.15161290322580645,9,0,17.44193548387097,32.938709677419354,0,0,10.109837365591398,28,1,15.98741935483871,0,0,31,13,,,,,,,,0.0,0.0,0.0,0.0,52.93405265727664,,,,,
哈尔滨,2017,4,45.8038,126.5349,30,8.636666666666667,15.25,2.23,13.02,3.8400000000000003,-4.796666666666667,43.6,11.1,0.37,13,0,24.863333333333333,46.669999999999995,9,12,11.061013055555556,27,2,20.021,0,0,9,0,,,,,,,,0.0,0.0,0.0,0.0,56.586090303813926,,,,,
哈尔滨,2017,5,45.8038,126.5349,31,15.748387096774193,21.567741935483873,9.341935483870968,12.225806451612904,11.996774193548388,-3.7516129032258063,48.41935483870968,67.3,2.170967741935484,16,0,26.0258064516129,47.596774193548384,9,13,10.877158333333334,25,3,21.698709677419355,0,0,0,0,,,,,,,,0.0,0.0,0.0,0.0,69.93986973472607,,,,,
哈尔滨,2017,6,45.8038,126.5349,30,19.75,25.029999999999998,14.376666666666667,10.653333333333334,19.0,-0.7499999999999998,63.86666666666667,85.89999999999999,2.863333333333333,18,0,18.55666666666667,36.68666666666666,0,5,11.826788981481481,25,1,21.827333333333335,6,0,0,0,,,,,,,,0.0,0.0,0.0,0.0,79.7555267387286,,,,70.5015896398036,
哈尔滨,2017,7,45.8038,126.5349,31,24.45483870967742,29.280645161290323,19.458064516129035,9.82258064516129,26.05806451612903,1.6032258064516134,69.61290322580645,51.9,1.6741935483870967,15,0,17.19677419354839,33.89677419354839,0,3,11.770741397849463,27,1,21.432258064516127,14,0,0,0,,,,,,,,0.0,0.0,0.0,0.0,80.13344502749047,,,,57.01541372853416,
哈尔滨,2017,8,45.8038,126.5349,31,21.74516129032258,25.283870967741933,18.287096774193547,6.996774193548387,22.74516129032258,1.0000000000000004,75.80645161290323,139.1,4.487096774193549,22,1,20.541935483870965,38.42258064516129,5,6,8.38794964157706,19,5,15.121935483870967,0,0,0,0,,,,,,,,0.0,0.0,0.0,0.0,78.75928158171253,,,,62.83386032624153,
哈尔滨,2017,9,45.8038,126.5349,30,15.273333333333333,19.89,10.506666666666666,9.383333333333333,13.423333333333334,-1.85,68.9,85.5,2.85,15,1,20.96333333333333,38.91,4,7,9.256134444444445,22,3,14.847,0,0,0,0,,,,,,,,0.0,0.0,0.0,0.0,73.22091458308698,,,,,
哈尔滨,2017,10,45.8038,126.5349,31,6.129032258064516,10.941935483870967,1.6064516129032258,9.33548387096774,1.8483870967741935,-4.280645161290322,58.193548387096776,14.4,0.4645161290322581,10,0,21.09032258064516,38.09032258064516,4,5,8.568819354838709,25,3,11.112580645161291,0,0,12,1,,,,,,,,0.0,0.0,0.0,0.0,58.23068762833255,,,,,
哈尔滨,2017,11,45.8038,126.5349,30,-4.88,-0.9766666666666666,-8.456666666666667,7.48,-10.22,-5.34,58.13333333333333,8.2,0.2733333333333333,6,0,20.683333333333334,38.36,2,6,7.248557222222222,18,3,7.0649999999999995,0,0,27,19,,,,,,,,0.0,0.0,0.0,0.0,52.71724286788323,,,,,
哈尔滨,2017,12,45.8038,126.5349,31,-15.574193548387097,-11.374193548387098,-19.322580645161292,7.948387096774193,-20.990322580645163,-5.416129032258064,57.903225806451616,3.8,0.12258064516129032,4,0,15.070967741935483,28.429032258064513,0,0,7.141038709677419,18,3,5.819999999999999,0,0,31,31,,,,,,,,0.0,0.0,0.0,0.0,54.47694541621254,,,,,40.0799708809028
哈尔滨,2018,1,45.8038,126.5349,31,-19.351612903225806,-13.86774193548387,-24.25483870967742,10.387096774193548,-24.932258064516127,-5.580645161290323,67.29032258064517,9.3,0.30000000000000004,5,0,16.206451612903226,27.825806451612905,0,0,7.629487096774194,22,2,7.237096774193549,0,0,31,31,,,,,,,,0.0,0.0,0.0,0.0,52.0630974831517,,,,,35.98281489398737
哈尔滨,2018,2,45.8038,126.5349,28,-15.625,-9.328571428571427,-20.946428571428573,11.617857142857144,-21.24285714285714,-5.617857142857143,59.464285714285715,6.7,0.2392857142857143,3,0,18.789285714285715,33.25,1,1,8.716505654761905,22,1,10.661071428571429,0,0,28,28,,,,,,,,0.0,0.0,0.0,0.0,52.36576918225468,,,,,40.15144537656293
哈尔滨,2018,3,45.8038,126.5349,31,-3.4935483870967743,3.096774193548387,-9.69032258064516,12.787096774193548,-8.751612903225807,-5.258064516129032,55.354838709677416,10.0,0.3225806451612903,7,0,21.20967741935484,38.5,5,5,8.944214695340502,24,5,14.807096774193548,0,0,27,20,,,,,,,,0.0,0.0,0.0,0.0,50.47194411832644,,,,,
哈尔滨,2018,4,45.8038,126.5349,30,8.553333333333335,14.766666666666667,2.0466666666666664,12.72,3.9099999999999997,-4.6433333333333335,44.6,39.400000000000006,1.3133333333333335,9,0,23.853333333333335,43.413333333333334,5,11,9.250734907407407,20,3,17.459666666666667,0,0,9,3,,,,,,,,0.0,0.0,0.0,0.0,58.347620547816504,,,,,
哈尔滨,2018,5,45.8038,126.5349,31,15.806451612903226,22.261290322580646,8.803225806451612,13.458064516129031,12.729032258064517,-3.07741935483871,48.225806451612904,17.5,0.5645161290322581,13,0,21.674193548387095,40.222580645161294,4,6,10.292530017921147,26,2,20.104193548387098,1,0,0,0,,,,,,,,0.0,0.0,0.0,0.0,73.24439371586001,,,,,
哈尔滨,2018,6,45.8038,126.5349,30,21.44333333333333,26.666666666666668,16.1,10.566666666666666,20.716666666666665,-0.7266666666666667,63.833333333333336,104.0,3.466666666666667,22,0,21.32,40.62,4,5,10.83654787037037,25,2,20.247333333333334,4,2,0,0,,,,,,,,0.0,0.0,0.0,0.0,82.92975356629798,,,,67.7414733507664,
哈尔滨,2018,7,45.8038,126.5349,31,24.825806451612905,28.70967741935484,21.080645161290324,7.629032258064516,27.348387096774193,2.52258064516129,79.48387096774194,162.9,5.254838709677419,24,2,20.0,37.58064516129032,2,4,8.761770340501792,18,3,17.356129032258064,11,0,0,0,,,,,,,,0.0,0.0,0.0,0.0,76.87480494889907,,,,52.49910104751482,
哈尔滨,2018,8,45.8038,126.5349,31,21.1,25.003225806451614,17.43548387096774,7.5677419354838715,22.538709677419355,1.4387096774193544,81.41935483870968,128.6,4.148387096774194,21,1,13.912903225806453,27.88064516129032,0,0,8.650713978494624,19,4,15.691290322580645,1,0,0,0,,,,,,,,0.0,0.0,0.0,0.0,82.29475856436159,,,,64.29648055386545,
哈尔滨,2018,9,45.8038,126.5349,30,15.223333333333333,19.826666666666664,11.173333333333334,8.653333333333334,13.546666666666665,-1.6766666666666665,72.16666666666667,103.9,3.4633333333333334,18,0,19.763333333333332,36.22,3,5,8.849401574074074,20,4,14.07,0,0,0,0,,,,,,,,0.0,0.0,0.0,0.0,73.4986807829175,,,,,
哈尔滨,2018,10,45.8038,126.5349,31,7.467741935483871,12.493548387096775,2.987096774193548,9.506451612903225,3.596774193548387,-3.870967741935484,64.12903225806451,26.9,0.8677419354838709,10,0,19.66774193548387,36.10322580645161,2,2,8.035653225806453,21,5,10.458709677419355,0,0,9,0,,,,,,,,0.0,0.0,0.0,0.0,59.742557486181866,,,,,
哈尔滨,2018,11,45.8038,126.5349,30,-2.433333333333333,1.9733333333333332,-6.04,8.013333333333334,-7.506666666666667,-5.073333333333334,58.166666666666664,15.0,0.5,3,0,19.046666666666667,35.019999999999996,2,2,7.543388796296297,22,2,7.312333333333333,0,0,27,18,,,,,,,,0.0,0.0,0.0,0.0,52.267199878847556,,,,,
哈尔滨,2018,12,45.8038,126.5349,31,-12.09032258064516,-8.119354838709677,-15.551612903225807,7.432258064516129,-17.858064516129033,-5.767741935483871,51.03225806451613,3.9,0.12580645161290321,4,0,19.490322580645163,35.68387096774194,1,3,7.792507168458781,22,1,5.997419354838709,0,0,30,30,,,,,,,,0.0,0.0,0.0,0.0,52.81815758315503,,,,,42.344430209229124
哈尔滨,2019,1,45.8038,126.5349,31,-12.46774193548387,-7.354838709677419,-16.403225806451612,9.048387096774194,-18.093548387096774,-5.625806451612903,52.483870967741936,2.6,0.08387096774193549,4,0,17.52258064516129,32.58387096774194,1,2,8.235363172043012,26,0,7.240322580645161,0,0,31,31,,,,,,,,0.0,0.0,0.0,0.0,53.47478270463414,,,,,42.44599599345299
哈尔滨,2019,2,45.8038,126.5349,28,-9.110714285714286,-3.307142857142857,-13.546428571428573,10.239285714285714,-14.707142857142857,-5.596428571428571,39.57142857142857,0.1,0.0035714285714285718,1,0,18.307142857142857,34.61785714285714,0,1,9.07931755952381,24,1,11.064285714285715,0,0,28,25,,,,,,,,0.0,0.0,0.0,0.0,50.28256903352037,,,,,44.33612954509844
哈尔滨,2019,3,45.8038,126.5349,31,-0.06129032258064522,6.22258064516129,-5.367741935483871,11.59032258064516,-5.458064516129032,-5.396774193548388,38.645161290322584,15.399999999999999,0.49677419354838703,6,0,20.74516129032258,38.31290322580645,3,5,9.718912275985662,26,2,15.179032258064517,0,0,29,19,,,,,,,,0.0,0.0,0.0,0.0,49.15205387627796,,,,,
哈尔滨,2019,4,45.8038,126.5349,30,7.609999999999999,14.366666666666667,0.5666666666666667,13.8,2.6,-5.010000000000001,40.13333333333333,14.7,0.49,7,0,23.436666666666667,43.85666666666667,5,8,11.03151064814815,27,1,19.086666666666666,0,0,14,1,,,,,,,,0.0,0.0,0.0,0.0,54.89973489869192,,,,,
哈尔滨,2019,5,45.8038,126.5349,31,15.109677419354838,21.02258064516129,9.241935483870968,11.780645161290321,11.306451612903226,-3.8032258064516125,50.096774193548384,131.79999999999998,4.251612903225806,15,2,26.53548387096774,49.696774193548386,8,17,8.730082078853046,20,6,17.79612903225806,2,0,0,0,,,,,,,,0.0,0.0,0.0,0.0,67.61644224227616,,,,,
哈尔滨,2019,6,45.8038,126.5349,30,19.466666666666665,24.41,14.2,10.21,18.823333333333334,-0.643333333333333,67.53333333333333,71.7,2.39,16,0,18.876666666666665,36.50666666666667,0,2,10.856045833333333,25,4,20.519,3,0,0,0,,,,,,,,0.0,0.0,0.0,0.0,80.39782344511704,,,,71.25080898036116,
哈尔滨,2019,7,45.8038,126.5349,31,23.651612903225807,27.858064516129033,19.73225806451613,8.125806451612904,26.138709677419353,2.487096774193548,80.64516129032258,230.39999999999998,7.4322580645161285,22,3,16.274193548387096,32.18709677419355,0,0,10.481625358422939,24,1,18.723548387096773,5,0,0,0,,,,,,,,0.0,0.0,0.0,0.0,79.02950273781234,,,,57.611593494731025,
哈尔滨,2019,8,45.8038,126.5349,31,20.70967741935484,24.067741935483873,17.458064516129035,6.609677419354839,22.370967741935484,1.661290322580645,85.93548387096774,208.8,6.735483870967743,27,0,15.451612903225806,30.916129032258063,1,1,6.5867047491039425,13,10,13.44225806451613,1,0,0,0,,,,,,,,0.0,0.0,0.0,0.0,79.33903365517517,,,,62.5986363413144,
哈尔滨,2019,9,45.8038,126.5349,30,16.413333333333334,21.92,11.133333333333333,10.786666666666665,15.139999999999999,-1.2733333333333337,70.96666666666667,71.3,2.3766666666666665,9,0,19.303333333333335,36.63666666666666,3,6,10.749859537037036,28,1,16.646333333333335,0,0,0,0,,,,,,,,0.0,0.0,0.0,0.0,75.07293212824533,,,,,
哈尔滨,2019,10,45.8038,126.5349,31,8.141935483870968,13.754838709677419,3.0935483870967744,10.661290322580646,3.958064516129032,-4.183870967741935,57.193548387096776,13.100000000000001,0.42258064516129035,8,0,21.4741935483871,38.79677419354839,6,8,9.076017562724015,24,2,11.44483870967742,0,0,7,0,,,,,,,,0.0,0.0,0.0,0.0,60.11974504917096,,,,,
哈尔滨,2019,11,45.8038,126.5349,30,-4.26,-0.44,-7.8566666666666665,7.416666666666667,-9.756666666666666,-5.496666666666667,53.333333333333336,15.7,0.5233333333333333,9,0,21.513333333333332,39.27333333333333,2,3,6.557109351851851,17,7,6.937333333333333,0,0,28,21,,,,,,,,0.0,0.0,0.0,0.0,52.196626637237976,,,,,
哈尔滨,2019,12,45.8038,126.5349,31,-13.174193548387096,-9.251612903225807,-17.003225806451614,7.751612903225806,-18.60967741935484,-5.435483870967742,64.3225806451613,19.9,0.6419354838709677,9,0,16.822580645161292,31.03548387096774,0,0,6.683231541218638,17,6,5.563548387096774,0,0,31,31,,,,,,,,0.0,0.0,0.0,0.0,52.09232937584034,,,,,39.873783172154404
哈尔滨,2020,1,45.8038,126.5349,31,-14.412903225806453,-9.54516129032258,-18.299999999999997,8.754838709677419,-19.448387096774194,-5.035483870967742,73.03225806451613,3.9,0.12580645161290321,4,0,13.329032258064515,21.916129032258063,0,0,7.640132078853046,20,2,7.12,0,0,31,31,,,,,,,,0.0,0.0,0.0,0.0,51.40705025248308,,,,,38.7737578163248
哈尔滨,2020,2,45.8038,126.5349,29,-10.117241379310345,-4.748275862068965,-14.799999999999999,10.051724137931034,-15.406896551724138,-5.289655172413793,65.96551724137932,13.1,0.4517241379310345,8,0,17.689655172413794,31.948275862068964,0,2,7.6875584291187735,22,5,9.653103448275862,0,0,29,28,,,,,,,,0.0,0.0,0.0,0.0,51.224935590024856,,,,,43.074289122380044
哈尔滨,2020,3,45.8038,126.5349,31,-0.3806451612903225,5.564516129032258,-5.854838709677419,11.419354838709678,-5.703225806451614,-5.32258064516129,49.70967741935484,5.2,0.16774193548387098,12,0,21.748387096774195,40.57096774193548,4,5,9.551331810035842,23,1,14.816451612903226,0,0,29,16,,,,,,,,0.0,0.0,0.0,0.0,51.21693592278769,,,,,
哈尔滨,2020,4,45.8038,126.5349,30,6.716666666666667,13.403333333333334,0.05666666666666664,13.346666666666666,2.013333333333333,-4.703333333333333,44.8,14.8,0.49333333333333335,8,0,21.529999999999998,40.36,3,6,9.220550925925926,22,4,17.329,0,0,18,0,,,,,,,,0.0,0.0,0.0,0.0,55.42989339829988,,,,,
哈尔滨,2020,5,45.8038,126.5349,31,14.567741935483872,20.690322580645162,8.458064516129031,12.23225806451613,11.86774193548387,-2.6999999999999997,60.483870967741936,49.9,1.6096774193548387,16,0,20.94516129032258,40.20322580645161,3,9,9.658686290322581,24,1,18.325806451612905,0,0,0,0,,,,,,,,0.0,0.0,0.0,0.0,71.83798434780455,,,,,
哈尔滨,2020,6,45.8038,126.5349,30,19.48,24.290000000000003,14.49,9.8,19.053333333333335,-0.42666666666666686,71.26666666666667,154.1,5.136666666666667,18,1,19.40666666666667,37.68666666666666,3,4,9.665998796296297,20,2,18.83833333333333,1,0,0,0,,,,,,,,0.0,0.0,0.0,0.0,81.83576972187743,,,,70.5366381574926,
哈尔滨,2020,7,45.8038,126.5349,31,23.883870967741935,28.65806451612903,19.16774193548387,9.490322580645161,26.003225806451614,2.1193548387096777,74.7741935483871,100.4,3.238709677419355,14,1,14.77741935483871,30.116129032258065,0,1,12.508036200716846,27,1,22.654193548387095,12,0,0,0,,,,,,,,0.0,0.0,0.0,0.0,79.6155744370075,,,,57.64368214452153,
哈尔滨,2020,8,45.8038,126.5349,31,21.838709677419356,25.567741935483873,18.296774193548387,7.2709677419354835,23.296774193548387,1.458064516129032,81.38709677419355,155.5,5.016129032258065,24,0,18.84193548387097,36.145161290322584,0,6,8.917632258064517,21,5,15.716129032258063,1,0,0,0,,,,,,,,0.0,0.0,0.0,0.0,80.94064970474484,,,,62.72477228991666,
哈尔滨,2020,9,45.8038,126.5349,30,16.033333333333335,19.8,12.743333333333334,7.056666666666667,14.953333333333335,-1.0800000000000003,81.13333333333334,203.9,6.796666666666667,18,2,20.14,37.5,4,4,7.123038518518518,16,5,11.546333333333333,0,0,0,0,,,,,,,,0.0,0.0,0.0,0.0,73.23634162780584,,,,,
哈尔滨,2020,10,45.8038,126.5349,31,6.699999999999999,11.129032258064516,2.545161290322581,8.583870967741936,2.529032258064516,-4.170967741935483,64.25806451612904,28.2,0.9096774193548387,10,0,21.36774193548387,39.096774193548384,2,5,8.12978064516129,23,5,10.276129032258064,0,0,8,0,,,,,,,,0.0,0.0,0.0,0.0,58.33975056161183,,,,,
哈尔滨,2020,11,45.8038,126.5349,30,-2.4166666666666665,1.4933333333333334,-5.5633333333333335,7.056666666666667,-7.63,-5.213333333333334,62.86666666666667,36.5,1.2166666666666666,10,0,20.75,38.336666666666666,2,5,7.32426675925926,23,5,7.109333333333334,0,0,28,17,,,,,,,,0.0,0.0,0.0,0.0,52.348527090402804,,,,,
哈尔滨,2020,12,45.8038,126.5349,31,-13.974193548387097,-10.212903225806452,-16.66774193548387,6.45483870967742,-19.567741935483873,-5.593548387096774,64.2258064516129,1.0,0.03225806451612903,3,0,17.687096774193545,32.564516129032256,0,0,8.128748118279571,25,1,6.14483870967742,0,0,31,31,,,,,,,,0.0,0.0,0.0,0.0,52.84397976311844,,,,,40.76163851744052
哈尔滨,2021,1,45.8038,126.5349,31,-17.48709677419355,-12.796774193548387,-21.593548387096774,8.796774193548387,-22.96451612903226,-5.47741935483871,66.90322580645162,8.7,0.2806451612903226,12,0,16.480645161290322,31.33225806451613,0,0,7.583658333333334,23,3,6.959032258064516,0,0,31,31,,,,,,,,0.0,0.0,0.0,0.0,52.22329061021991,,,,,37.40369041259118
哈尔滨,2021,2,45.8038,126.5349,28,-12.260714285714286,-7.007142857142858,-17.225,10.217857142857143,-17.864285714285714,-5.603571428571429,63.82142857142857,8.0,0.2857142857142857,7,0,19.864285714285717,36.86071428571428,1,2,7.797884523809524,20,3,9.849642857142857,0,0,28,28,,,,,,,,0.0,0.0,0.0,0.0,51.352521960974244,,,,,41.13662360685042
哈尔滨,2021,3,45.8038,126.5349,31,0.041935483870967676,6.425806451612903,-5.374193548387097,11.8,-4.95483870967742,-4.996774193548387,54.806451612903224,20.9,0.6741935483870968,12,0,21.067741935483873,39.47741935483871,3,5,9.038279301075269,23,5,14.294193548387097,0,0,28,15,,,,,,,,0.0,0.0,0.0,0.0,51.59358347395395,,,,,
哈尔滨,2021,4,45.8038,126.5349,30,7.59,13.876666666666667,1.02,12.856666666666666,2.9733333333333336,-4.616666666666666,45.7,14.7,0.49,12,0,23.673333333333336,43.766666666666666,8,9,10.417360925925925,24,1,18.151333333333334,0,0,14,3,,,,,,,,0.0,0.0,0.0,0.0,56.764565036961976,,,,,
哈尔滨,2021,5,45.8038,126.5349,31,15.006451612903225,20.77741935483871,8.709677419354838,12.067741935483872,11.980645161290322,-3.0258064516129033,55.45161290322581,62.7,2.02258064516129,14,0,21.864516129032257,42.377419354838715,4,8,10.215973387096774,24,2,19.288709677419355,1,0,0,0,,,,,,,,0.0,0.0,0.0,0.0,71.48288813672568,,,,,
哈尔滨,2021,6,45.8038,126.5349,30,20.19333333333333,25.086666666666666,15.136666666666667,9.95,19.903333333333332,-0.2899999999999999,69.7,112.9,3.7633333333333336,20,0,18.87,36.24333333333333,2,4,10.740597777777777,24,1,19.363999999999997,0,0,0,0,,,,,,,,0.0,0.0,0.0,0.0,81.55534823289764,,,,70.17155415257412,
哈尔滨,2021,7,45.8038,126.5349,31,25.483870967741936,29.19677419354839,21.97741935483871,7.219354838709678,28.638709677419353,3.1548387096774193,79.29032258064517,163.2,5.264516129032257,26,1,16.26451612903226,33.50967741935484,0,0,10.61016953405018,25,2,18.673548387096773,17,0,0,0,,,,,,,,0.0,0.0,0.0,0.0,75.41334477969295,,,,49.72155894464101,
哈尔滨,2021,8,45.8038,126.5349,31,20.77741935483871,24.583870967741937,17.358064516129033,7.225806451612903,21.66774193548387,0.8903225806451611,80.93548387096774,145.2,4.683870967741935,23,1,17.932258064516127,34.65806451612904,1,3,9.408040322580645,21,3,16.14548387096774,0,0,0,0,,,,,,,,0.0,0.0,0.0,0.0,80.94411489909993,,,,65.91538350426876,
哈尔滨,2021,9,45.8038,126.5349,30,16.04,20.42,11.516666666666667,8.903333333333334,15.33,-0.7100000000000002,78.66666666666667,72.3,2.4099999999999997,18,0,15.633333333333333,30.706666666666667,0,1,8.095626296296297,18,5,13.158666666666667,0,0,0,0,,,,,,,,0.0,0.0,0.0,0.0,75.01253275354088,,,,,
哈尔滨,2021,10,45.8038,126.5349,31,7.103225806451612,12.55483870967742,2.3870967741935485,10.167741935483871,3.3161290322580643,-3.7870967741935484,66.25806451612904,14.5,0.46774193548387094,9,0,19.43548387096774,35.03548387096774,3,5,8.336377150537635,21,1,10.85193548387097,0,0,9,0,,,,,,,,0.0,0.0,0.0,0.0,59.79243922262396,,,,,
哈尔滨,2021,11,45.8038,126.5349,30,-3.1633333333333336,0.30666666666666675,-6.25,6.556666666666667,-7.930000000000001,-4.766666666666667,77.43333333333334,48.699999999999996,1.6233333333333333,16,1,19.5,34.19666666666667,3,4,5.398636111111111,12,9,6.110333333333333,0,0,28,19,,,,,,,,0.0,0.0,0.0,0.0,48.71325902133321,,,,,
哈尔滨,2021,12,45.8038,126.5349,31,-12.351612903225806,-8.558064516129033,-15.80967741935484,7.251612903225807,-17.9,-5.548387096774194,63.38709677419355,7.8,0.25161290322580643,7,0,19.24516129032258,33.91935483870968,2,2,7.292029749103942,19,3,5.81741935483871,0,0,31,30,,,,,,,,0.0,0.0,0.0,0.0,52.442040882853334,,,,,41.28053443145686
哈尔滨,2022,1,45.8038,126.5349,31,-16.6,-11.745161290322581,-19.993548387096773,8.248387096774193,-21.822580645161292,-5.22258064516129,66.45161290322581,5.0,0.16129032258064516,5,0,13.525806451612903,24.951612903225808,0,0,7.7914692652329745,24,2,7.039032258064516,0,0,31,31,,,,,,,,0.0,0.0,0.0,0.0,52.99254837617812,,,,,38.76175335996364
哈尔滨,2022,2,45.8038,126.5349,28,-12.421428571428573,-6.857142857142857,-16.532142857142855,9.674999999999999,-17.717857142857145,-5.296428571428572,68.64285714285714,6.4,0.2285714285714286,4,0,16.0,30.057142857142857,0,0,8.80029871031746,23,1,10.801785714285714,0,0,28,28,,,,,,,,0.0,0.0,0.0,0.0,51.492429789050895,,,,,41.68750724328395
哈尔滨,2022,3,45.8038,126.5349,31,-0.8935483870967742,4.635483870967741,-6.0,10.635483870967741,-6.225806451612903,-5.33225806451613,49.774193548387096,22.8,0.7354838709677419,12,0,21.916129032258063,39.58064516129032,5,7,8.879376971326165,23,4,14.525483870967742,0,0,31,20,,,,,,,,0.0,0.0,0.0,0.0,50.43336892239765,,,,,
哈尔滨,2022,4,45.8038,126.5349,30,8.506666666666666,15.186666666666667,1.5633333333333332,13.623333333333333,3.4799999999999995,-5.026666666666667,42.733333333333334,29.7,0.99,10,0,26.26,46.9,11,11,10.571792777777777,25,0,18.869000000000003,0,0,11,0,,,,,,,,0.0,0.0,0.0,0.0,56.948364423976344,,,,,
哈尔滨,2022,5,45.8038,126.5349,31,14.341935483870968,20.33225806451613,8.129032258064516,12.203225806451613,11.087096774193547,-3.254838709677419,54.903225806451616,82.5,2.661290322580645,21,1,23.061290322580643,41.36451612903225,3,6,10.346199193548387,24,4,19.790967741935482,0,0,0,0,,,,,,,,0.0,0.0,0.0,0.0,69.86745037325515,,,,,
哈尔滨,2022,6,45.8038,126.5349,30,20.09,25.203333333333333,15.08,10.123333333333333,20.116666666666667,0.026666666666666453,72.7,98.5,3.283333333333333,19,0,18.186666666666667,33.75,1,1,10.07935787037037,23,4,20.236666666666668,3,0,0,0,,,,,,,,0.0,0.0,0.0,0.0,80.47083462695734,,,,68.53635062523514,
哈尔滨,2022,7,45.8038,126.5349,31,23.970967741935485,28.183870967741935,19.932258064516127,8.251612903225807,26.345161290322583,2.3741935483870966,78.74193548387096,120.2,3.8774193548387097,25,1,16.10322580645161,30.44516129032258,0,0,10.837033333333334,25,2,19.678709677419352,6,0,0,0,,,,,,,,0.0,0.0,0.0,0.0,79.5659882921644,,,,57.495197877518585,
哈尔滨,2022,8,45.8038,126.5349,31,20.59032258064516,25.093548387096774,16.306451612903224,8.787096774193548,21.135483870967743,0.5451612903225806,75.6774193548387,143.4,4.625806451612903,18,2,20.23225806451613,37.04516129032258,0,3,10.640376344086022,25,1,18.703225806451613,2,0,0,0,,,,,,,,0.0,0.0,0.0,0.0,79.39136537871322,,,,66.89365937685595,
哈尔滨,2022,9,45.8038,126.5349,30,16.813333333333333,22.009999999999998,11.906666666666666,10.103333333333333,15.136666666666667,-1.6766666666666665,68.4,23.1,0.77,13,0,21.276666666666664,37.53,3,5,9.22020925925926,22,4,15.286666666666667,0,0,0,0,,,,,,,,0.0,0.0,0.0,0.0,76.71616067080976,,,,,
哈尔滨,2022,10,45.8038,126.5349,31,6.516129032258065,11.312903225806451,1.803225806451613,9.509677419354839,2.606451612903226,-3.9096774193548387,66.48387096774194,44.8,1.4451612903225806,11,0,20.04516129032258,35.31290322580645,0,1,8.268011559139785,22,3,10.461290322580645,0,0,8,0,,,,,,,,0.0,0.0,0.0,0.0,57.606805362017674,,,,,
哈尔滨,2022,11,45.8038,126.5349,30,-2.5233333333333334,1.6266666666666665,-5.836666666666667,7.463333333333334,-7.53,-5.006666666666666,65.6,16.3,0.5433333333333333,9,0,18.55666666666667,32.95,1,3,6.656020555555555,19,6,6.965,0,0,30,16,,,,,,,,0.0,0.0,0.0,0.0,51.45075707697707,,,,,
哈尔滨,2022,12,45.8038,126.5349,31,-14.13225806451613,-10.558064516129033,-17.164516129032258,6.606451612903226,-19.87741935483871,-5.745161290322581,59.0,9.600000000000001,0.3096774193548388,8,0,18.22258064516129,32.538709677419355,1,1,7.535752598566309,20,1,6.038709677419354,0,0,31,31,,,,,,,,0.0,0.0,0.0,0.0,52.59789398470148,,,,,39.87171499044543
哈尔滨,2023,1,45.8038,126.5349,31,-17.23225806451613,-11.709677419354838,-21.812903225806455,10.103225806451613,-22.716129032258067,-5.483870967741935,65.35483870967742,3.0,0.0967741935483871,5,0,17.183870967741935,29.032258064516128,1,0,7.445417652329749,20,2,7.145806451612904,0,0,31,31,44.23185483870968,63.847311827956986,632.0913978494623,35.37459677419355,29.39516129032258,35.36559139784946,1.1599462365591398,12.0,5.0,0.0,0.0,52.322952879243786,90.6840450256396,63.83128052316253,9.315954974360391,,50.695488538645115
哈尔滨,2023,2,45.8038,126.5349,28,-10.292857142857143,-4.217857142857143,-15.821428571428571,11.603571428571428,-15.678571428571429,-5.385714285714286,64.96428571428571,5.0,0.17857142857142858,5,0,17.660714285714285,31.792857142857144,1,1,8.71565109126984,23,2,10.549285714285714,0,0,28,27,39.13258928571428,56.31011904761905,482.9077380952381,29.795535714285712,23.31220238095238,45.632440476190474,0.587797619047619,11.0,0.0,0.0,0.0,51.32431550690898,91.2984920387994,63.3165684664761,8.701507961200607,,55.575621484482234
哈尔滨,2023,3,45.8038,126.5349,31,1.2096774193548387,7.632258064516129,-4.187096774193549,11.819354838709677,-3.903225806451613,-5.112903225806452,46.774193548387096,8.7,0.2806451612903226,6,0,20.674193548387095,37.74193548387097,3,6,9.55718458781362,24,2,15.23709677419355,0,0,27,14,33.93965053763441,49.97379032258065,338.0389784946237,18.02997311827957,21.1880376344086,55.21639784946236,3.694892473118279,20.0,1.0,4.0,0.0,51.79728844329539,92.17533653562316,63.910702870993724,7.824663464376834,,
哈尔滨,2023,4,45.8038,126.5349,30,7.416666666666667,13.57,1.0966666666666667,12.473333333333333,2.466666666666667,-4.95,44.766666666666666,31.0,1.0333333333333334,9,0,24.84333333333333,44.68,7,10,9.38732962962963,22,5,17.438666666666666,0,0,13,0,27.225416666666668,40.68,263.83888888888885,12.878055555555555,15.028055555555556,65.50416666666666,4.797222222222222,23.0,0.0,3.0,0.0,54.5383979555693,92.87278557694144,66.03871424198094,7.127214423058564,,
哈尔滨,2023,5,45.8038,126.5349,31,15.519354838709678,21.690322580645162,8.893548387096773,12.796774193548387,11.712903225806452,-3.806451612903226,44.45161290322581,47.699999999999996,1.5387096774193547,14,0,23.551612903225806,43.42580645161291,9,10,11.297917204301076,27,1,21.14483870967742,0,0,0,0,19.772849462365592,30.918951612903225,223.97580645161287,15.059543010752687,11.689650537634408,67.95430107526882,7.360215053763441,29.0,0.0,4.0,1.0,71.30617290251004,93.57788234153085,77.98768573421629,6.422117658469148,,
哈尔滨,2023,6,45.8038,126.5349,30,21.78666666666667,27.05666666666667,16.446666666666665,10.610000000000001,21.41,-0.37666666666666704,60.766666666666666,49.5,1.65,19,0,18.259999999999998,34.45,0,2,11.556211666666666,27,1,21.273333333333333,6,1,0,0,25.308194444444446,36.794999999999995,281.5180555555555,20.17763888888889,15.936944444444443,78.75277777777778,1.4930555555555556,25.0,0.0,1.0,7.0,82.41707877931458,92.06474384713827,85.3113782996617,7.935256152861721,67.24450389742694,
哈尔滨,2023,7,45.8038,126.5349,31,22.951612903225808,26.906451612903226,19.312903225806455,7.593548387096774,25.080645161290324,2.129032258064516,82.29032258064517,233.20000000000002,7.522580645161291,25,3,18.287096774193547,34.31290322580645,1,4,8.798118100358423,21,6,17.133870967741935,3,0,0,0,23.110752688172045,34.85362903225807,313.13440860215053,14.5002688172043,6.9752688172043005,71.36962365591398,4.104838709677419,27.0,0.0,3.0,2.0,79.49892900205833,93.0663591903068,83.56915805853286,6.933640809693207,58.7932052672762,
哈尔滨,2023,8,45.8038,126.5349,31,21.774193548387096,25.6,18.438709677419357,7.161290322580645,23.335483870967742,1.5612903225806454,81.74193548387096,139.9,4.512903225806451,22,1,18.4741935483871,33.729032258064514,1,2,9.095542741935484,22,6,16.506451612903227,1,0,0,0,15.45739247311828,22.570564516129032,261.46639784946234,14.850537634408603,5.988306451612903,52.59811827956989,1.1263440860215053,31.0,0.0,0.0,0.0,79.68494570990303,94.93404269306798,84.25967480485252,5.065957306932022,62.54250471383023,
哈尔滨,2023,9,45.8038,126.5349,30,17.516666666666666,22.65666666666667,12.533333333333333,10.123333333333333,16.37,-1.1466666666666667,71.2,46.900000000000006,1.5633333333333335,12,0,20.003333333333334,35.663333333333334,2,3,10.529292962962963,26,0,15.997333333333334,0,0,0,0,14.941944444444443,22.499166666666667,328.5097222222222,14.462222222222222,7.487361111111111,54.097222222222214,2.2069444444444444,29.0,0.0,1.0,0.0,78.46352365793365,94.84022585136623,83.37653431596343,5.159774148633777,,
哈尔滨,2023,10,45.8038,126.5349,31,8.558064516129033,14.458064516129031,3.1322580645161286,11.325806451612902,4.845161290322581,-3.7129032258064516,60.67741935483871,27.9,0.8999999999999999,7,0,19.08709677419355,34.00322580645161,0,1,9.498079480286737,28,1,11.959999999999999,0,0,5,0,18.42002688172043,27.473655913978494,375.93682795698925,17.276612903225804,10.75510752688172,37.196236559139784,1.4408602150537635,30.0,0.0,1.0,0.0,61.55263077952935,95.02595151249785,71.59462699941989,4.974048487502162,,
哈尔滨,2023,11,45.8038,126.5349,30,-9.363333333333333,-5.216666666666667,-13.629999999999999,8.413333333333334,-14.646666666666667,-5.283333333333333,79.2,46.1,1.5366666666666666,13,0,19.916666666666668,31.84,3,2,6.313971203703703,17,7,7.097333333333333,0,0,30,27,24.444305555555555,36.55513888888889,455.27638888888885,22.259583333333335,10.210972222222221,39.475,3.0638888888888887,24.0,0.0,4.0,0.0,47.78521541129253,93.89546175148534,61.618289313350374,6.104538248514648,,
哈尔滨,2023,12,45.8038,126.5349,31,-16.451612903225808,-12.09032258064516,-20.98709677419355,8.896774193548387,-21.929032258064513,-5.477419354838709,76.70967741935483,10.9,0.35161290322580646,6,0,17.225806451612904,27.74516129032258,2,1,7.027414695340502,13,2,6.071612903225806,0,0,31,31,25.625,37.296370967741936,451.0510752688172,21.021505376344084,11.353360215053764,38.08467741935484,0.9475806451612904,25.0,0.0,0.0,0.0,49.595227438845406,93.89058836124522,62.88383571556535,6.109411638754784,,49.98701489078414
哈尔滨,2024,1,45.8038,126.5349,31,-17.503225806451614,-12.374193548387098,-23.31935483870968,10.94516129032258,-23.05483870967742,-5.551612903225807,79.45161290322581,4.2,0.13548387096774195,9,0,16.91290322580645,26.73225806451613,0,0,7.348147043010752,16,1,6.934193548387097,0,0,31,31,26.616666666666667,38.31075268817204,532.5188172043011,23.889112903225808,12.964516129032257,36.75806451612903,0.1706989247311828,26.0,0.0,0.0,0.0,48.98851583288327,93.59834779122883,62.37146542038694,6.401652208771174,,49.02965864295042
哈尔滨,2024,2,45.8038,126.5349,29,-11.879310344827585,-5.610344827586206,-18.055172413793105,12.444827586206898,-17.23448275862069,-5.355172413793104,69.51724137931035,5.6,0.19310344827586207,6,0,17.627586206896552,29.313793103448276,2,3,8.73625153256705,24,2,10.933103448275862,0,0,29,27,29.941235632183908,44.213793103448275,497.6336206896552,20.192385057471263,14.130603448275863,46.37787356321839,2.028735632183908,21.0,0.0,1.0,0.0,50.25259317292931,92.92844439142708,63.05534853847863,7.071555608572921,,54.61714222012801
哈尔滨,2024,3,45.8038,126.5349,31,-2.0,4.180645161290323,-7.483870967741935,11.66451612903226,-7.219354838709678,-5.219354838709678,48.16129032258065,11.2,0.36129032258064514,9,0,21.396774193548385,38.50967741935484,5,6,9.945051971326166,26,1,15.700967741935484,0,0,31,20,24.092876344086022,36.126478494623655,347.0806451612903,15.84287634408602,9.914516129032258,57.471774193548384,3.5672043010752685,27.0,0.0,3.0,0.0,51.69832961573569,93.48600113011635,64.23463107004989,6.513998869883638,,
哈尔滨,2024,4,45.8038,126.5349,30,9.786666666666667,16.263333333333332,3.67,12.593333333333334,5.653333333333333,-4.133333333333334,50.2,14.2,0.47333333333333333,11,0,22.240000000000002,41.03,4,6,10.551582685185185,25,1,18.562333333333335,0,0,9,2,28.044444444444444,43.615972222222226,339.7097222222222,12.030694444444444,7.198194444444444,72.26666666666667,6.204166666666667,23.0,1.0,7.0,1.0,62.43974125307307,92.52611522401689,71.4656534443562,7.473884775983111,,
哈尔滨,2024,5,45.8038,126.5349,31,15.154838709677419,20.483870967741936,9.283870967741937,11.2,11.580645161290322,-3.574193548387097,51.32258064516129,102.7,3.3129032258064517,11,0,24.45483870967742,43.599999999999994,6,7,9.02760546594982,21,5,18.233548387096775,0,0,0,0,16.91034946236559,25.22298387096774,310.1545698924731,10.562903225806451,5.373521505376344,79.15456989247312,2.717741935483871,29.0,0.0,1.0,3.0,70.57083971272317,93.63889562531921,77.49125648650198,6.361104374680794,,
哈尔滨,2024,6,45.8038,126.5349,30,19.41,24.0,14.983333333333333,9.016666666666667,19.153333333333332,-0.2566666666666669,74.7,210.2,7.006666666666666,26,1,20.94,38.04666666666667,2,4,8.35463675925926,20,7,18.12933333333333,1,0,0,0,22.28611111111111,33.88027777777778,314.8513888888889,11.15375,6.783055555555555,76.99027777777778,4.822222222222222,27.0,0.0,5.0,7.0,79.41688696563232,93.05298939865118,83.50771769553798,6.947010601348812,69.38070458465005,
哈尔滨,2024,7,45.8038,126.5349,31,23.82903225806452,27.887096774193548,19.687096774193545,8.2,26.151612903225807,2.3225806451612905,78.87096774193549,217.5,7.016129032258065,21,2,17.10967741935484,32.119354838709675,2,3,10.58274005376344,23,4,20.156774193548387,5,0,0,0,30.618413978494623,44.215725806451616,422.73790322580646,15.079032258064515,6.895161290322581,72.42204301075269,0.8118279569892474,22.0,1.0,0.0,3.0,78.61195489216836,92.04276693707553,82.6411985056405,7.957233062924477,57.83353212712036,
哈尔滨,2024,8,45.8038,126.5349,31,23.17096774193548,27.009677419354837,19.648387096774194,7.361290322580645,25.687096774193545,2.5161290322580645,83.3225806451613,181.39999999999998,5.8516129032258055,24,1,16.425806451612903,31.429032258064513,0,2,9.21392634408602,22,3,16.62258064516129,1,0,0,0,16.232258064516127,23.44018817204301,314.3279569892473,16.039650537634408,5.813172043010753,55.56989247311827,0.6518817204301075,30.0,0.0,0.0,0.0,79.60943132053076,94.59604878968396,84.10541656127671,5.403951210316041,58.66953572903292,
哈尔滨,2024,9,45.8038,126.5349,30,16.34,21.88,11.383333333333333,10.496666666666666,14.746666666666666,-1.593333333333334,69.6,27.1,0.9033333333333334,7,0,19.87,35.86,4,4,9.277873796296296,23,3,15.448666666666666,0,0,0,0,12.020694444444445,17.527916666666666,285.9875,14.440555555555555,6.364999999999999,48.983333333333334,0.48333333333333334,30.0,0.0,0.0,0.0,76.36475183473247,95.49952093466388,82.10518256471188,4.500479065336134,,
哈尔滨,2024,10,45.8038,126.5349,31,7.97741935483871,13.083870967741936,3.229032258064516,9.85483870967742,3.9741935483870967,-4.003225806451613,62.87096774193548,25.4,0.8193548387096774,8,0,20.88064516129032,37.09032258064516,2,3,8.68002275985663,22,1,11.055806451612904,0,0,4,0,17.838172043010754,26.993279569892472,371.93548387096774,15.765322580645162,9.719489247311829,40.63709677419355,2.1129032258064515,30.0,0.0,0.0,0.0,60.47815576155691,95.0165659685031,70.83967882364077,4.983434031496903,,
哈尔滨,2024,11,45.8038,126.5349,30,-1.6933333333333331,2.22,-5.5233333333333325,7.743333333333334,-6.283333333333333,-4.59,66.36666666666666,20.4,0.6799999999999999,11,0,17.416666666666668,32.016666666666666,0,0,6.1907330555555555,15,6,6.575333333333333,0,0,26,15,30.064583333333335,37.02597222222222,507.46666666666664,20.158194444444444,14.989305555555555,36.03611111111111,2.566666666666667,19.0,0.0,2.0,0.0,51.47828463597261,93.48810342673526,64.0812302732014,6.511896573264736,,
哈尔滨,2024,12,45.8038,126.5349,31,-15.290322580645162,-11.193548387096774,-19.164516129032258,7.970967741935484,-20.280645161290323,-4.990322580645162,78.61290322580645,3.6,0.11612903225806452,9,0,12.261290322580646,22.55806451612903,0,0,7.395479928315412,17,1,6.06,0,0,31,31,37.05470430107526,39.718682795698925,536.1290322580645,24.334274193548385,14.929301075268818,43.567204301075265,1.3413978494623655,16.0,1.0,1.0,0.0,50.45812498667939,92.17203831538338,62.97229898529058,7.827961684616631,,50.613437897940166
哈尔滨,2025,1,45.8038,126.5349,31,-16.861290322580647,-12.23225806451613,-20.970967741935485,8.738709677419354,-21.570967741935487,-4.709677419354839,82.09677419354838,5.1,0.16451612903225804,11,0,10.361290322580645,19.4741935483871,0,0,6.043383870967742,9,5,6.267741935483872,0,0,31,31,54.74784946236559,57.04475806451613,875.9677419354839,30.61545698924731,21.102016129032258,36.75940860215054,0.9569892473118279,6.0,5.0,0.0,0.0,49.367060641853044,89.8260318567038,61.50475200630828,10.173968143296182,,48.0640988658534
哈尔滨,2025,2,45.8038,126.5349,28,-14.239285714285714,-8.189285714285715,-20.082142857142856,11.892857142857142,-19.310714285714287,-5.071428571428571,77.28571428571429,4.2,0.15,7,0,14.907142857142857,27.571428571428573,0,1,8.513422718253969,21,1,10.978214285714285,0,0,28,28,35.47008928571429,42.48854166666667,520.2217261904763,18.271577380952383,12.015178571428573,60.46279761904761,9.550595238095237,18.0,2.0,7.0,0.0,49.156446921891934,91.82106566242263,61.95583254405114,8.178934337577365,,51.665653375216365
哈尔滨,2025,3,45.8038,126.5349,31,-1.1580645161290322,3.925806451612903,-5.696774193548387,9.62258064516129,-5.970967741935484,-4.812903225806451,53.87096774193548,16.9,0.5451612903225806,10,0,18.358064516129033,36.86129032258064,2,3,8.707298655913979,22,3,14.153225806451612,0,0,30,16,32.59946236559139,38.41505376344086,422.31317204301075,14.186827956989248,11.643279569892472,71.33198924731182,9.001344086021504,20.0,1.0,9.0,0.0,52.792042902871025,91.92584869018053,64.53218463906389,8.074151309819467,,
哈尔滨,2025,4,45.8038,126.5349,30,8.743333333333334,14.386666666666667,3.5966666666666667,10.79,5.276666666666667,-3.466666666666667,62.93333333333333,64.10000000000001,2.136666666666667,17,0,18.136666666666667,36.96666666666667,1,3,9.19791601851852,22,3,16.557666666666666,0,0,3,0,28.559166666666666,34.36611111111111,405.7291666666667,13.933194444444444,9.927083333333334,78.35833333333333,10.081944444444444,20.0,0.0,10.0,1.0,61.05161191637951,92.08078068796844,70.36036254785618,7.919219312031554,,
哈尔滨,2025,5,45.8038,126.5349,31,15.151612903225805,20.480645161290322,9.538709677419355,10.941935483870967,12.758064516129032,-2.393548387096774,57.645161290322584,44.5,1.435483870967742,20,0,18.17096774193548,38.15161290322581,0,3,9.882924193548387,23,3,19.346129032258066,3,0,0,0,23.556989247311826,28.549462365591395,310.3306451612903,11.357930107526881,8.702016129032257,85.45295698924731,9.05779569892473,27.0,0.0,9.0,7.0,73.26378814313844,92.5356034501386,79.04533273523849,7.464396549861414,,
哈尔滨,2025,6,45.8038,126.5349,30,21.136666666666667,25.933333333333334,16.55,9.383333333333333,21.55,0.41333333333333383,69.03333333333333,129.8,4.326666666666667,19,1,17.5,35.669999999999995,0,3,10.071853425925926,20,1,20.115333333333336,6,1,0,0,24.776666666666664,27.032638888888886,317.9555555555555,14.341111111111111,8.695277777777779,84.17222222222222,4.219444444444444,26.0,0.0,4.0,6.0,80.51198415431391,92.34947340003913,84.06323092803147,7.650526599960878,65.62467761114091,
哈尔滨,2025,7,45.8038,126.5349,31,25.690322580645162,29.932258064516127,21.661290322580644,8.270967741935483,28.258064516129032,2.5677419354838706,74.06451612903226,125.7,4.054838709677419,20,0,17.093548387096774,35.26774193548387,0,2,10.841203673835127,24,4,20.541612903225804,15,0,0,0,14.012231182795698,14.394086021505375,312.8682795698925,13.903629032258063,9.23965053763441,78.8494623655914,0.625,31.0,0.0,0.0,6.0,76.71456562074668,93.83704974476636,81.85131085795258,6.162950255233637,51.87914774419777,
哈尔滨,2025,8,45.8038,126.5349,31,22.070967741935487,26.351612903225806,18.161290322580644,8.190322580645162,23.80322580645161,1.7322580645161292,78.6774193548387,121.7,3.925806451612903,24,0,13.880645161290323,29.970967741935485,0,0,10.093708691756271,24,0,17.491612903225807,1,0,0,0,14.46774193548387,15.889247311827956,335.81854838709677,19.82755376344086,8.122849462365592,54.645161290322584,2.5913978494623655,31.0,0.0,1.0,0.0,83.77351410548316,94.652164498218,87.0371092233036,5.347835501782,63.256495250669985,
哈尔滨,2025,9,45.8038,126.5349,30,18.303333333333335,23.81,13.566666666666666,10.243333333333334,17.55,-0.7533333333333334,69.1,38.7,1.29,15,0,18.386666666666667,38.45,1,6,10.469635092592593,27,1,16.329333333333334,0,0,0,0,14.755972222222223,16.56361111111111,349.1375,18.090138888888887,10.385972222222222,58.33194444444444,3.281944444444444,30.0,0.0,1.0,0.0,79.93098458585314,94.47111232781002,84.2930229084402,5.528887672189983,,
哈尔滨,2025,10,45.8038,126.5349,31,5.329032258064516,10.3,1.261290322580645,9.038709677419355,1.7290322580645159,-3.6,61.96774193548387,12.6,0.4064516129032258,9,0,14.929032258064517,30.1,0,0,8.173691129032258,21,3,10.644516129032258,0,0,16,1,21.466397849462364,23.070967741935483,363.2540322580645,18.38494623655914,11.357930107526881,47.35349462365591,2.5,29.0,0.0,1.0,0.0,59.91608470815235,94.23168985831879,70.21076625320227,5.768310141681216,,
哈尔滨,2025,11,45.8038,126.5349,30,-1.52,2.216666666666667,-5.13,7.346666666666667,-6.443333333333333,-4.923333333333333,57.9,10.4,0.3466666666666667,8,0,18.003333333333334,34.67333333333333,0,1,6.795581018518519,18,5,6.891,0,0,30,15,30.814166666666665,35.765277777777776,428.6319444444444,17.681527777777777,13.61138888888889,40.915277777777774,7.041666666666666,20.0,0.0,7.0,0.0,52.9556278916385,93.40751243805751,65.09119325556419,6.592487561942479,,
哈尔滨,2025,12,45.8038,126.5349,31,-13.26774193548387,-9.183870967741935,-17.490322580645163,8.306451612903226,-18.616129032258065,-5.348387096774193,61.193548387096776,9.0,0.2903225806451613,6,0,16.003225806451614,30.325806451612905,1,2,7.18073682795699,19,3,5.781290322580645,0,0,31,31,28.876612903225805,30.424193548387095,486.56317204301075,18.45739247311828,16.72002688172043,36.9260752688172,0.9946236559139785,24.0,0.0,0.0,0.0,53.13593800680998,93.72129391667238,65.3115447797687,6.278706083327624,,54.1381734156229
大理,2016,1,25.6065,100.2676,31,7.477419354838709,12.638709677419355,3.4741935483870967,9.16451612903226,4.648387096774194,-2.8290322580645157,69.16129032258064,25.8,0.832258064516129,9,0,12.761290322580646,46.593548387096774,0,10,9.44828799283154,28,0,14.28032258064516,0,0,2,0,,,,,,,,0.0,0.0,0.0,0.0,59.66379164333086,,,,,76.97693209991766
大理,2016,2,25.6065,100.2676,29,9.644827586206896,14.493103448275862,5.706896551724138,8.786206896551725,7.472413793103448,-2.1724137931034484,75.75862068965517,60.2,2.075862068965517,16,0,12.989655172413793,48.45517241379311,0,14,8.543379693486589,22,4,13.798275862068964,0,0,0,0,,,,,,,,0.0,0.0,0.0,0.0,61.760124316378324,,,,,77.20383820164504
大理,2016,3,25.6065,100.2676,31,13.932258064516128,20.061290322580643,8.225806451612904,11.83548387096774,11.796774193548387,-2.135483870967742,61.193548387096776,10.2,0.3290322580645161,17,0,16.470967741935485,59.3258064516129,0,23,11.117207437275985,31,0,21.04064516129032,0,0,0,0,,,,,,,,0.0,0.0,0.0,0.0,71.65492749770087,,,,,
大理,2016,4,25.6065,100.2676,30,16.353333333333335,21.95,11.389999999999999,10.56,15.166666666666666,-1.1866666666666665,67.96666666666667,49.8,1.66,23,0,16.593333333333334,63.59,0,27,10.807310277777779,26,0,20.070333333333334,0,0,0,0,,,,,,,,0.0,0.0,0.0,0.0,76.3973700762071,,,,,
大理,2016,5,25.6065,100.2676,31,18.47741935483871,23.806451612903224,13.951612903225806,9.85483870967742,18.4,-0.07741935483870963,70.70967741935483,112.2,3.6193548387096777,23,1,12.816129032258065,47.512903225806454,0,13,10.36165224014337,25,3,20.409032258064514,0,0,0,0,,,,,,,,0.0,0.0,0.0,0.0,80.91653932707679,,,,,
大理,2016,6,25.6065,100.2676,30,19.996666666666666,24.19,16.83,7.36,21.476666666666667,1.4800000000000002,80.9,179.6,5.986666666666666,30,1,9.983333333333333,37.669999999999995,0,1,8.777066666666666,20,4,17.451666666666664,0,0,0,0,,,,,,,,0.0,0.0,0.0,0.0,83.48671785287726,,,,66.76420371535887,
大理,2016,7,25.6065,100.2676,31,19.432258064516127,23.106451612903225,17.07741935483871,6.0290322580645155,21.425806451612903,1.9935483870967745,88.09677419354838,263.0,8.483870967741936,31,1,7.461290322580646,32.57741935483871,0,0,6.198852060931899,13,9,14.277419354838708,0,0,0,0,,,,,,,,0.0,0.0,0.0,0.0,81.61738993172577,,,,64.53168738399023,
大理,2016,8,25.6065,100.2676,31,20.361290322580647,25.148387096774194,16.92258064516129,8.225806451612904,22.774193548387096,2.412903225806452,84.58064516129032,283.4,9.141935483870967,30,1,6.319354838709677,27.932258064516127,0,1,10.150179928315412,29,2,19.25741935483871,0,0,0,0,,,,,,,,0.0,0.0,0.0,0.0,83.00307960871294,,,,64.83337616395485,
大理,2016,9,25.6065,100.2676,30,18.956666666666667,22.69,16.396666666666665,6.293333333333334,20.52,1.5633333333333335,84.4,183.0,6.1,28,0,7.46,30.81,0,0,7.794396944444444,20,4,14.346666666666666,0,0,0,0,,,,,,,,0.0,0.0,0.0,0.0,82.12167076613768,,,,,
大理,2016,10,25.6065,100.2676,31,17.716129032258067,21.748387096774195,14.496774193548386,7.251612903225807,18.299999999999997,0.5838709677419355,79.58064516129032,64.7,2.0870967741935487,23,0,8.329032258064515,33.251612903225805,0,1,8.954707258064516,26,3,15.069354838709677,0,0,0,0,,,,,,,,0.0,0.0,0.0,0.0,80.06203232532144,,,,,
大理,2016,11,25.6065,100.2676,30,13.78,18.543333333333333,10.173333333333334,8.37,12.853333333333333,-0.9266666666666665,76.0,26.7,0.89,13,0,9.729999999999999,38.25333333333333,0,3,9.050534444444445,24,0,13.806666666666667,0,0,0,0,,,,,,,,0.0,0.0,0.0,0.0,72.59388545657681,,,,,
大理,2016,12,25.6065,100.2676,31,11.13225806451613,16.00967741935484,7.338709677419355,8.670967741935485,9.27741935483871,-1.8548387096774193,71.48387096774194,14.8,0.4774193548387097,12,0,9.896774193548387,36.39354838709678,0,3,9.03418082437276,23,1,12.536129032258065,0,0,0,0,,,,,,,,0.0,0.0,0.0,0.0,67.72483793390485,,,,,80.26874124366066
大理,2017,1,25.6065,100.2676,31,9.396774193548387,15.667741935483871,4.429032258064517,11.238709677419354,6.319354838709677,-3.07741935483871,63.45161290322581,11.9,0.3838709677419355,3,0,15.183870967741935,40.97096774193548,0,2,9.972507347670252,29,1,16.008387096774193,0,0,0,0,,,,,,,,0.0,0.0,0.0,0.0,63.22286726554492,,,,,80.2804329425912
大理,2017,2,25.6065,100.2676,28,11.174999999999999,17.853571428571428,5.742857142857143,12.110714285714284,8.135714285714286,-3.039285714285714,59.464285714285715,23.4,0.8357142857142856,8,0,17.571428571428573,48.81785714285714,0,12,10.728259722222221,27,0,17.967142857142857,0,0,0,0,,,,,,,,0.0,0.0,0.0,0.0,66.09709010786828,,,,,82.02094404185137
大理,2017,3,25.6065,100.2676,31,11.980645161290322,17.674193548387095,7.509677419354839,10.16451612903226,9.670967741935485,-2.309677419354839,68.12903225806451,67.3,2.170967741935484,19,0,17.47741935483871,49.36451612903225,0,12,9.990787275985664,27,1,19.32709677419355,0,0,0,0,,,,,,,,0.0,0.0,0.0,0.0,67.32971066629786,,,,,
大理,2017,4,25.6065,100.2676,30,14.956666666666667,20.313333333333333,10.743333333333334,9.569999999999999,13.716666666666667,-1.24,73.5,96.39999999999999,3.213333333333333,16,1,15.543333333333333,43.3,0,6,10.17252324074074,23,2,19.82766666666667,0,0,0,0,,,,,,,,0.0,0.0,0.0,0.0,72.39471390135209,,,,,
大理,2017,5,25.6065,100.2676,31,17.60967741935484,22.770967741935483,13.264516129032257,9.506451612903225,17.15806451612903,-0.4516129032258067,70.64516129032258,65.4,2.109677419354839,16,0,13.95483870967742,38.20322580645161,0,4,10.082537544802866,24,4,20.483870967741936,0,0,0,0,,,,,,,,0.0,0.0,0.0,0.0,78.82647182346007,,,,,
大理,2017,6,25.6065,100.2676,30,20.36,25.186666666666667,16.736666666666668,8.45,20.986666666666668,0.6266666666666667,75.3,55.2,1.84,25,0,14.186666666666667,38.85333333333333,0,0,10.382086851851852,24,0,19.947333333333333,0,0,0,0,,,,,,,,0.0,0.0,0.0,0.0,84.88565625058996,,,,69.13732694111862,
大理,2017,7,25.6065,100.2676,31,19.029032258064515,22.5258064516129,16.541935483870965,5.983870967741935,20.683870967741935,1.6548387096774198,87.09677419354838,349.7,11.280645161290321,29,3,9.290322580645162,28.56451612903226,0,0,7.244878494623656,16,8,15.170967741935485,0,0,0,0,,,,,,,,0.0,0.0,0.0,0.0,80.58947013995032,,,,66.33635604812338,
大理,2017,8,25.6065,100.2676,31,19.496774193548386,23.02258064516129,17.09032258064516,5.932258064516129,21.345161290322583,1.8483870967741935,87.87096774193549,340.8,10.993548387096775,28,3,9.474193548387097,29.241935483870968,0,0,7.805506182795699,17,6,15.244193548387097,0,0,0,0,,,,,,,,0.0,0.0,0.0,0.0,81.17518991719638,,,,65.37690341204133,
大理,2017,9,25.6065,100.2676,30,19.323333333333334,23.32,16.529999999999998,6.79,20.626666666666665,1.3033333333333332,83.7,103.3,3.4433333333333334,21,0,10.916666666666666,30.983333333333334,0,0,9.991742685185185,26,1,16.628666666666668,0,0,0,0,,,,,,,,0.0,0.0,0.0,0.0,82.1923692252207,,,,,
大理,2017,10,25.6065,100.2676,31,16.9,20.648387096774194,14.129032258064516,6.519354838709678,17.187096774193545,0.28709677419354895,81.6774193548387,59.4,1.9161290322580644,25,0,9.980645161290322,29.13225806451613,0,0,8.980665681003584,24,3,13.850322580645162,0,0,0,0,,,,,,,,0.0,0.0,0.0,0.0,77.40292341219205,,,,,
大理,2017,11,25.6065,100.2676,30,12.72,17.490000000000002,9.203333333333335,8.286666666666667,11.186666666666667,-1.5333333333333334,75.76666666666667,24.6,0.8200000000000001,7,0,12.389999999999999,34.376666666666665,0,1,9.275929444444445,27,2,14.296666666666665,0,0,0,0,,,,,,,,0.0,0.0,0.0,0.0,69.13102320932742,,,,,
大理,2017,12,25.6065,100.2676,31,10.380645161290323,16.225806451612904,6.216129032258065,10.009677419354839,8.02258064516129,-2.358064516129032,72.6774193548387,4.8,0.15483870967741936,2,0,13.496774193548386,36.538709677419355,0,0,9.700670788530466,28,0,14.733225806451614,0,0,0,0,,,,,,,,0.0,0.0,0.0,0.0,64.60071585259934,,,,,79.33648845762507
大理,2018,1,25.6065,100.2676,31,8.616129032258065,14.135483870967741,4.516129032258065,9.619354838709677,5.570967741935483,-3.045161290322581,69.29032258064517,28.8,0.9290322580645162,6,0,15.83548387096774,42.66451612903226,0,10,8.773357168458782,25,4,14.307096774193548,0,0,0,0,,,,,,,,0.0,0.0,0.0,0.0,60.30263882816124,,,,,77.58085051431497
大理,2018,2,25.6065,100.2676,28,11.049999999999999,17.660714285714285,5.575,12.085714285714285,7.764285714285714,-3.2857142857142856,57.142857142857146,2.2,0.07857142857142858,3,0,18.835714285714285,49.957142857142856,0,14,10.261372718253968,25,0,17.298571428571428,0,0,0,0,,,,,,,,0.0,0.0,0.0,0.0,65.884733058471,,,,,81.59780542113404
大理,2018,3,25.6065,100.2676,31,13.303225806451612,20.270967741935483,7.409677419354838,12.861290322580645,10.719354838709679,-2.583870967741935,57.96774193548387,8.1,0.26129032258064516,9,0,16.848387096774193,46.20967741935484,0,11,10.86443422939068,30,0,20.356129032258064,0,0,0,0,,,,,,,,0.0,0.0,0.0,0.0,71.1301676500017,,,,,
大理,2018,4,25.6065,100.2676,30,16.163333333333334,22.94,10.479999999999999,12.46,14.21,-1.9533333333333336,58.6,29.2,0.9733333333333333,13,0,16.726666666666667,45.74666666666667,0,9,11.189906944444443,29,1,21.375999999999998,0,0,0,0,,,,,,,,0.0,0.0,0.0,0.0,75.92511786167411,,,,,
大理,2018,5,25.6065,100.2676,31,18.532258064516128,24.393548387096775,13.880645161290323,10.51290322580645,17.822580645161292,-0.709677419354839,67.19354838709677,90.4,2.916129032258065,17,0,15.603225806451613,43.82258064516129,0,7,10.752616845878137,26,2,20.32451612903226,0,0,0,0,,,,,,,,0.0,0.0,0.0,0.0,80.88581364286141,,,,,
大理,2018,6,25.6065,100.2676,30,19.396666666666665,23.459999999999997,16.646666666666665,6.8133333333333335,20.646666666666665,1.25,84.36666666666666,158.6,5.286666666666666,27,0,11.623333333333333,33.526666666666664,0,0,7.655385648148148,15,5,17.022666666666666,0,0,0,0,,,,,,,,0.0,0.0,0.0,0.0,81.52040582258675,,,,67.0505699727582,
大理,2018,7,25.6065,100.2676,31,19.822580645161292,23.64516129032258,17.17096774193548,6.474193548387096,21.82903225806452,2.0064516129032257,87.80645161290323,295.7,9.538709677419355,30,2,9.548387096774194,29.0258064516129,0,0,7.699237544802867,15,3,16.285806451612903,0,0,0,0,,,,,,,,0.0,0.0,0.0,0.0,82.80226688691567,,,,64.52629429888886,
大理,2018,8,25.6065,100.2676,31,19.490322580645163,23.187096774193545,16.774193548387096,6.412903225806451,21.53548387096774,2.0451612903225804,88.54838709677419,437.3,14.106451612903227,31,5,9.37741935483871,30.27741935483871,0,0,9.659041845878138,24,1,17.370967741935484,0,0,0,0,,,,,,,,0.0,0.0,0.0,0.0,80.94334497559686,,,,65.85305526208387,
大理,2018,9,25.6065,100.2676,30,18.816666666666666,22.816666666666666,16.073333333333334,6.743333333333334,20.223333333333336,1.4066666666666663,86.33333333333333,241.79999999999998,8.059999999999999,30,3,10.433333333333334,30.763333333333332,0,0,9.812821481481482,26,2,16.850666666666665,0,0,0,0,,,,,,,,0.0,0.0,0.0,0.0,80.18948442229322,,,,,
大理,2018,10,25.6065,100.2676,31,15.219354838709679,19.52258064516129,12.135483870967741,7.387096774193548,14.741935483870968,-0.47741935483870973,81.51612903225806,125.7,4.054838709677419,20,1,12.341935483870968,33.75806451612903,0,0,8.901027777777777,22,4,15.12258064516129,0,0,0,0,,,,,,,,0.0,0.0,0.0,0.0,73.12318845075069,,,,,
大理,2018,11,25.6065,100.2676,30,11.513333333333332,17.02,7.28,9.74,9.363333333333333,-2.15,70.76666666666667,3.7,0.12333333333333334,3,0,14.139999999999999,37.986666666666665,0,1,10.053520092592594,29,1,16.473666666666666,0,0,0,0,,,,,,,,0.0,0.0,0.0,0.0,67.26892017374372,,,,,
大理,2018,12,25.6065,100.2676,31,9.716129032258063,15.041935483870969,5.67741935483871,9.364516129032259,7.15483870967742,-2.5612903225806454,73.0,30.500000000000004,0.9838709677419356,6,1,15.003225806451614,42.12580645161291,0,4,9.572687365591397,28,0,13.751290322580646,0,0,0,0,,,,,,,,0.0,0.0,0.0,0.0,62.73906848409202,,,,,78.36723919245135
大理,2019,1,25.6065,100.2676,31,8.570967741935483,14.670967741935485,3.8870967741935485,10.783870967741937,5.590322580645162,-2.980645161290323,68.54838709677419,19.799999999999997,0.6387096774193547,5,0,15.09032258064516,41.99677419354839,0,5,10.074535931899641,29,1,15.126774193548387,0,0,0,0,,,,,,,,0.0,0.0,0.0,0.0,60.624532048363285,,,,,78.78362680627691
大理,2019,2,25.6065,100.2676,28,10.407142857142857,16.914285714285715,5.007142857142857,11.907142857142857,7.257142857142857,-3.15,61.785714285714285,26.6,0.9500000000000001,10,0,17.782142857142855,50.36071428571428,0,13,10.210564781746031,24,0,17.740714285714287,0,0,0,0,,,,,,,,0.0,0.0,0.0,0.0,64.49494599435295,,,,,80.79944134198242
大理,2019,3,25.6065,100.2676,31,12.103225806451613,18.68064516129032,6.764516129032257,11.916129032258064,9.558064516129033,-2.545161290322581,65.3225806451613,19.7,0.635483870967742,10,0,17.39032258064516,50.33870967741935,0,16,10.659774641577062,30,0,19.383548387096774,0,0,0,0,,,,,,,,0.0,0.0,0.0,0.0,67.69898004646292,,,,,
大理,2019,4,25.6065,100.2676,30,16.563333333333333,23.496666666666666,10.34,13.156666666666666,14.756666666666666,-1.8066666666666664,60.1,12.7,0.4233333333333333,11,0,17.936666666666667,50.38666666666666,0,16,11.939817777777778,30,0,22.457333333333334,0,0,0,0,,,,,,,,0.0,0.0,0.0,0.0,76.42387123960725,,,,,
大理,2019,5,25.6065,100.2676,31,20.91290322580645,27.90967741935484,14.33548387096774,13.574193548387097,19.62258064516129,-1.290322580645161,52.806451612903224,2.2,0.07096774193548387,3,0,18.529032258064515,49.03548387096774,0,12,12.699579928315412,31,0,24.151935483870968,6,0,0,0,,,,,,,,0.0,0.0,0.0,0.0,84.4622199072136,,,,,
大理,2019,6,25.6065,100.2676,30,21.486666666666668,27.40666666666667,17.133333333333333,10.273333333333333,22.0,0.5133333333333336,71.53333333333333,72.5,2.4166666666666665,26,0,16.096666666666668,44.666666666666664,0,5,10.894501018518518,27,1,20.980666666666664,2,0,0,0,,,,,,,,0.0,0.0,0.0,0.0,85.34835475218622,,,,67.24826027843424,
大理,2019,7,25.6065,100.2676,31,19.66774193548387,23.16774193548387,17.509677419354837,5.658064516129032,21.293548387096774,1.6258064516129034,87.16129032258064,317.7,10.248387096774193,31,4,11.46774193548387,34.05483870967742,0,2,6.818341397849462,12,9,15.134516129032258,0,0,0,0,,,,,,,,0.0,0.0,0.0,0.0,80.95065493638053,,,,64.95260720242943,
大理,2019,8,25.6065,100.2676,31,20.27741935483871,24.41290322580645,17.174193548387095,7.238709677419355,22.370967741935484,2.093548387096774,84.54838709677419,288.1,9.293548387096775,27,2,9.009677419354839,28.493548387096773,0,0,10.351925896057349,25,1,19.284193548387094,0,0,0,0,,,,,,,,0.0,0.0,0.0,0.0,82.64402439576014,,,,65.49383947834325,
大理,2019,9,25.6065,100.2676,30,18.220000000000002,21.83,15.636666666666667,6.1933333333333325,19.236666666666668,1.0166666666666666,83.83333333333333,191.9,6.3966666666666665,29,2,10.416666666666666,29.673333333333336,0,0,8.679304166666666,19,3,15.729333333333333,0,0,0,0,,,,,,,,0.0,0.0,0.0,0.0,79.80353819132564,,,,,
大理,2019,10,25.6065,100.2676,31,16.361290322580643,20.87741935483871,13.035483870967743,7.841935483870968,16.274193548387096,-0.08709677419354848,81.12903225806451,63.8,2.0580645161290323,21,1,11.77741935483871,32.561290322580646,0,0,10.59880940860215,29,0,16.574838709677422,0,0,0,0,,,,,,,,0.0,0.0,0.0,0.0,75.97034511045574,,,,,
大理,2019,11,25.6065,100.2676,30,13.879999999999999,19.46333333333333,9.596666666666666,9.866666666666667,12.373333333333333,-1.5066666666666668,72.76666666666667,5.3,0.17666666666666667,9,0,13.29,37.00666666666667,0,3,10.224205370370369,30,0,15.913333333333332,0,0,0,0,,,,,,,,0.0,0.0,0.0,0.0,71.99619342913141,,,,,
大理,2019,12,25.6065,100.2676,31,8.964516129032257,14.838709677419354,4.303225806451613,10.535483870967743,5.958064516129032,-3.0064516129032257,65.74193548387096,17.2,0.5548387096774193,6,0,15.55483870967742,41.770967741935486,0,5,9.803062186379927,28,0,14.408387096774195,0,0,0,0,,,,,,,,0.0,0.0,0.0,0.0,62.63497882710774,,,,,79.55209824619614
大理,2020,1,25.6065,100.2676,31,8.464516129032257,13.974193548387097,3.903225806451613,10.070967741935483,5.419354838709677,-3.045161290322581,69.0,69.3,2.235483870967742,10,1,16.519354838709678,47.987096774193546,0,14,9.590647491039427,29,2,14.11516129032258,0,0,0,0,,,,,,,,0.0,0.0,0.0,0.0,60.050865859727764,,,,,77.91715384402835
大理,2020,2,25.6065,100.2676,29,10.16551724137931,16.7448275862069,4.827586206896552,11.917241379310346,7.220689655172414,-2.9448275862068964,63.93103448275862,15.4,0.5310344827586208,7,0,16.613793103448277,47.265517241379314,0,10,10.535946264367816,27,0,16.675862068965518,0,0,0,0,,,,,,,,0.0,0.0,0.0,0.0,64.07646275373307,,,,,80.87328380264938
大理,2020,3,25.6065,100.2676,31,14.138709677419355,21.229032258064517,7.225806451612903,14.003225806451612,11.329032258064515,-2.8096774193548386,55.29032258064516,5.9,0.1903225806451613,8,0,19.687096774193545,53.8,0,19,11.075952150537635,31,0,20.51774193548387,0,0,0,0,,,,,,,,0.0,0.0,0.0,0.0,71.43305953987252,,,,,
大理,2020,4,25.6065,100.2676,30,15.46,21.426666666666666,9.51,11.916666666666666,13.386666666666667,-2.0733333333333337,60.5,56.9,1.8966666666666667,15,0,17.33,48.56666666666667,0,18,9.588679351851852,23,6,19.418,0,0,0,0,,,,,,,,0.0,0.0,0.0,0.0,73.58403192569111,,,,,
大理,2020,5,25.6065,100.2676,31,19.032258064516128,25.241935483870968,13.496774193548386,11.745161290322581,18.16774193548387,-0.8645161290322583,63.806451612903224,54.300000000000004,1.7516129032258065,16,0,16.712903225806453,48.012903225806454,0,14,11.464831182795699,28,2,22.129354838709677,0,0,0,0,,,,,,,,0.0,0.0,0.0,0.0,81.23704625439673,,,,,
大理,2020,6,25.6065,100.2676,30,20.783333333333335,26.033333333333335,16.883333333333333,9.15,21.509999999999998,0.7266666666666666,75.9,57.6,1.9200000000000002,28,0,15.81,43.766666666666666,0,6,11.147487314814814,28,0,21.31,0,0,0,0,,,,,,,,0.0,0.0,0.0,0.0,84.50398071053927,,,,68.38687931285381,
大理,2020,7,25.6065,100.2676,31,20.0258064516129,24.125806451612902,17.396774193548385,6.729032258064516,21.248387096774195,1.22258064516129,84.0,217.1,7.003225806451613,28,3,13.567741935483872,38.670967741935485,0,2,7.982679301075269,17,5,16.879677419354838,0,0,0,0,,,,,,,,0.0,0.0,0.0,0.0,82.6483240600074,,,,66.07684658254593,
大理,2020,8,25.6065,100.2676,31,19.516129032258064,23.116129032258065,17.070967741935487,6.04516129032258,21.161290322580644,1.6451612903225805,87.48387096774194,357.2,11.52258064516129,28,7,11.13225806451613,31.58709677419355,0,0,7.6004297491039425,18,9,15.550967741935484,0,0,0,0,,,,,,,,0.0,0.0,0.0,0.0,80.16575098321302,,,,65.53532171736477,
大理,2020,9,25.6065,100.2676,30,19.39,23.476666666666667,16.686666666666664,6.790000000000001,20.706666666666667,1.3166666666666667,84.46666666666667,120.3,4.01,30,1,11.296666666666665,32.24333333333333,0,0,9.107942592592593,21,2,16.727999999999998,0,0,0,0,,,,,,,,0.0,0.0,0.0,0.0,82.25656584334924,,,,,
大理,2020,10,25.6065,100.2676,31,17.074193548387097,20.990322580645163,14.425806451612903,6.564516129032258,17.516129032258064,0.4419354838709678,84.80645161290323,84.39999999999999,2.72258064516129,27,0,11.135483870967741,31.006451612903227,0,0,8.441927956989248,22,3,13.877096774193548,0,0,0,0,,,,,,,,0.0,0.0,0.0,0.0,76.86184677290238,,,,,
大理,2020,11,25.6065,100.2676,30,13.236666666666668,18.38,9.323333333333332,9.056666666666667,11.76,-1.4766666666666666,73.53333333333333,8.1,0.26999999999999996,10,0,12.7,34.593333333333334,0,2,10.048342962962964,28,0,16.060666666666666,0,0,0,0,,,,,,,,0.0,0.0,0.0,0.0,70.90546303131492,,,,,
大理,2020,12,25.6065,100.2676,31,10.251612903225807,16.49032258064516,5.432258064516129,11.058064516129033,7.235483870967743,-3.0161290322580645,63.87096774193548,0.2,0.0064516129032258064,1,0,16.177419354838708,43.880645161290325,0,6,10.294931989247312,31,0,15.53516129032258,0,0,0,0,,,,,,,,0.0,0.0,0.0,0.0,64.87165072906285,,,,,80.93501444369537
大理,2021,1,25.6065,100.2676,31,9.09032258064516,15.261290322580644,4.190322580645161,11.070967741935483,5.919354838709677,-3.170967741935484,64.54838709677419,13.4,0.432258064516129,7,0,16.04193548387097,44.60967741935484,0,9,9.249672759856631,26,4,14.285161290322582,0,0,1,0,,,,,,,,0.0,0.0,0.0,0.0,61.94115777022377,,,,,78.68086363586423
大理,2021,2,25.6065,100.2676,28,10.928571428571429,17.907142857142855,4.814285714285715,13.092857142857143,7.8428571428571425,-3.0857142857142854,57.0,10.0,0.35714285714285715,4,0,16.24642857142857,43.51428571428572,0,3,10.430110218253969,26,0,18.486428571428572,0,0,0,0,,,,,,,,0.0,0.0,0.0,0.0,66.58748645077608,,,,,82.37758907130157
大理,2021,3,25.6065,100.2676,31,14.619354838709677,21.75483870967742,7.729032258064516,14.025806451612903,11.616129032258065,-3.0032258064516126,50.12903225806452,2.0,0.06451612903225806,7,0,19.43548387096774,51.59032258064516,0,19,10.947578315412185,30,0,20.401290322580646,0,0,0,0,,,,,,,,0.0,0.0,0.0,0.0,71.901920608865,,,,,
大理,2021,4,25.6065,100.2676,30,17.576666666666664,24.773333333333333,10.723333333333333,14.05,15.389999999999999,-2.1866666666666665,52.06666666666667,11.3,0.3766666666666667,8,0,17.98,47.583333333333336,0,14,11.083914074074075,27,1,22.231333333333335,0,0,0,0,,,,,,,,0.0,0.0,0.0,0.0,77.99242797466272,,,,,
大理,2021,5,25.6065,100.2676,31,20.080645161290324,26.51290322580645,14.380645161290323,12.13225806451613,19.20967741935484,-0.8709677419354839,61.83870967741935,16.099999999999998,0.5193548387096774,15,0,17.980645161290322,48.86774193548387,0,15,12.170055197132617,30,0,22.618387096774192,1,0,0,0,,,,,,,,0.0,0.0,0.0,0.0,83.8101528289629,,,,,
大理,2021,6,25.6065,100.2676,30,21.02,26.233333333333334,17.083333333333332,9.15,22.023333333333333,1.0033333333333334,76.06666666666666,140.9,4.696666666666667,26,1,13.97,39.79,0,5,10.297497407407407,26,2,20.420666666666666,0,0,0,0,,,,,,,,0.0,0.0,0.0,0.0,84.79333709126455,,,,67.10014764755752,
大理,2021,7,25.6065,100.2676,31,20.23548387096774,24.603225806451615,17.25483870967742,7.348387096774194,21.870967741935484,1.635483870967742,83.12903225806451,259.4,8.36774193548387,31,2,11.509677419354839,33.774193548387096,0,1,9.819085842293907,26,2,18.9741935483871,0,0,0,0,,,,,,,,0.0,0.0,0.0,0.0,83.27133753561242,,,,66.16846451213628,
大理,2021,8,25.6065,100.2676,31,19.76774193548387,23.396774193548385,17.032258064516128,6.364516129032259,21.27741935483871,1.5096774193548388,85.2258064516129,268.3,8.654838709677419,30,2,11.36774193548387,33.08709677419355,0,0,7.7642094086021505,17,7,16.28258064516129,0,0,0,0,,,,,,,,0.0,0.0,0.0,0.0,81.32261461258055,,,,65.80925998832397,
大理,2021,9,25.6065,100.2676,30,18.863333333333333,23.066666666666666,15.860000000000001,7.206666666666666,20.186666666666667,1.3233333333333335,84.56666666666666,192.6,6.42,29,2,10.49,30.21333333333333,0,0,10.53962175925926,28,0,18.014333333333333,0,0,0,0,,,,,,,,0.0,0.0,0.0,0.0,80.77033959523995,,,,,
大理,2021,10,25.6065,100.2676,31,17.164516129032258,21.35483870967742,14.064516129032258,7.290322580645161,17.406451612903226,0.24193548387096775,82.09677419354838,44.2,1.4258064516129034,23,0,11.63225806451613,31.070967741935483,0,0,9.398876792114695,26,3,15.374193548387098,0,0,0,0,,,,,,,,0.0,0.0,0.0,0.0,77.43261535392806,,,,,
大理,2021,11,25.6065,100.2676,30,12.846666666666666,18.33,8.853333333333333,9.476666666666667,10.97,-1.8766666666666665,72.56666666666666,5.0,0.16666666666666666,6,0,14.57,37.90333333333333,0,0,10.042611481481481,29,0,15.817333333333332,0,0,0,0,,,,,,,,0.0,0.0,0.0,0.0,69.68316060589265,,,,,
大理,2021,12,25.6065,100.2676,31,9.774193548387096,15.206451612903225,5.699999999999999,9.506451612903225,7.325806451612903,-2.448387096774194,74.12903225806451,3.1,0.1,8,0,14.22258064516129,37.3258064516129,0,0,9.308243727598565,27,1,13.243225806451614,0,0,0,0,,,,,,,,0.0,0.0,0.0,0.0,62.89427206851806,,,,,78.16332367134183
大理,2022,1,25.6065,100.2676,31,8.432258064516128,13.516129032258064,4.45483870967742,9.061290322580644,5.503225806451613,-2.929032258064516,73.7741935483871,52.6,1.696774193548387,16,0,16.016129032258064,43.50967741935484,0,5,8.996684856630825,25,2,13.083548387096773,0,0,0,0,,,,,,,,0.0,0.0,0.0,0.0,59.327568305647155,,,,,76.5446883365583
大理,2022,2,25.6065,100.2676,28,8.007142857142856,13.792857142857143,3.392857142857143,10.4,4.778571428571429,-3.2285714285714286,67.96428571428571,76.1,2.7178571428571425,9,0,17.40357142857143,45.875,0,10,9.382530158730159,23,2,16.052500000000002,0,0,1,0,,,,,,,,0.0,0.0,0.0,0.0,58.562836990311986,,,,,76.60143382992449
大理,2022,3,25.6065,100.2676,31,15.141935483870967,22.648387096774194,8.803225806451612,13.845161290322581,12.729032258064517,-2.4129032258064513,54.903225806451616,14.0,0.45161290322580644,8,0,16.203225806451613,41.858064516129026,0,5,9.817590143369175,25,2,19.909354838709678,0,0,0,0,,,,,,,,0.0,0.0,0.0,0.0,73.7944462074706,,,,,
大理,2022,4,25.6065,100.2676,30,15.336666666666668,21.470000000000002,10.426666666666668,11.043333333333333,13.946666666666665,-1.39,70.26666666666667,60.4,2.013333333333333,19,0,15.806666666666667,41.516666666666666,0,7,9.392650648148146,24,6,19.259999999999998,0,0,0,0,,,,,,,,0.0,0.0,0.0,0.0,73.10343674694643,,,,,
大理,2022,5,25.6065,100.2676,31,17.874193548387098,23.19677419354839,13.793548387096775,9.403225806451612,17.887096774193548,0.012903225806451568,75.3225806451613,89.5,2.8870967741935485,28,0,13.316129032258065,34.8258064516129,0,0,9.56076353046595,24,4,19.92032258064516,0,0,0,0,,,,,,,,0.0,0.0,0.0,0.0,79.14610714080233,,,,,
大理,2022,6,25.6065,100.2676,30,19.5,24.323333333333334,16.52,7.803333333333333,20.333333333333332,0.8333333333333334,81.56666666666666,138.8,4.626666666666667,30,0,13.976666666666667,37.51,0,3,8.554310833333334,19,5,18.223333333333336,0,0,0,0,,,,,,,,0.0,0.0,0.0,0.0,82.25153797022661,,,,68.35160854297592,
大理,2022,7,25.6065,100.2676,31,20.570967741935487,25.4741935483871,16.9,8.574193548387097,22.225806451612904,1.6548387096774189,80.83870967741936,174.20000000000002,5.619354838709678,30,1,11.19032258064516,30.861290322580647,0,0,10.568068817204301,26,1,21.356451612903225,0,0,0,0,,,,,,,,0.0,0.0,0.0,0.0,83.40520233303117,,,,66.37046544272614,
大理,2022,8,25.6065,100.2676,31,20.309677419354838,24.94193548387097,16.87741935483871,8.064516129032258,22.174193548387095,1.864516129032258,83.48387096774194,217.4,7.012903225806451,30,1,10.2,28.29032258064516,0,0,11.160445519713262,29,0,20.419999999999998,0,0,0,0,,,,,,,,0.0,0.0,0.0,0.0,82.88975519819978,,,,66.4175813103123,
大理,2022,9,25.6065,100.2676,30,18.493333333333332,22.55,15.723333333333333,6.826666666666667,19.706666666666667,1.2133333333333336,84.5,205.3,6.843333333333334,29,1,9.313333333333333,26.396666666666665,0,0,8.857591574074073,21,2,16.450333333333333,0,0,0,0,,,,,,,,0.0,0.0,0.0,0.0,80.6341175494545,,,,,
大理,2022,10,25.6065,100.2676,31,16.616129032258065,20.89032258064516,13.529032258064515,7.361290322580645,16.738709677419354,0.12258064516128994,81.7741935483871,67.1,2.164516129032258,24,0,11.141935483870967,29.138709677419353,0,0,8.911612992831541,24,4,14.94516129032258,0,0,0,0,,,,,,,,0.0,0.0,0.0,0.0,76.5327880273793,,,,,
大理,2022,11,25.6065,100.2676,30,13.21,19.716666666666665,8.016666666666667,11.7,11.266666666666667,-1.9433333333333336,67.06666666666666,1.9,0.06333333333333332,2,0,13.233333333333333,34.6,0,0,10.426017222222221,30,0,18.279666666666667,0,0,0,0,,,,,,,,0.0,0.0,0.0,0.0,71.60789042765418,,,,,
大理,2022,12,25.6065,100.2676,31,9.841935483870968,15.235483870967743,5.767741935483872,9.46774193548387,7.145161290322581,-2.696774193548387,71.7741935483871,9.1,0.29354838709677417,8,0,15.33548387096774,40.10322580645161,0,0,9.087991756272402,25,1,13.439032258064517,0,0,0,0,,,,,,,,0.0,0.0,0.0,0.0,63.19462201872921,,,,,78.40311536467094
大理,2023,1,25.6065,100.2676,31,9.796774193548387,16.55483870967742,4.341935483870968,12.212903225806452,6.606451612903226,-3.190322580645161,61.25806451612903,0.2,0.0064516129032258064,1,0,16.283870967741937,42.438709677419354,0,6,10.26561594982079,29,0,16.306451612903224,0,0,0,0,15.71532258064516,22.576478494623654,355.8642473118279,16.364919354838708,8.810349462365592,81.2002688172043,0.17338709677419356,31.0,0.0,0.0,0.0,64.16684734414622,93.29801327076389,72.9061971221315,6.701986729236114,,84.02967786576906
大理,2023,2,25.6065,100.2676,28,12.267857142857142,19.039285714285715,5.946428571428571,13.092857142857143,9.053571428571429,-3.2142857142857144,54.357142857142854,2.5,0.08928571428571429,4,0,18.77857142857143,48.478571428571435,0,12,10.182470436507938,25,0,17.38607142857143,0,0,0,0,14.991369047619047,21.616666666666667,290.7157738095238,8.779761904761903,4.870982142857143,99.15178571428571,0.38095238095238093,28.0,0.0,0.0,14.0,68.7877843849562,93.01351854804678,76.05550463388337,6.986481451953237,,85.49069057312525
大理,2023,3,25.6065,100.2676,31,14.370967741935484,21.712903225806453,7.33225806451613,14.380645161290323,11.464516129032257,-2.9064516129032256,53.064516129032256,2.7,0.08709677419354839,4,0,19.322580645161292,49.71612903225807,0,16,10.886743817204302,31,0,20.61258064516129,0,0,0,0,17.538978494623656,25.320698924731182,291.18682795698925,8.701209677419355,4.506989247311828,108.15994623655915,0.5470430107526881,31.0,0.0,0.0,25.0,72.1327102794553,92.28882745238532,78.1795454313343,7.711172547614674,,
大理,2023,4,25.6065,100.2676,30,17.953333333333333,25.43,10.610000000000001,14.819999999999999,15.576666666666666,-2.3766666666666665,49.7,4.1000000000000005,0.1366666666666667,6,0,20.186666666666667,52.28333333333333,0,20,11.903770277777777,30,0,23.738333333333333,0,0,0,0,18.492361111111112,26.704027777777778,298.5722222222222,7.3677777777777775,4.59875,127.38055555555555,0.5972222222222222,30.0,0.0,0.0,30.0,77.4296025933238,91.2977701841746,81.59005287057903,8.702229815825412,,
大理,2023,5,25.6065,100.2676,31,19.793548387096774,26.538709677419355,13.535483870967743,13.003225806451614,18.432258064516127,-1.3612903225806452,56.87096774193548,45.0,1.4516129032258065,12,0,17.938709677419357,45.87096774193548,0,8,11.303014068100358,28,3,23.181612903225805,3,0,0,0,11.872983870967742,17.191129032258065,231.59811827956986,7.952419354838709,3.983064516129032,104.81854838709677,0.5349462365591398,31.0,0.0,0.0,22.0,81.13217358464334,93.20716938866036,84.75467232584843,6.792830611339642,,
大理,2023,6,25.6065,100.2676,30,20.746666666666666,26.206666666666667,16.603333333333335,9.603333333333333,21.57,0.8233333333333335,74.06666666666666,153.8,5.126666666666667,24,2,13.67,36.763333333333335,0,4,10.270778703703703,22,2,21.479666666666667,4,0,0,0,12.897638888888888,18.488888888888887,223.85416666666663,12.412222222222223,5.17875,85.39444444444445,0.4583333333333333,30.0,0.0,0.0,9.0,83.53143111081877,93.80351189341148,86.61305534559659,6.196488106588515,66.72452341958235,
大理,2023,7,25.6065,100.2676,31,21.074193548387097,26.177419354838708,17.551612903225806,8.625806451612902,22.548387096774192,1.4741935483870965,78.51612903225806,166.9,5.383870967741935,26,1,13.2,33.3,0,0,10.530697401433693,25,0,20.872258064516128,0,0,0,0,7.903091397849463,11.389650537634408,209.6760752688172,8.043951612903227,3.986021505376344,65.88709677419355,0.6021505376344086,31.0,0.0,0.0,4.0,84.7780102244268,95.58479572649281,88.02004587504658,4.415204273507188,66.00112399714102,
大理,2023,8,25.6065,100.2676,31,20.135483870967743,24.516129032258064,17.55806451612903,6.958064516129032,22.432258064516127,2.296774193548387,87.35483870967742,346.7,11.183870967741935,31,2,8.17741935483871,22.835483870967742,0,0,8.378962634408602,20,3,17.21,0,0,0,0,11.446639784946237,16.343548387096774,254.4784946236559,10.545698924731184,4.831854838709678,72.39381720430109,0.1868279569892473,31.0,0.0,0.0,0.0,82.80483313885411,94.67827539269844,86.36686581500739,5.321724607301575,63.931912046153926,
大理,2023,9,25.6065,100.2676,30,19.756666666666668,24.706666666666667,16.38,8.326666666666666,21.38,1.6233333333333337,82.66666666666667,134.5,4.483333333333333,26,0,9.856666666666666,25.863333333333333,0,0,10.619724166666666,26,1,20.051666666666666,0,0,0,0,10.687222222222223,15.471944444444443,254.95138888888886,14.12736111111111,4.955694444444444,68.9,0.48611111111111105,30.0,0.0,0.0,0.0,82.85431001587281,94.74984256717079,86.4229697812622,5.250157432829214,,
大理,2023,10,25.6065,100.2676,31,17.04516129032258,21.93548387096774,13.54516129032258,8.390322580645162,17.19677419354839,0.15161290322580673,80.41935483870968,100.7,3.2483870967741937,20,0,11.958064516129031,29.17096774193548,0,0,9.279336738351255,24,3,16.87483870967742,0,0,0,0,7.375940860215054,10.62782258064516,253.0268817204301,14.296505376344086,5.120161290322581,55.858870967741936,0.13440860215053765,31.0,0.0,0.0,0.0,77.43519621653061,95.76062072388136,82.93282356873583,4.239379276118649,,
大理,2023,11,25.6065,100.2676,30,13.176666666666668,18.94,8.963333333333333,9.976666666666667,11.84,-1.3366666666666667,76.2,28.5,0.95,4,0,12.326666666666666,29.926666666666666,0,0,9.402791759259259,27,2,16.034666666666666,0,0,0,0,9.034722222222223,13.081111111111111,281.2319444444445,16.504305555555554,7.8175,58.81805555555555,0.24583333333333332,30.0,0.0,0.0,0.0,69.8766949219179,95.24024582080621,77.48576019158439,4.759754179193793,,
大理,2023,12,25.6065,100.2676,31,10.435483870967742,15.603225806451613,6.825806451612903,8.77741935483871,8.387096774193548,-2.0483870967741935,79.35483870967742,25.2,0.8129032258064516,9,0,13.841935483870968,33.36129032258064,0,2,8.252933512544804,22,3,12.203548387096774,0,0,0,0,9.805510752688171,14.191935483870967,314.31317204301075,14.610618279569893,8.724865591397851,52.71370967741935,0.0510752688172043,31.0,0.0,0.0,0.0,63.287599076003616,95.49919473562862,72.95107777389111,4.500805264371369,,81.4552674420878
大理,2024,1,25.6065,100.2676,31,8.5,14.470967741935485,4.012903225806451,10.458064516129031,5.487096774193549,-3.012903225806452,69.06451612903226,11.0,0.3548387096774194,4,0,16.683870967741935,39.983870967741936,0,3,10.171516218637992,30,1,15.139032258064516,0,0,0,0,10.023924731182795,14.681048387096775,310.52688172043014,13.175,8.06733870967742,67.94623655913979,0.6612903225806451,31.0,0.0,0.0,0.0,60.27029606144835,94.81310249893687,70.63313799269491,5.186897501063134,,82.61386434060516
大理,2024,2,25.6065,100.2676,29,10.482758620689655,16.613793103448277,5.562068965517242,11.051724137931034,7.313793103448275,-3.1689655172413795,65.0,14.5,0.5,10,0,20.45862068965517,48.53103448275862,0,15,9.599169540229886,23,0,15.93206896551724,0,0,0,0,12.611494252873564,19.39037356321839,267.3117816091954,6.335488505747126,4.669540229885057,80.64367816091954,3.2370689655172415,29.0,0.0,0.0,0.0,64.68838339006747,94.32140666825227,73.5782903735229,5.678593331747748,,83.51959546141383
大理,2024,3,25.6065,100.2676,31,14.819354838709677,22.548387096774192,8.106451612903227,14.441935483870967,11.922580645161291,-2.896774193548387,52.225806451612904,2.8,0.09032258064516129,5,0,21.048387096774192,49.25483870967742,0,12,11.003462724014337,31,0,21.424838709677417,0,0,0,0,11.067876344086022,16.961559139784946,253.86290322580643,5.026612903225806,3.3336021505376343,93.59274193548387,2.100806451612903,31.0,0.0,0.0,7.0,72.42238839176515,93.9718331741019,78.88722182646616,6.02816682589809,,
大理,2024,4,25.6065,100.2676,30,18.09333333333333,25.426666666666666,11.47,13.956666666666667,15.896666666666667,-2.1966666666666663,54.46666666666667,7.1,0.23666666666666666,11,0,21.876666666666665,52.27333333333333,0,19,11.879995833333334,30,0,22.642666666666667,0,0,0,0,16.023194444444446,25.633055555555554,281.65277777777777,4.2411111111111115,3.48875,107.76944444444443,5.281944444444445,30.0,0.0,2.0,23.0,79.15151114496301,92.69424244489898,83.2143305349438,7.305757555101023,,
大理,2024,5,25.6065,100.2676,31,19.58709677419355,26.112903225806452,14.27741935483871,11.83548387096774,19.161290322580644,-0.42580645161290315,65.3225806451613,45.4,1.464516129032258,24,0,15.754838709677419,38.880645161290325,0,3,11.245654659498207,27,0,22.068387096774195,2,0,0,0,13.870833333333334,21.355913978494623,253.75,6.375672043010753,3.6216397849462365,94.54838709677419,3.5403225806451615,31.0,0.0,1.0,13.0,83.53610850795818,93.52270874824706,86.53208858004483,6.4772912517529475,,
大理,2024,6,25.6065,100.2676,30,21.23,26.80666666666667,17.57,9.236666666666666,22.6,1.3699999999999999,78.13333333333334,102.6,3.42,29,0,13.816666666666666,35.30333333333333,0,1,10.812017962962962,26,0,21.284333333333333,0,0,0,0,8.031944444444445,11.827777777777778,226.0986111111111,6.052499999999999,3.155555555555556,69.4,1.7611111111111113,30.0,0.0,0.0,0.0,84.57411907626346,95.49185977265275,87.84944128518023,4.5081402273472575,66.15227520360443,
大理,2024,7,25.6065,100.2676,31,20.893548387096775,25.299999999999997,18.041935483870965,7.258064516129032,22.651612903225807,1.7580645161290323,83.6774193548387,171.5,5.532258064516129,31,2,12.874193548387098,31.835483870967742,0,0,8.267004569892473,18,3,17.679354838709674,0,0,0,0,7.664381720430107,10.90712365591398,185.41666666666666,8.413844086021506,3.4202956989247313,51.439516129032256,0.14112903225806453,31.0,0.0,0.0,0.0,83.59430678562816,96.33527553733549,87.41659741114034,3.6647244626645072,63.9155130930693,
大理,2024,8,25.6065,100.2676,31,20.51290322580645,25.270967741935483,17.06451612903226,8.206451612903226,22.603225806451615,2.0903225806451617,83.19354838709677,220.7,7.119354838709677,27,0,9.290322580645162,25.122580645161293,0,0,10.426693637992832,25,2,20.299999999999997,0,0,0,0,13.305645161290323,19.181317204301074,250.53494623655914,12.220295698924732,4.419354838709677,79.06586021505376,0.9139784946236559,31.0,0.0,0.0,6.0,83.10381009339523,94.06099041981564,86.39096419132134,5.939009580184354,65.36781110481448,
大理,2024,9,25.6065,100.2676,30,19.726666666666667,24.296666666666667,16.533333333333335,7.763333333333334,21.509999999999998,1.7833333333333339,84.73333333333333,206.3,6.876666666666667,29,3,9.803333333333335,26.89,0,0,10.310368425925926,27,1,18.600666666666665,0,0,0,0,11.689583333333333,16.804166666666667,273.7472222222222,15.615277777777777,5.2283333333333335,70.31666666666666,0.0,30.0,0.0,0.0,0.0,82.62628256006867,94.46988190537698,86.17936236366116,5.530118094623028,,
大理,2024,10,25.6065,100.2676,31,16.748387096774195,21.129032258064516,13.919354838709678,7.209677419354839,17.083870967741937,0.33548387096774185,84.35483870967742,60.1,1.9387096774193548,26,0,11.241935483870968,28.067741935483873,0,0,8.989049103942651,24,2,14.211612903225806,0,0,0,0,10.420698924731184,15.005779569892473,257.5793010752688,14.346236559139786,4.977822580645161,54.125,0.12365591397849462,31.0,0.0,0.0,0.0,76.73455757835663,95.49075220983563,82.36141596780033,4.509247790164369,,
大理,2024,11,25.6065,100.2676,30,12.866666666666667,17.823333333333334,9.463333333333333,8.360000000000001,11.743333333333334,-1.1233333333333335,81.13333333333334,84.8,2.8266666666666667,11,1,12.646666666666667,31.39333333333333,0,0,8.967023611111111,25,3,14.178666666666667,0,0,0,0,13.533194444444444,15.70361111111111,290.2263888888889,17.308333333333334,8.573333333333332,65.83333333333333,0.46111111111111114,30.0,0.0,0.0,0.0,68.25311853062877,94.36509933475773,76.08671277186745,5.634900665242283,,
大理,2024,12,25.6065,100.2676,31,10.596774193548388,16.5258064516129,6.509677419354839,10.016129032258064,7.970967741935484,-2.6258064516129034,71.38709677419355,0.7,0.02258064516129032,2,0,16.98709677419355,41.038709677419355,0,2,10.059794982078854,30,0,15.377096774193548,0,0,0,0,14.068951612903225,14.593548387096773,286.5551075268817,13.195833333333333,10.420698924731184,78.01881720430109,0.6881720430107527,31.0,0.0,0.0,0.0,64.5236536105357,93.9104489261439,73.33969220521816,6.089551073856109,,83.1549093023176
大理,2025,1,25.6065,100.2676,31,9.351612903225806,14.861290322580645,5.383870967741935,9.47741935483871,6.674193548387097,-2.6774193548387095,74.16129032258064,16.6,0.535483870967742,5,0,16.099999999999998,39.0516129032258,0,3,9.039201792114696,26,2,12.828387096774193,0,0,0,0,21.903225806451612,22.918145161290322,360.76344086021504,13.916397849462365,11.678629032258065,80.63575268817205,1.9919354838709677,29.0,0.0,0.0,1.0,61.22792179363404,92.78710402158583,70.69567646201958,7.212895978414165,,81.19340616317443
大理,2025,2,25.6065,100.2676,28,10.771428571428572,17.289285714285715,5.753571428571428,11.535714285714286,7.692857142857143,-3.0785714285714287,63.892857142857146,13.9,0.49642857142857144,8,0,19.87857142857143,49.082142857142856,0,12,10.460570535714286,26,0,16.8675,0,0,0,0,22.082291666666666,25.105357142857144,288.2544642857143,8.40610119047619,7.414880952380953,96.92708333333334,6.706845238095238,27.0,0.0,6.0,9.0,65.06715356082113,92.35657526402714,73.25398007178293,7.643424735972853,,83.84715833384512
大理,2025,3,25.6065,100.2676,31,13.612903225806452,20.22258064516129,8.374193548387098,11.848387096774195,10.98709677419355,-2.6258064516129034,62.61290322580645,13.6,0.43870967741935485,14,0,20.87741935483871,51.377419354838715,0,17,10.16179847670251,29,1,18.56483870967742,0,0,0,0,25.926747311827956,31.05887096774193,324.9448924731183,6.71747311827957,6.073924731182795,118.2741935483871,11.759408602150538,27.0,0.0,19.0,30.0,71.02696208160603,90.92896713176383,76.99756359665336,9.071032868236184,,
大理,2025,4,25.6065,100.2676,30,18.053333333333335,25.216666666666665,12.143333333333334,13.073333333333332,16.393333333333334,-1.6600000000000001,59.333333333333336,13.100000000000001,0.4366666666666667,14,0,18.826666666666664,46.49333333333333,0,9,11.388899166666667,29,0,21.81833333333333,0,0,0,0,22.25277777777778,29.14875,302.2902777777778,6.409027777777778,5.312222222222222,114.89722222222221,15.77222222222222,28.0,0.0,17.0,24.0,79.9794826228934,91.51764315733772,83.4409307832267,8.482356842662282,,
大理,2025,5,25.6065,100.2676,31,18.774193548387096,24.125806451612902,14.480645161290322,9.64516129032258,18.693548387096776,-0.08064516129032269,73.45161290322581,210.2,6.780645161290322,24,4,14.806451612903226,37.16129032258065,0,1,9.1616541218638,22,6,19.11967741935484,0,0,0,0,13.55241935483871,18.342741935483872,259.84139784946234,8.439381720430108,6.1694892473118275,97.38037634408602,11.063172043010752,31.0,0.0,15.0,18.0,80.24173525721913,93.28589514856529,84.15498322462297,6.714104851434725,,
大理,2025,6,25.6065,100.2676,30,20.293333333333333,25.28666666666667,16.96,8.326666666666666,21.633333333333333,1.3399999999999999,80.03333333333333,236.5,7.883333333333334,27,2,12.543333333333333,32.75666666666667,0,0,10.430720925925925,25,1,20.48,0,0,0,0,11.345416666666667,13.455277777777777,223.79305555555553,9.88652777777778,6.680416666666667,80.87916666666666,4.8125,30.0,0.0,6.0,6.0,83.3186312457192,94.33190230070396,86.62261256221463,5.668097699296028,67.30003195782385,
大理,2025,7,25.6065,100.2676,31,20.63225806451613,25.15806451612903,17.461290322580645,7.696774193548387,22.825806451612905,2.193548387096774,83.90322580645162,266.0,8.580645161290322,31,1,9.393548387096773,26.5258064516129,0,0,10.054638620071684,24,2,19.999032258064517,0,0,0,0,13.201075268817204,13.616801075268818,235.36827956989245,13.086155913978494,7.639784946236559,78.32795698924731,0.8911290322580645,31.0,0.0,0.0,2.0,82.42496853417244,94.09263270235357,85.92526778462677,5.907367297646427,64.63508639022368,
大理,2025,8,25.6065,100.2676,31,20.05806451612903,24.316129032258065,17.312903225806455,7.003225806451613,22.067741935483873,2.0096774193548383,85.06451612903226,267.1,8.616129032258065,31,4,9.703225806451613,26.56451612903226,0,0,9.455932078853046,22,3,18.74258064516129,0,0,0,0,12.549059139784946,12.8875,231.15053763440858,13.333602150537633,7.108736559139785,67.4005376344086,0.678763440860215,31.0,0.0,0.0,1.0,82.53722884309933,94.70026773460194,86.1861405105501,5.2997322653980685,65.4506376936895,
大理,2025,9,25.6065,100.2676,30,19.52,23.773333333333333,16.616666666666667,7.156666666666666,21.033333333333335,1.5133333333333332,84.13333333333334,142.8,4.760000000000001,27,1,10.94,29.043333333333333,0,0,9.283768055555555,23,4,17.782666666666668,0,0,0,0,11.581944444444444,11.68125,230.16388888888886,14.823333333333332,7.430555555555555,60.40277777777778,0.0861111111111111,30.0,0.0,0.0,0.0,82.10338903599208,95.0727948873503,85.99421079139955,4.927205112649694,,
大理,2025,10,25.6065,100.2676,31,17.551612903225806,22.20967741935484,14.461290322580645,7.748387096774194,17.92258064516129,0.3709677419354842,82.29032258064517,98.8,3.1870967741935483,24,0,12.009677419354839,30.758064516129032,0,0,9.514917741935484,26,3,15.988387096774193,0,0,0,0,12.287231182795699,12.378360215053764,231.89381720430103,14.329435483870967,7.7989247311827965,59.54301075268817,0.08870967741935484,31.0,0.0,0.0,0.0,78.27273780119923,95.05470682323393,83.30732850780963,4.945293176766081,,
大理,2025,11,25.6065,100.2676,30,13.07,17.82,9.813333333333333,8.006666666666666,11.916666666666666,-1.1533333333333333,78.0,62.5,2.0833333333333335,13,1,12.533333333333333,30.68,0,0,8.233395277777777,21,5,13.606333333333334,0,0,0,0,14.74625,15.005694444444446,289.7263888888889,17.64263888888889,12.506666666666666,64.46805555555555,0.25277777777777777,30.0,0.0,0.0,0.0,69.55432505467633,94.24021948893228,76.9600933849531,5.7597805110677145,,
大理,2025,12,25.6065,100.2676,31,9.94516129032258,16.170967741935485,5.364516129032259,10.806451612903226,7.590322580645162,-2.35483870967742,73.16129032258064,0.3,0.00967741935483871,1,0,14.729032258064517,35.690322580645166,0,0,10.240805107526883,31,0,15.899032258064516,0,0,0,0,18.233870967741936,18.79771505376344,319.8494623655914,19.610887096774192,14.987903225806452,70.68145161290323,0.5201612903225806,31.0,0.0,0.0,0.0,63.301624489858604,93.37996935449007,72.32512794924804,6.620030645509927,,82.69862004771528
广州,2016,1,23.1291,113.2644,31,13.883870967741935,16.858064516129033,11.390322580645162,5.467741935483871,12.693548387096774,-1.1903225806451614,78.38709677419355,301.6,9.729032258064517,19,2,14.67741935483871,31.048387096774192,0,2,4.017587992831541,7,18,7.255483870967742,0,0,0,0,,,,,,,,0.0,0.0,0.0,0.0,69.17944088057696,,,,,75.61387550549746
广州,2016,2,23.1291,113.2644,29,13.49655172413793,17.520689655172415,10.168965517241379,7.3517241379310345,11.582758620689654,-1.913793103448276,70.24137931034483,40.300000000000004,1.3896551724137933,14,0,15.989655172413793,33.300000000000004,0,1,5.989715325670498,14,9,11.221724137931036,0,0,0,0,,,,,,,,0.0,0.0,0.0,0.0,69.90444263552754,,,,,78.93511740312384
广州,2016,3,23.1291,113.2644,31,17.44516129032258,21.37741935483871,13.906451612903227,7.4709677419354845,17.83225806451613,0.38709677419354827,82.09677419354838,215.9,6.964516129032258,22,3,13.058064516129033,30.370967741935484,0,1,5.023655465949821,12,14,11.008387096774193,0,0,0,0,,,,,,,,0.0,0.0,0.0,0.0,75.98746669368349,,,,,
广州,2016,4,23.1291,113.2644,30,24.41,27.89,22.103333333333335,5.786666666666666,27.9,3.4899999999999998,86.9,387.8,12.926666666666668,28,5,16.843333333333334,38.836666666666666,0,3,5.515436574074074,9,10,11.656666666666666,3,0,0,0,,,,,,,,0.0,0.0,0.0,0.0,76.38083613019701,,,,,
广州,2016,5,23.1291,113.2644,31,26.23225806451613,29.858064516129033,23.548387096774192,6.309677419354839,30.51290322580645,4.280645161290322,83.51612903225806,258.2,8.329032258064515,26,4,15.009677419354839,33.9741935483871,0,2,7.775111559139785,15,3,15.119032258064516,18,0,0,0,,,,,,,,0.0,0.0,0.0,0.0,73.77800479110182,,,,,
广州,2016,6,23.1291,113.2644,30,28.15666666666667,31.43,25.753333333333334,5.676666666666667,34.25,6.093333333333334,86.46666666666667,367.9,12.263333333333332,30,4,12.563333333333333,31.253333333333334,0,0,8.061966574074074,16,5,15.896333333333333,21,0,0,0,,,,,,,,0.0,0.0,0.0,0.0,66.10519818275814,,,,36.07900160084124,
广州,2016,7,23.1291,113.2644,31,28.980645161290322,32.47741935483871,26.216129032258067,6.2612903225806456,35.16129032258065,6.180645161290323,83.3225806451613,227.7,7.34516129032258,26,2,13.119354838709677,31.5258064516129,0,0,10.250381362007168,24,3,19.281935483870967,28,2,0,0,,,,,,,,0.0,0.0,0.0,0.0,65.08582591245475,,,,34.18446871343892,
广州,2016,8,23.1291,113.2644,31,28.258064516129032,31.674193548387095,25.838709677419356,5.835483870967743,34.2,5.941935483870967,84.93548387096774,415.4,13.399999999999999,29,3,12.496774193548386,30.59032258064516,1,2,8.798788709677419,22,5,16.177419354838708,25,1,0,0,,,,,,,,0.0,0.0,0.0,0.0,66.6002918614824,,,,35.68219935253643,
广州,2016,9,23.1291,113.2644,30,27.11,30.623333333333335,24.623333333333335,6.0,31.836666666666666,4.726666666666666,80.6,145.3,4.843333333333334,21,0,12.476666666666667,27.423333333333336,0,0,8.39772925925926,19,4,15.819333333333333,25,0,0,0,,,,,,,,0.0,0.0,0.0,0.0,72.1814845058474,,,,,
广州,2016,10,23.1291,113.2644,31,25.490322580645163,28.929032258064513,22.77741935483871,6.151612903225806,28.693548387096776,3.2032258064516124,78.83870967741936,161.29999999999998,5.203225806451612,17,3,14.874193548387098,32.58064516129032,1,2,7.895521146953405,20,5,13.176451612903227,15,0,0,0,,,,,,,,0.0,0.0,0.0,0.0,77.13072921443208,,,,,
广州,2016,11,23.1291,113.2644,30,19.59,23.263333333333332,16.52,6.743333333333333,20.386666666666667,0.7966666666666664,78.43333333333334,69.6,2.32,16,0,13.666666666666666,28.93,0,0,6.353273055555556,15,8,10.394666666666666,0,0,0,0,,,,,,,,0.0,0.0,0.0,0.0,77.94545205987633,,,,,
广州,2016,12,23.1291,113.2644,31,16.88064516129032,21.335483870967742,13.296774193548387,8.038709677419355,15.819354838709677,-1.0612903225806454,67.80645161290323,5.3999999999999995,0.17419354838709675,4,0,14.358064516129033,30.97741935483871,0,1,8.25280564516129,21,2,11.693870967741935,0,0,0,0,,,,,,,,0.0,0.0,0.0,0.0,79.59306956064303,,,,,84.25012411170474
广州,2017,1,23.1291,113.2644,31,16.229032258064517,20.07741935483871,12.735483870967743,7.341935483870968,14.912903225806453,-1.3161290322580643,71.96774193548387,31.8,1.0258064516129033,16,0,17.07741935483871,30.635483870967743,0,0,6.91546917562724,18,8,10.556451612903226,0,0,0,0,,,,,,,,0.0,0.0,0.0,0.0,75.87883558381436,,,,,81.50147470004288
广州,2017,2,23.1291,113.2644,28,15.62857142857143,20.428571428571427,11.539285714285715,8.889285714285714,13.975,-1.6535714285714285,68.60714285714286,54.8,1.957142857142857,10,0,18.27857142857143,32.95357142857143,2,3,7.7443108134920635,18,5,13.48607142857143,0,0,0,0,,,,,,,,0.0,0.0,0.0,0.0,75.34053799946686,,,,,81.87784179032796
广州,2017,3,23.1291,113.2644,31,18.551612903225806,22.503225806451614,15.603225806451613,6.9,18.345161290322583,-0.20645161290322595,78.03225806451613,117.6,3.793548387096774,25,0,19.470967741935485,35.05806451612903,1,2,4.015375806451613,6,14,9.753225806451612,0,0,0,0,,,,,,,,0.0,0.0,0.0,0.0,78.70572954309603,,,,,
广州,2017,4,23.1291,113.2644,30,22.196666666666665,26.240000000000002,18.61,7.63,23.603333333333335,1.4066666666666667,78.0,234.7,7.823333333333333,22,2,19.583333333333332,36.92333333333333,2,3,7.251750833333333,16,6,15.208666666666666,4,0,0,0,,,,,,,,0.0,0.0,0.0,0.0,80.33182186476817,,,,,
广州,2017,5,23.1291,113.2644,31,25.374193548387098,28.683870967741935,22.70967741935484,5.974193548387096,28.919354838709676,3.5451612903225804,80.90322580645162,251.3,8.106451612903227,25,3,15.52258064516129,29.787096774193547,0,0,8.262218279569892,19,5,16.378709677419355,9,0,0,0,,,,,,,,0.0,0.0,0.0,0.0,76.21855042919591,,,,,
广州,2017,6,23.1291,113.2644,30,27.826666666666664,30.836666666666666,25.63,5.206666666666667,33.153333333333336,5.326666666666666,85.5,370.1,12.336666666666668,30,3,17.433333333333334,37.28,0,0,8.381260462962963,19,7,16.131,24,0,0,0,,,,,,,,0.0,0.0,0.0,0.0,67.30695256689503,,,,37.02134853361034,
广州,2017,7,23.1291,113.2644,31,27.674193548387095,30.9,25.35483870967742,5.54516129032258,32.84838709677419,5.174193548387097,85.25806451612904,370.9,11.964516129032257,31,4,17.822580645161292,36.21935483870968,0,0,9.04202069892473,22,7,17.19161290322581,21,1,0,0,,,,,,,,0.0,0.0,0.0,0.0,67.41820133028153,,,,39.15301063850622,
广州,2017,8,23.1291,113.2644,31,28.541935483870965,31.783870967741933,26.016129032258064,5.767741935483871,34.0516129032258,5.509677419354839,83.41935483870968,286.1,9.229032258064517,28,3,17.787096774193547,36.55806451612903,2,2,9.913539426523297,26,3,18.23483870967742,26,1,0,0,,,,,,,,0.0,0.0,0.0,0.0,66.14867925783582,,,,36.253259697241525,
广州,2017,9,23.1291,113.2644,30,28.02,31.216666666666665,25.493333333333332,5.723333333333333,33.656666666666666,5.636666666666667,83.46666666666667,242.8,8.093333333333334,25,3,13.003333333333334,28.15666666666667,0,1,9.309525,21,2,16.392333333333333,26,0,0,0,,,,,,,,0.0,0.0,0.0,0.0,68.42605627023327,,,,,
广州,2017,10,23.1291,113.2644,31,24.009677419354837,28.032258064516128,20.845161290322583,7.187096774193549,25.20967741935484,1.2,69.80645161290323,68.5,2.2096774193548385,14,0,19.70967741935484,37.44193548387097,2,3,9.471023387096773,27,2,16.11741935483871,10,0,0,0,,,,,,,,0.0,0.0,0.0,0.0,80.8724036326,,,,,
广州,2017,11,23.1291,113.2644,30,19.353333333333335,22.366666666666667,16.676666666666666,5.6899999999999995,18.77,-0.5833333333333334,71.96666666666667,43.8,1.46,17,0,18.696666666666665,33.9,0,1,4.7530561111111105,8,13,8.487333333333334,0,0,0,0,,,,,,,,0.0,0.0,0.0,0.0,79.48251790488644,,,,,
广州,2017,12,23.1291,113.2644,31,14.880645161290323,18.887096774193548,11.561290322580644,7.325806451612903,11.783870967741937,-3.0967741935483875,55.25806451612903,4.2,0.13548387096774195,4,0,20.361290322580647,35.938709677419354,1,3,7.539251523297491,21,6,11.21516129032258,0,0,0,0,,,,,,,,0.0,0.0,0.0,0.0,73.20430434295201,,,,,81.56039715219102
广州,2018,1,23.1291,113.2644,31,14.09032258064516,18.151612903225807,10.600000000000001,7.551612903225807,12.006451612903225,-2.083870967741935,68.48387096774194,75.1,2.42258064516129,15,0,18.190322580645162,33.89677419354839,1,2,5.976104928315412,15,10,9.870967741935484,0,0,0,0,,,,,,,,0.0,0.0,0.0,0.0,71.23106184296597,,,,,78.93060401813739
广州,2018,2,23.1291,113.2644,28,14.607142857142858,19.59642857142857,10.49642857142857,9.1,12.607142857142858,-2.0,64.39285714285714,13.899999999999999,0.4964285714285714,12,0,18.689285714285713,33.410714285714285,0,0,7.639088293650794,17,4,13.231428571428571,0,0,0,0,,,,,,,,0.0,0.0,0.0,0.0,72.41324733650238,,,,,80.51617906114578
广州,2018,3,23.1291,113.2644,31,19.93548387096774,24.738709677419354,15.958064516129031,8.780645161290321,20.170967741935485,0.23548387096774223,73.80645161290323,65.4,2.109677419354839,22,0,17.703225806451613,32.829032258064515,2,3,7.767672939068101,17,2,14.485806451612904,0,0,0,0,,,,,,,,0.0,0.0,0.0,0.0,82.82991184344682,,,,,
广州,2018,4,23.1291,113.2644,30,22.453333333333333,26.73,18.596666666666668,8.133333333333333,23.756666666666668,1.3033333333333332,75.6,64.1,2.1366666666666663,26,0,18.493333333333332,33.446666666666665,1,2,6.1373945370370375,8,5,13.165333333333333,2,0,0,0,,,,,,,,0.0,0.0,0.0,0.0,81.38264650717979,,,,,
广州,2018,5,23.1291,113.2644,31,27.187096774193545,30.751612903225805,24.251612903225805,6.5,31.580645161290324,4.393548387096774,81.06451612903226,182.9,5.9,27,2,16.74516129032258,32.91290322580645,0,0,9.792921774193548,22,4,18.31935483870968,20,0,0,0,,,,,,,,0.0,0.0,0.0,0.0,71.16716253786262,,,,,
广州,2018,6,23.1291,113.2644,30,27.4,30.563333333333333,24.94333333333333,5.62,32.17666666666666,4.776666666666667,83.66666666666667,559.6999999999999,18.656666666666663,26,6,17.06,33.39666666666667,1,1,8.300298333333334,19,6,16.966333333333335,20,0,0,0,,,,,,,,0.0,0.0,0.0,0.0,69.0854154288302,,,,40.108707462635316,
广州,2018,7,23.1291,113.2644,31,28.23225806451613,31.44516129032258,25.84193548387097,5.603225806451612,33.599999999999994,5.367741935483871,84.16129032258064,223.7,7.216129032258064,31,0,18.393548387096775,36.667741935483875,0,3,9.936891218637992,24,2,18.36,27,0,0,0,,,,,,,,0.0,0.0,0.0,0.0,67.04499348845602,,,,36.64764406248103,
广州,2018,8,23.1291,113.2644,31,27.72258064516129,30.693548387096776,25.603225806451615,5.090322580645162,33.39354838709678,5.670967741935484,86.90322580645162,537.5,17.338709677419356,31,7,14.683870967741935,30.60967741935484,0,0,6.694591129032258,13,6,14.846129032258066,22,0,0,0,,,,,,,,0.0,0.0,0.0,0.0,67.92970446382549,,,,36.41727748769272,
广州,2018,9,23.1291,113.2644,30,26.80666666666667,29.983333333333334,24.116666666666667,5.866666666666668,30.916666666666668,4.11,81.06666666666666,288.0,9.6,24,4,17.436666666666667,34.376666666666665,2,2,8.591509351851851,22,4,16.554666666666666,15,0,0,0,,,,,,,,0.0,0.0,0.0,0.0,72.34455800154359,,,,,
广州,2018,10,23.1291,113.2644,31,22.761290322580646,26.438709677419357,19.493548387096773,6.94516129032258,23.538709677419355,0.7774193548387097,69.61290322580645,68.5,2.2096774193548385,15,1,17.177419354838708,31.761290322580646,0,1,8.403146326164874,18,2,15.223870967741936,0,0,0,0,,,,,,,,0.0,0.0,0.0,0.0,85.64596230327834,,,,,
广州,2018,11,23.1291,113.2644,30,20.513333333333332,24.386666666666667,17.153333333333332,7.233333333333333,21.009999999999998,0.4966666666666664,75.83333333333333,40.0,1.3333333333333333,19,0,17.07,31.43,1,2,7.0520000000000005,17,6,11.451666666666666,0,0,0,0,,,,,,,,0.0,0.0,0.0,0.0,83.28079641402304,,,,,
广州,2018,12,23.1291,113.2644,31,15.32258064516129,19.03548387096774,12.074193548387097,6.961290322580645,13.493548387096775,-1.8290322580645157,73.6774193548387,35.4,1.1419354838709677,18,0,21.12258064516129,37.15161290322581,2,3,5.538252956989248,11,9,9.124193548387098,0,0,0,0,,,,,,,,0.0,0.0,0.0,0.0,72.93432959999598,,,,,79.04995295356878
广州,2019,1,23.1291,113.2644,31,15.029032258064515,19.483870967741936,11.229032258064517,8.254838709677419,13.219354838709679,-1.8096774193548386,70.80645161290323,14.0,0.45161290322580644,15,0,18.12258064516129,32.012903225806454,0,0,6.755211290322581,18,9,11.287741935483872,0,0,0,0,,,,,,,,0.0,0.0,0.0,0.0,73.70412280692707,,,,,80.61079907158638
广州,2019,2,23.1291,113.2644,28,18.039285714285715,22.37857142857143,14.617857142857144,7.760714285714286,17.97142857142857,-0.06785714285714262,82.07142857142857,157.4,5.621428571428572,25,2,19.12142857142857,35.535714285714285,0,2,4.921541567460317,7,12,9.510357142857144,0,0,0,0,,,,,,,,0.0,0.0,0.0,0.0,77.84352718432956,,,,,78.98131175529406
广州,2019,3,23.1291,113.2644,31,19.567741935483873,23.583870967741937,16.309677419354838,7.274193548387097,20.067741935483873,0.5000000000000001,81.96774193548387,249.0,8.03225806451613,28,2,18.919354838709676,35.65161290322581,0,2,5.562974283154122,9,7,11.555483870967743,0,0,0,0,,,,,,,,0.0,0.0,0.0,0.0,79.34299818890744,,,,,
广州,2019,4,23.1291,113.2644,30,23.863333333333333,27.683333333333334,21.02,6.663333333333333,26.75,2.8866666666666663,85.26666666666667,379.2,12.639999999999999,30,7,17.92,35.413333333333334,0,3,5.917715648148148,13,10,12.579,8,0,0,0,,,,,,,,0.0,0.0,0.0,0.0,77.42599849188834,,,,,
广州,2019,5,23.1291,113.2644,31,24.92258064516129,28.103225806451615,22.57741935483871,5.525806451612904,28.52258064516129,3.5999999999999996,85.3225806451613,342.9,11.061290322580644,28,5,16.812903225806455,32.37741935483871,0,1,5.9778722222222225,11,6,13.446129032258064,9,0,0,0,,,,,,,,0.0,0.0,0.0,0.0,75.77827719804434,,,,,
广州,2019,6,23.1291,113.2644,30,27.94333333333333,30.973333333333336,25.63,5.343333333333333,33.32333333333334,5.380000000000001,85.76666666666667,360.8,12.026666666666667,28,3,17.77,37.343333333333334,0,0,8.104598425925925,19,6,16.601666666666667,22,0,0,0,,,,,,,,0.0,0.0,0.0,0.0,66.99687467504431,,,,37.19785193606549,
广州,2019,7,23.1291,113.2644,31,28.6,31.674193548387095,26.22258064516129,5.451612903225806,34.329032258064515,5.729032258064516,85.25806451612904,241.2,7.780645161290322,29,2,17.38064516129032,35.42258064516129,1,1,9.46803593189964,22,2,17.941290322580645,27,1,0,0,,,,,,,,0.0,0.0,0.0,0.0,66.06480379183057,,,,35.01621544615439,
广州,2019,8,23.1291,113.2644,31,28.483870967741936,31.674193548387095,25.903225806451612,5.770967741935484,34.45483870967742,5.970967741935484,85.61290322580645,444.7,14.345161290322581,30,6,16.25161290322581,33.89354838709678,1,3,8.778852240143369,20,3,16.769354838709678,25,1,0,0,,,,,,,,0.0,0.0,0.0,0.0,65.58145464255752,,,,34.896028896629666,
广州,2019,9,23.1291,113.2644,30,27.086666666666666,31.006666666666668,23.64333333333333,7.363333333333333,30.94333333333333,3.8566666666666674,74.5,173.79999999999998,5.793333333333333,17,2,15.053333333333335,30.743333333333332,0,1,10.506114722222224,28,0,19.67233333333333,27,0,0,0,,,,,,,,0.0,0.0,0.0,0.0,74.00731405876941,,,,,
广州,2019,10,23.1291,113.2644,31,25.55483870967742,29.838709677419356,21.725806451612904,8.112903225806452,27.26774193548387,1.7129032258064514,64.80645161290323,20.4,0.6580645161290322,13,0,15.390322580645162,28.64516129032258,0,0,9.713926612903226,26,0,16.63806451612903,12,0,0,0,,,,,,,,0.0,0.0,0.0,0.0,82.14436892557562,,,,,
广州,2019,11,23.1291,113.2644,30,21.303333333333335,26.65,16.56,10.09,20.003333333333334,-1.3,55.36666666666667,0.0,0.0,0,0,19.73,35.24333333333333,1,3,9.977513055555557,28,0,15.973999999999998,2,0,0,0,,,,,,,,0.0,0.0,0.0,0.0,86.51614978364658,,,,,
广州,2019,12,23.1291,113.2644,31,17.151612903225807,22.335483870967742,12.609677419354838,9.725806451612904,14.887096774193548,-2.2645161290322577,56.03225806451613,6.8,0.21935483870967742,6,0,18.65806451612903,34.05806451612903,3,3,8.699243369175628,21,2,12.718064516129031,0,0,0,0,,,,,,,,0.0,0.0,0.0,0.0,77.68332757741047,,,,,83.7019820061058
广州,2020,1,23.1291,113.2644,31,16.9,22.10967741935484,12.474193548387097,9.635483870967741,15.341935483870968,-1.5580645161290325,65.70967741935483,32.9,1.0612903225806452,13,0,19.177419354838708,34.23870967741936,0,1,8.336571684587813,22,3,12.129032258064516,0,0,0,0,,,,,,,,0.0,0.0,0.0,0.0,78.55268018494415,,,,,83.73069423251593
广州,2020,2,23.1291,113.2644,29,17.106896551724137,21.872413793103448,12.937931034482759,8.93448275862069,16.348275862068963,-0.7586206896551727,72.75862068965517,63.5,2.189655172413793,13,0,17.06206896551724,30.910344827586208,2,2,7.122472126436782,15,5,12.33206896551724,0,0,0,0,,,,,,,,0.0,0.0,0.0,0.0,78.04780841825675,,,,,82.0853928604363
广州,2020,3,23.1291,113.2644,31,20.567741935483873,24.30322580645161,17.5258064516129,6.77741935483871,21.041935483870965,0.4741935483870969,79.74193548387096,143.4,4.625806451612903,27,0,20.438709677419357,36.648387096774194,0,2,5.5193448028673835,11,8,11.290322580645162,0,0,0,0,,,,,,,,0.0,0.0,0.0,0.0,81.43330261989072,,,,,
广州,2020,4,23.1291,113.2644,30,20.59333333333333,24.936666666666667,16.946666666666665,7.989999999999999,21.416666666666668,0.8233333333333331,76.73333333333333,126.4,4.213333333333334,21,1,16.44,30.56,0,1,7.584894537037036,17,6,16.511666666666667,2,0,0,0,,,,,,,,0.0,0.0,0.0,0.0,81.16323246262913,,,,,
广州,2020,5,23.1291,113.2644,31,27.216129032258067,31.151612903225807,24.37741935483871,6.774193548387097,31.674193548387095,4.458064516129032,82.54838709677419,393.9,12.706451612903225,29,3,17.219354838709677,34.74516129032258,0,1,9.077189516129032,22,2,17.075161290322583,23,1,0,0,,,,,,,,0.0,0.0,0.0,0.0,71.03529700476678,,,,,
广州,2020,6,23.1291,113.2644,30,28.223333333333336,31.496666666666666,25.653333333333332,5.843333333333333,33.32666666666667,5.103333333333334,84.13333333333334,388.7,12.956666666666667,30,5,19.30666666666667,39.663333333333334,0,2,9.506959722222224,20,4,18.238333333333333,25,0,0,0,,,,,,,,0.0,0.0,0.0,0.0,66.27941629000482,,,,37.06073143854977,
广州,2020,7,23.1291,113.2644,31,30.248387096774195,34.33870967741935,26.90967741935484,7.429032258064517,34.91612903225807,4.66774193548387,73.2258064516129,92.10000000000001,2.970967741935484,26,0,20.306451612903224,38.309677419354834,0,2,11.617225716845878,28,0,21.14548387096774,31,13,0,0,,,,,,,,0.0,0.0,0.0,0.0,66.22163822990125,,,,35.533386250525474,
广州,2020,8,23.1291,113.2644,31,27.980645161290322,31.22258064516129,25.496774193548386,5.725806451612903,33.38387096774194,5.403225806451613,84.93548387096774,290.4,9.36774193548387,30,1,16.725806451612904,32.63225806451613,1,2,9.218259050179212,25,5,17.554516129032258,22,0,0,0,,,,,,,,0.0,0.0,0.0,0.0,67.43963036067488,,,,38.17465451309685,
广州,2020,9,23.1291,113.2644,30,27.02,30.183333333333334,24.766666666666666,5.416666666666667,32.28,5.26,86.4,367.1,12.236666666666668,29,3,13.92,28.363333333333333,0,0,7.811866666666666,16,2,14.524333333333335,17,0,0,0,,,,,,,,0.0,0.0,0.0,0.0,70.35930138742668,,,,,
广州,2020,10,23.1291,113.2644,31,23.42258064516129,27.212903225806453,20.177419354838708,7.035483870967742,23.9,0.4774193548387097,69.03225806451613,62.4,2.0129032258064514,10,0,20.45483870967742,36.94193548387097,0,3,8.407967741935483,21,4,15.002903225806453,3,0,0,0,,,,,,,,0.0,0.0,0.0,0.0,84.57448393392761,,,,,
广州,2020,11,23.1291,113.2644,30,21.84,26.533333333333335,18.026666666666664,8.506666666666666,21.163333333333334,-0.6766666666666671,61.63333333333333,6.6,0.22,6,0,20.05,36.14666666666667,0,0,9.365228425925926,27,1,14.454,1,0,0,0,,,,,,,,0.0,0.0,0.0,0.0,84.62170841547797,,,,,
广州,2020,12,23.1291,113.2644,31,14.932258064516128,19.677419354838708,10.970967741935485,8.706451612903225,11.76774193548387,-3.1645161290322585,59.29032258064516,10.7,0.34516129032258064,8,0,22.861290322580647,40.458064516129035,2,5,8.542416039426524,22,2,12.639999999999999,0,0,0,0,,,,,,,,0.0,0.0,0.0,0.0,74.24869554554668,,,,,82.6253328398817
广州,2021,1,23.1291,113.2644,31,14.422580645161291,19.574193548387097,9.693548387096774,9.880645161290323,11.22258064516129,-3.2,47.45161290322581,6.9,0.22258064516129034,4,0,18.77741935483871,33.670967741935485,2,3,9.23247724014337,26,2,13.903870967741934,0,0,0,0,,,,,,,,0.0,0.0,0.0,0.0,71.86249597366795,,,,,81.88346189608892
广州,2021,2,23.1291,113.2644,28,19.107142857142858,24.267857142857142,14.242857142857144,10.025,18.514285714285712,-0.5928571428571427,67.46428571428571,64.80000000000001,2.3142857142857145,7,1,16.642857142857142,29.835714285714285,0,0,8.605247817460318,22,5,15.447500000000002,0,0,0,0,,,,,,,,0.0,0.0,0.0,0.0,83.20946884567707,,,,,85.9606844626551
广州,2021,3,23.1291,113.2644,31,21.216129032258067,25.65806451612903,17.809677419354838,7.848387096774194,21.74516129032258,0.5290322580645163,74.19354838709677,54.4,1.7548387096774194,23,0,19.0,34.25806451612903,1,1,6.4757323476702515,13,5,12.653870967741934,4,0,0,0,,,,,,,,0.0,0.0,0.0,0.0,82.7729197029963,,,,,
广州,2021,4,23.1291,113.2644,30,23.683333333333334,27.666666666666668,20.4,7.266666666666667,25.503333333333334,1.8200000000000003,75.5,166.29999999999998,5.543333333333333,23,3,16.743333333333332,31.016666666666666,0,0,6.722514351851852,15,8,14.848666666666666,6,0,0,0,,,,,,,,0.0,0.0,0.0,0.0,81.60866983841767,,,,,
广州,2021,5,23.1291,113.2644,31,28.019354838709678,32.07741935483871,24.76774193548387,7.309677419354838,32.47741935483871,4.458064516129033,79.58064516129032,210.3,6.783870967741936,29,2,18.925806451612903,36.935483870967744,0,0,10.0956791218638,25,1,18.86935483870968,27,0,0,0,,,,,,,,0.0,0.0,0.0,0.0,69.98422232310485,,,,,
广州,2021,6,23.1291,113.2644,30,27.876666666666665,30.84,25.64,5.2,33.11,5.233333333333333,84.56666666666666,382.2,12.74,28,5,17.303333333333335,36.21333333333334,0,1,8.3524525,18,6,16.419666666666664,20,0,0,0,,,,,,,,0.0,0.0,0.0,0.0,67.25032417686398,,,,38.5424345204076,
广州,2021,7,23.1291,113.2644,31,29.161290322580644,32.5,26.370967741935484,6.129032258064516,34.73548387096774,5.574193548387096,80.6774193548387,181.0,5.838709677419355,29,2,16.629032258064516,33.11612903225806,0,2,10.802184677419355,26,4,19.96451612903226,27,2,0,0,,,,,,,,0.0,0.0,0.0,0.0,65.34895002041861,,,,35.76594549437715,
广州,2021,8,23.1291,113.2644,31,28.009677419354837,31.177419354838708,25.690322580645162,5.487096774193549,33.86451612903225,5.854838709677419,86.41935483870968,348.2,11.23225806451613,31,5,14.709677419354838,29.806451612903224,0,0,8.539181541218637,18,2,16.637096774193548,29,0,0,0,,,,,,,,0.0,0.0,0.0,0.0,67.54895010094609,,,,34.56585758114377,
广州,2021,9,23.1291,113.2644,30,28.506666666666668,32.07333333333334,25.59333333333333,6.48,34.42666666666666,5.92,82.33333333333333,154.79999999999998,5.159999999999999,28,0,12.373333333333333,25.926666666666666,0,0,10.25035462962963,28,0,18.615000000000002,29,0,0,0,,,,,,,,0.0,0.0,0.0,0.0,67.99815298728105,,,,,
广州,2021,10,23.1291,113.2644,31,23.35483870967742,26.825806451612905,20.54516129032258,6.280645161290323,24.638709677419353,1.2838709677419353,75.7741935483871,335.4,10.819354838709677,21,4,21.283870967741933,38.36451612903225,4,6,6.896705197132616,15,8,12.933225806451613,7,0,0,0,,,,,,,,0.0,0.0,0.0,0.0,78.98881984046103,,,,,
广州,2021,11,23.1291,113.2644,30,19.583333333333332,24.34333333333333,15.696666666666665,8.646666666666667,18.52,-1.0633333333333335,61.7,15.899999999999999,0.5299999999999999,10,0,19.25,33.446666666666665,4,4,8.916126481481482,24,0,14.068999999999999,0,0,0,0,,,,,,,,0.0,0.0,0.0,0.0,82.12765072190442,,,,,
广州,2021,12,23.1291,113.2644,31,15.683870967741935,20.335483870967742,11.661290322580646,8.674193548387096,13.209677419354838,-2.4741935483870963,60.774193548387096,66.1,2.1322580645161286,8,1,18.87741935483871,33.377419354838715,1,1,7.14524453405018,19,9,11.757741935483871,0,0,0,0,,,,,,,,0.0,0.0,0.0,0.0,74.40402198116652,,,,,81.19168329625424
广州,2022,1,23.1291,113.2644,31,15.435483870967742,19.893548387096775,11.896774193548387,7.996774193548387,14.087096774193547,-1.3483870967741935,73.70967741935483,24.9,0.8032258064516129,16,0,16.33225806451613,28.82903225806452,0,0,6.49149041218638,15,7,11.133548387096774,0,0,0,0,,,,,,,,0.0,0.0,0.0,0.0,75.23033199448872,,,,,80.52260451224582
广州,2022,2,23.1291,113.2644,28,12.078571428571427,15.857142857142858,9.167857142857143,6.689285714285714,9.639285714285714,-2.439285714285714,79.32142857142857,226.1,8.075,21,4,19.792857142857144,34.23571428571429,0,0,3.8890683531746033,6,15,9.288571428571428,0,0,0,0,,,,,,,,0.0,0.0,0.0,0.0,64.26528026673394,,,,,73.5233298765213
广州,2022,3,23.1291,113.2644,31,20.593548387096774,24.983870967741936,16.65806451612903,8.325806451612904,21.432258064516127,0.8387096774193551,79.19354838709677,173.1,5.583870967741936,18,2,18.532258064516128,32.038709677419355,1,1,6.649545698924731,16,7,13.453225806451613,0,0,0,0,,,,,,,,0.0,0.0,0.0,0.0,81.02987486520149,,,,,
广州,2022,4,23.1291,113.2644,30,22.19,26.78666666666667,18.283333333333335,8.503333333333334,23.53666666666667,1.3466666666666673,75.86666666666666,74.6,2.4866666666666664,20,0,17.953333333333333,31.540000000000003,0,1,7.962042407407408,20,6,17.304,6,0,0,0,,,,,,,,0.0,0.0,0.0,0.0,80.11094058305208,,,,,
广州,2022,5,23.1291,113.2644,31,23.951612903225808,27.654838709677417,20.861290322580647,6.7935483870967746,26.980645161290322,3.029032258064516,82.90322580645162,440.0,14.193548387096774,24,7,16.13225806451613,29.161290322580644,0,0,6.619315681003584,14,9,15.951935483870967,6,0,0,0,,,,,,,,0.0,0.0,0.0,0.0,76.56782503300897,,,,,
广州,2022,6,23.1291,113.2644,30,27.1,30.35666666666667,24.823333333333334,5.533333333333333,31.866666666666667,4.766666666666667,86.5,560.1,18.67,30,10,19.94333333333333,38.266666666666666,0,0,5.849249814814815,8,11,15.178666666666667,22,0,0,0,,,,,,,,0.0,0.0,0.0,0.0,68.82390317602903,,,,38.112400488407125,
广州,2022,7,23.1291,113.2644,31,29.335483870967742,33.012903225806454,26.216129032258067,6.796774193548386,34.71612903225807,5.380645161290323,79.16129032258064,296.8,9.574193548387097,22,4,17.903225806451612,32.987096774193546,2,3,10.030228494623657,25,4,20.343870967741935,27,9,0,0,,,,,,,,0.0,0.0,0.0,0.0,65.59341886380552,,,,35.42425672684424,
广州,2022,8,23.1291,113.2644,31,27.9741935483871,31.383870967741935,25.32903225806452,6.05483870967742,33.2,5.225806451612903,83.64516129032258,321.2,10.361290322580645,30,3,17.53548387096774,33.41290322580645,2,2,9.126812275985664,22,2,18.23774193548387,22,2,0,0,,,,,,,,0.0,0.0,0.0,0.0,68.1892968041714,,,,38.553723044648855,
广州,2022,9,23.1291,113.2644,30,28.19,32.54666666666667,24.683333333333334,7.863333333333332,32.24333333333333,4.053333333333334,72.06666666666666,122.5,4.083333333333333,16,0,15.97,30.476666666666667,0,0,10.543047777777778,28,1,20.773000000000003,29,1,0,0,,,,,,,,0.0,0.0,0.0,0.0,72.54996308289651,,,,,
广州,2022,10,23.1291,113.2644,31,25.009677419354837,29.95483870967742,20.770967741935483,9.183870967741935,24.92258064516129,-0.08709677419354803,55.74193548387097,22.8,0.7354838709677419,8,0,20.948387096774194,37.84516129032258,5,6,10.0502561827957,29,1,17.691290322580645,20,0,0,0,,,,,,,,0.0,0.0,0.0,0.0,81.91268431792172,,,,,
广州,2022,11,23.1291,113.2644,30,22.123333333333335,25.516666666666666,19.566666666666666,5.95,23.756666666666668,1.6333333333333333,81.7,167.1,5.569999999999999,25,1,16.39,29.14,3,3,4.988988425925926,9,10,9.217333333333332,1,0,0,0,,,,,,,,0.0,0.0,0.0,0.0,80.35785772645947,,,,,
广州,2022,12,23.1291,113.2644,31,12.94516129032258,17.051612903225806,9.503225806451614,7.548387096774194,9.293548387096775,-3.6516129032258067,58.32258064516129,11.0,0.3548387096774194,6,0,20.79032258064516,36.13225806451613,2,2,6.823903673835126,19,9,11.144838709677419,0,0,0,0,,,,,,,,0.0,0.0,0.0,0.0,68.68001896045416,,,,,79.55169904807062
广州,2023,1,23.1291,113.2644,31,14.235483870967743,18.364516129032257,10.787096774193548,7.577419354838709,11.76774193548387,-2.467741935483871,64.61290322580645,51.400000000000006,1.6580645161290324,19,0,20.480645161290322,35.18387096774194,3,3,6.017458064516129,14,9,10.401612903225805,0,0,0,0,43.95282258064516,63.4633064516129,1278.646505376344,58.58561827956989,50.104032258064514,30.497311827956988,0.27553763440860213,7.0,1.0,0.0,0.0,71.07970025221532,88.81860208491284,76.40137080202457,11.181397915087175,,81.6136635238816
广州,2023,2,23.1291,113.2644,28,17.821428571428573,22.62857142857143,13.917857142857143,8.710714285714285,17.08214285714286,-0.7392857142857144,71.82142857142857,42.8,1.5285714285714285,12,0,17.967857142857145,31.49642857142857,0,1,7.389161706349206,18,6,13.896785714285715,0,0,0,0,53.78333333333334,79.0577380952381,1475.2440476190477,73.52782738095239,71.30431547619048,37.3125,0.06398809523809525,5.0,3.0,0.0,0.0,79.64078129755195,86.03768668129915,81.5598529126761,13.962313318700863,,83.8377952402557
广州,2023,3,23.1291,113.2644,31,20.529032258064515,25.0,16.729032258064517,8.270967741935483,20.551612903225806,0.02258064516129093,71.19354838709677,173.4,5.593548387096774,17,2,18.44516129032258,32.40967741935484,1,1,6.011277329749104,13,9,13.146451612903226,0,0,0,0,45.29287634408602,67.21451612903226,945.4462365591397,73.9236559139785,72.572311827957,34.87768817204301,0.3844086021505376,10.0,4.0,0.0,0.0,83.26620613388067,87.59159070595798,84.56382150550385,12.40840929404201,,
广州,2023,4,23.1291,113.2644,30,22.706666666666667,26.426666666666666,19.64,6.786666666666666,24.396666666666665,1.6900000000000004,81.3,179.2,5.973333333333333,23,1,20.616666666666667,35.8,2,3,5.786068333333334,9,9,13.650666666666666,1,0,0,0,41.21680555555555,61.25611111111111,717.3125,67.80722222222222,66.17097222222222,30.3375,0.35833333333333334,15.0,2.0,0.0,0.0,80.8096666654349,88.91778770745347,83.24210297804048,11.082212292546528,,
广州,2023,5,23.1291,113.2644,31,25.73548387096774,29.37741935483871,22.687096774193545,6.690322580645161,29.34193548387097,3.606451612903226,82.06451612903226,207.8,6.703225806451614,27,2,17.761290322580646,31.65806451612903,0,0,7.654375985663083,17,7,16.631290322580647,16,2,0,0,37.953629032258064,56.04126344086021,658.3440860215054,66.49381720430108,63.48938172043011,37.49596774193548,0.14919354838709678,15.0,0.0,0.0,0.0,74.82083288733091,89.11765478701632,79.10987945723653,10.882345212983683,,
广州,2023,6,23.1291,113.2644,30,27.743333333333332,31.366666666666667,25.05666666666667,6.3100000000000005,33.086666666666666,5.343333333333334,84.86666666666666,322.3,10.743333333333334,30,1,17.08,32.236666666666665,0,0,9.04141925925926,21,4,18.580666666666666,25,0,0,0,33.283055555555556,48.620416666666664,574.0736111111111,60.60222222222222,64.48305555555557,34.55694444444444,0.016666666666666666,21.0,1.0,0.0,2.0,68.0308422193106,90.16854307163281,74.67215247500727,9.831456928367183,37.30921314273171,
广州,2023,7,23.1291,113.2644,31,29.19677419354839,32.98064516129032,26.05483870967742,6.925806451612904,34.42903225806452,5.232258064516128,79.19354838709677,197.8,6.380645161290323,24,2,18.04516129032258,33.36451612903225,1,2,10.925413082437275,26,2,21.90032258064516,29,3,0,0,29.396505376344084,43.77889784946236,382.78225806451616,47.1508064516129,32.77862903225807,41.96236559139785,0.009408602150537633,22.0,0.0,0.0,0.0,66.07092641034893,91.64026803582222,73.74172889799091,8.359731964177795,35.83591294911872,
广州,2023,8,23.1291,113.2644,31,28.19677419354839,31.677419354838708,25.583870967741937,6.093548387096774,33.79354838709677,5.596774193548388,83.09677419354838,317.4,10.238709677419354,29,2,15.238709677419354,29.91290322580645,0,0,8.94618611111111,22,1,18.050967741935484,29,0,0,0,40.30913978494623,58.619354838709675,546.7809139784946,61.009946236559145,42.09879032258065,44.71908602150537,0.31989247311827956,11.0,0.0,0.0,0.0,68.4517208188126,89.24710134395912,74.69033497635655,10.752898656040887,35.37399778208095,
广州,2023,9,23.1291,113.2644,30,27.03666666666667,30.21333333333333,24.633333333333333,5.58,31.946666666666665,4.91,85.6,587.3000000000001,19.576666666666668,30,8,16.663333333333334,32.406666666666666,2,3,7.274930740740741,18,7,14.851333333333335,17,0,0,0,35.19513888888889,51.02180555555556,524.3791666666667,51.40083333333333,37.33527777777778,42.52638888888888,0.0,17.0,0.0,0.0,0.0,69.52831062927842,90.53297163454148,75.82970893085734,9.467028365458523,,
广州,2023,10,23.1291,113.2644,31,24.161290322580644,27.64516129032258,21.27741935483871,6.367741935483871,26.27741935483871,2.116129032258064,77.70967741935483,193.9,6.254838709677419,21,3,17.661290322580644,31.041935483870965,2,2,6.962623745519713,17,9,13.441612903225806,7,0,0,0,39.45631720430108,57.461021505376344,651.4731182795699,46.20483870967742,30.97284946236559,53.58602150537634,0.22311827956989244,15.0,3.0,0.0,1.0,79.58956867570936,89.74629425699047,82.63658635009368,10.253705743009542,,
广州,2023,11,23.1291,113.2644,30,20.853333333333335,25.216666666666665,17.083333333333332,8.133333333333333,21.27,0.41666666666666663,71.36666666666666,17.5,0.5833333333333334,10,0,16.39,29.040000000000003,0,2,8.382359814814816,21,3,13.709,0,0,0,0,56.291666666666664,81.94861111111112,917.1833333333333,54.82666666666667,50.29347222222222,33.4875,0.2555555555555556,8.0,8.0,0.0,0.0,82.57127770921686,87.77482295511018,84.13234128298485,12.225177044889822,,
广州,2023,12,23.1291,113.2644,31,15.783870967741937,20.43548387096774,11.94516129032258,8.490322580645161,13.935483870967742,-1.8483870967741938,66.0,24.4,0.7870967741935483,11,0,19.39032258064516,33.28387096774193,2,3,6.881121326164875,19,5,10.768709677419354,0,0,0,0,45.348252688172046,67.80752688172043,864.2096774193549,43.413037634408596,47.29986559139785,29.474462365591396,0.04301075268817204,16.0,6.0,0.0,0.0,74.71164320749956,89.88764919310923,79.26444500318246,10.112350806890774,,83.62244359676185
广州,2024,1,23.1291,113.2644,31,15.541935483870969,20.248387096774195,11.574193548387097,8.674193548387096,13.925806451612903,-1.6161290322580646,68.25806451612904,19.8,0.6387096774193549,12,0,17.561290322580643,30.24516129032258,1,1,6.643410842293907,15,6,10.784516129032259,0,0,0,0,54.75322580645161,80.44435483870969,904.3494623655913,47.0997311827957,45.14704301075269,34.928763440860216,0.09274193548387097,7.0,7.0,0.0,0.0,76.22786085776548,88.36195222496876,79.86808826792645,11.638047775031245,,83.14018798173413
广州,2024,2,23.1291,113.2644,29,16.26551724137931,20.679310344827588,12.713793103448275,7.9655172413793105,14.937931034482759,-1.3275862068965518,75.65517241379311,42.599999999999994,1.4689655172413791,20,0,20.837931034482757,35.84827586206896,1,2,5.034377873563218,11,11,10.669310344827586,0,0,0,0,28.820833333333333,43.040804597701154,608.8347701149424,40.8683908045977,29.359195402298848,24.622126436781606,0.27155172413793105,20.0,0.0,0.0,0.0,73.76837119502487,92.71233351918005,79.45155989227142,7.287666480819952,,82.48820148461073
广州,2024,3,23.1291,113.2644,31,19.532258064516128,23.70967741935484,16.306451612903224,7.403225806451613,19.677419354838708,0.14516129032258057,78.25806451612904,151.1,4.874193548387097,27,0,20.519354838709678,35.16451612903226,1,1,4.92031505376344,8,12,11.917741935483871,2,0,0,0,40.177553763440855,60.56209677419355,607.9798387096774,50.32889784946237,32.659543010752685,30.79032258064516,1.7620967741935485,12.0,1.0,2.0,0.0,78.16078341165777,90.55445730975264,81.87888558108624,9.445542690247366,,
广州,2024,4,23.1291,113.2644,30,24.673333333333336,28.633333333333333,21.85666666666667,6.776666666666667,27.696666666666665,3.0233333333333334,85.66666666666667,833.3,27.776666666666664,29,12,22.013333333333332,39.05333333333333,4,4,5.507891574074074,10,10,12.852,12,0,0,0,30.178749999999997,45.28069444444444,434.54305555555555,49.83888888888889,28.98902777777778,24.758333333333333,0.6027777777777777,23.0,0.0,0.0,0.0,75.70630970146217,92.26471235732423,80.67383049822078,7.735287642675771,,
广州,2024,5,23.1291,113.2644,31,24.996774193548386,28.51290322580645,22.42258064516129,6.090322580645162,28.56451612903226,3.5677419354838706,84.0,313.4,10.109677419354838,27,5,16.883870967741935,30.538709677419355,0,0,6.360957437275986,13,7,15.742903225806451,8,0,0,0,38.88467741935484,57.7122311827957,526.638440860215,56.0877688172043,36.27163978494624,46.4502688172043,1.0618279569892473,16.0,1.0,0.0,0.0,76.29897905759324,89.6767785569839,80.31231890741043,10.323221443016099,,
广州,2024,6,23.1291,113.2644,30,27.470000000000002,30.613333333333333,25.136666666666667,5.4766666666666675,32.32,4.8500000000000005,86.16666666666667,464.7,15.49,30,7,19.94333333333333,37.093333333333334,1,1,7.164860925925926,13,7,15.951333333333334,20,0,0,0,26.418888888888887,39.450694444444444,387.74305555555554,48.98361111111111,31.227083333333333,32.84722222222222,0.004166666666666667,28.0,0.0,0.0,0.0,68.29206885953447,92.35800176701234,75.51184873177782,7.64199823298767,38.83270310726275,
广州,2024,7,23.1291,113.2644,31,28.81935483870968,32.193548387096776,26.24516129032258,5.948387096774193,34.11612903225806,5.296774193548386,82.41935483870968,311.8,10.058064516129033,29,4,19.200000000000003,35.74516129032258,1,1,10.235470071684587,25,3,19.315483870967743,27,3,0,0,25.872043010752687,39.12943548387097,352.4986559139785,46.60362903225807,34.08212365591398,34.02553763440861,0.006720430107526881,27.0,0.0,0.0,0.0,65.39851882315142,92.46309520984872,73.5178917391606,7.536904790151282,36.03154726310004,
广州,2024,8,23.1291,113.2644,31,28.406451612903226,31.816129032258065,25.851612903225806,5.964516129032258,34.60645161290322,6.199999999999999,85.70967741935483,371.90000000000003,11.996774193548388,31,5,13.85483870967742,27.62258064516129,0,0,7.839924641577061,17,7,17.300322580645158,25,1,0,0,47.663844086021506,68.81962365591397,598.5577956989248,67.60819892473118,39.24973118279569,52.47715053763441,0.16129032258064516,8.0,2.0,0.0,0.0,66.02815092114068,87.6922940768032,72.52739386783942,12.307705923196808,34.3173001206584,
广州,2024,9,23.1291,113.2644,30,27.516666666666666,31.28666666666667,24.763333333333332,6.5233333333333325,32.63666666666667,5.120000000000001,84.1,275.8,9.193333333333333,30,2,16.58,32.223333333333336,1,2,8.695747314814815,23,4,17.353,24,0,0,0,44.55583333333333,64.35,600.5333333333333,55.45319444444444,36.015972222222224,58.93333333333333,0.0,10.0,3.0,0.0,1.0,69.38156375744316,88.40069760947985,75.08730391305417,11.59930239052015,,
广州,2024,10,23.1291,113.2644,31,24.887096774193548,28.929032258064513,21.432258064516127,7.496774193548387,25.496774193548386,0.6096774193548383,63.70967741935484,13.5,0.43548387096774194,12,0,20.774193548387096,36.193548387096776,2,2,9.906147759856632,28,1,17.106451612903225,12,0,0,0,36.7252688172043,53.90067204301075,578.9045698924732,41.81344086021505,26.09784946236559,58.63306451612903,0.0846774193548387,16.0,3.0,0.0,0.0,83.39710838759362,90.18239679952838,85.43269491117405,9.817603200471623,,
广州,2024,11,23.1291,113.2644,30,21.206666666666667,25.12,18.040000000000003,7.079999999999999,20.84,-0.3666666666666668,64.46666666666667,48.8,1.6266666666666665,11,0,16.953333333333333,34.80333333333333,0,0,7.848988518518519,21,5,12.704,2,0,0,0,33.54805555555556,39.27777777777778,716.4152777777778,35.12611111111111,25.79513888888889,44.97083333333333,0.12638888888888888,20.0,0.0,0.0,0.0,83.09914216931962,91.55213826906923,85.6350409992445,8.447861730930773,,
广州,2024,12,23.1291,113.2644,31,15.674193548387096,20.606451612903225,11.429032258064517,9.17741935483871,13.212903225806452,-2.4612903225806453,51.193548387096776,0.5,0.016129032258064516,1,0,14.196774193548388,33.34193548387096,0,0,8.87865322580645,26,2,13.213548387096774,0,0,0,0,67.24274193548388,67.81129032258065,978.8091397849462,42.07311827956989,50.59583333333333,60.06989247311828,0.23790322580645162,5.0,9.0,0.0,0.0,76.05695091659221,86.16556765846684,79.0895359391546,13.83443234153316,,84.23755775819733
广州,2025,1,23.1291,113.2644,31,15.990322580645161,21.348387096774193,11.180645161290323,10.167741935483871,13.348387096774195,-2.641935483870968,45.0,3.5,0.11290322580645161,3,0,12.809677419354838,30.80322580645161,0,1,9.630204390681003,28,1,14.841935483870968,0,0,0,0,61.64408602150538,62.34206989247312,813.9932795698925,51.08360215053764,44.6388440860215,59.37365591397849,0.5470430107526881,5.0,10.0,0.0,0.0,76.16082505461688,86.61364892176474,79.29667221476123,13.386351078235268,,84.92910387622996
广州,2025,2,23.1291,113.2644,28,16.16785714285714,20.660714285714285,12.314285714285715,8.346428571428572,14.946428571428571,-1.2214285714285715,65.32142857142857,25.099999999999998,0.8964285714285714,14,0,13.6,31.564285714285713,0,0,6.1600190476190475,9,6,12.233571428571429,0,0,0,0,51.807589285714286,52.74538690476191,753.4613095238095,41.96369047619048,36.949107142857144,48.485119047619044,1.2232142857142858,6.0,4.0,0.0,0.0,78.7927925342389,88.867773559077,81.81528684169032,11.132226440923016,,84.09106527454354
广州,2025,3,23.1291,113.2644,31,18.63225806451613,23.309677419354838,14.374193548387098,8.935483870967742,18.62258064516129,-0.00967741935483879,72.19354838709677,79.8,2.574193548387097,16,0,14.5,34.61290322580645,0,1,7.243439964157706,18,7,14.915806451612903,4,0,0,0,47.32647849462366,49.59314516129032,717.1438172043011,49.81061827956989,37.22889784946236,50.86693548387097,3.1384408602150535,11.0,5.0,3.0,1.0,78.62626481078838,88.85622945273316,81.69525420337182,11.143770547266847,,
广州,2025,4,23.1291,113.2644,30,23.273333333333333,28.40666666666667,19.15,9.256666666666666,25.35,2.0766666666666667,73.76666666666667,155.0,5.166666666666667,21,1,13.15,32.27333333333333,0,2,7.997411018518518,16,4,17.228333333333335,13,0,0,0,59.49777777777778,66.36902777777777,736.6472222222222,58.367916666666666,39.068888888888885,54.0375,10.945833333333333,7.0,9.0,9.0,1.0,80.85089388895358,86.81435433892321,82.63993202394447,13.185645661076801,,
广州,2025,5,23.1291,113.2644,31,25.293548387096774,29.038709677419355,22.54516129032258,6.493548387096775,29.348387096774193,4.054838709677419,83.09677419354838,326.8,10.541935483870969,28,2,12.064516129032258,31.516129032258064,0,1,6.623212903225807,12,8,15.525806451612903,10,0,0,0,42.96209677419355,44.932258064516134,689.0174731182796,53.87123655913979,36.575,53.07392473118279,2.3373655913978495,11.0,0.0,2.0,1.0,75.93569438009594,89.06460069283817,79.87436627391861,10.935399307161832,,
广州,2025,6,23.1291,113.2644,30,27.5,31.033333333333335,24.9,6.133333333333335,32.79666666666667,5.296666666666667,84.86666666666666,474.2,15.806666666666667,30,6,13.67,35.2,0,2,8.250957037037036,20,5,17.549333333333333,19,0,0,0,33.57222222222222,34.58638888888889,523.3541666666666,48.93458333333333,38.14069444444444,45.98055555555555,0.07222222222222222,17.0,0.0,0.0,0.0,68.65631512508725,90.83720116953484,75.31058093842151,9.162798830465166,39.43749947295604,
广州,2025,7,23.1291,113.2644,31,28.603225806451615,32.63548387096775,25.9,6.735483870967742,34.809677419354834,6.206451612903226,83.83870967741936,336.5,10.85483870967742,31,3,12.225806451612904,32.270967741935486,1,2,9.064181899641577,17,2,18.818064516129034,29,3,0,0,49.77352150537634,50.42258064516129,849.2674731182796,53.60645161290322,36.7614247311828,75.33467741935483,0.3951612903225806,6.0,1.0,0.0,4.0,66.67450117014106,87.10696687055197,72.80424088026433,12.893033129448021,33.71432915167459,
广州,2025,8,23.1291,113.2644,31,27.748387096774195,31.687096774193545,24.98709677419355,6.699999999999999,33.3,5.551612903225807,83.93548387096774,367.6,11.858064516129033,29,5,12.874193548387096,33.667741935483875,0,0,8.061052688172044,21,8,17.113548387096774,24,1,0,0,45.17110215053763,46.33373655913979,677.5147849462365,59.056989247311826,39.979301075268815,47.071236559139784,0.47715053763440857,7.0,1.0,0.0,0.0,67.92435664094326,88.82113636556,74.19339055832828,11.17886363444001,37.33963682553624,
广州,2025,9,23.1291,113.2644,30,28.303333333333335,32.54333333333333,25.2,7.343333333333333,33.196666666666665,4.8933333333333335,78.4,281.0,9.366666666666667,26,3,13.756666666666666,34.26,1,4,8.702455092592594,22,4,17.21466666666667,25,6,0,0,44.999861111111116,45.654444444444444,643.5236111111111,56.12708333333333,44.06777777777778,44.46805555555555,0.0,9.0,1.0,0.0,0.0,69.77540036930147,89.0857021929884,75.56849091640755,10.91429780701161,,
广州,2025,10,23.1291,113.2644,31,26.32903225806452,30.51290322580645,23.04516129032258,7.467741935483871,29.080645161290324,2.7516129032258063,68.64516129032258,48.0,1.5483870967741935,21,0,13.170967741935485,32.75483870967742,0,3,8.10922652329749,19,4,14.853870967741935,18,3,0,0,51.62526881720431,51.993951612903224,621.7311827956989,51.28239247311828,41.548924731182794,52.43817204301075,0.0,11.0,6.0,0.0,0.0,77.41260637426002,88.28117454447688,80.67317682532506,11.718825455523115,,
广州,2025,11,23.1291,113.2644,30,19.543333333333333,23.8,16.35,7.45,18.970000000000002,-0.5733333333333335,63.13333333333333,12.4,0.41333333333333333,9,0,14.223333333333333,32.64666666666667,0,0,7.094847962962962,18,6,12.097333333333333,0,0,0,0,39.163333333333334,39.72388888888889,767.1694444444444,39.24625,33.42444444444445,50.02777777777778,0.5736111111111111,17.0,3.0,0.0,0.0,82.78827300713849,90.36760438088011,85.06207241926099,9.632395619119881,,
广州,2025,12,23.1291,113.2644,31,17.787096774193547,22.067741935483873,14.248387096774193,7.819354838709677,17.62258064516129,-0.16451612903225812,71.29032258064517,21.9,0.7064516129032258,7,0,11.067741935483872,26.338709677419356,0,1,7.862403853046596,20,3,11.899354838709677,0,0,0,0,81.13212365591397,81.73212365591398,1425.9368279569892,57.381182795698926,56.22204301075269,46.178763440860216,0.2325268817204301,2.0,20.0,0.0,0.0,82.26849972975863,84.02849963019868,82.79649969989063,15.971500369801332,,84.54780615211291
成都,2016,1,30.5728,104.0668,31,6.419354838709677,9.780645161290321,3.303225806451613,6.47741935483871,3.6322580645161286,-2.7870967741935484,74.90322580645162,16.8,0.5419354838709678,14,0,11.748387096774193,22.33225806451613,0,0,5.567627508960574,14,11,7.814193548387097,0,0,7,0,,,,,,,,0.0,0.0,0.0,0.0,56.85089955043167,,,,,70.03726530435145
成都,2016,2,30.5728,104.0668,29,8.572413793103449,13.331034482758621,4.189655172413793,9.141379310344828,5.955172413793103,-2.617241379310345,66.41379310344827,14.3,0.4931034482758621,9,0,11.055172413793104,22.117241379310343,0,0,8.360758812260537,19,2,12.858275862068965,0,0,1,0,,,,,,,,0.0,0.0,0.0,0.0,63.129136620102074,,,,,77.92339617004811
成都,2016,3,30.5728,104.0668,31,14.425806451612903,18.74516129032258,10.403225806451612,8.341935483870968,12.951612903225806,-1.474193548387097,68.83870967741936,36.699999999999996,1.1838709677419355,12,0,13.074193548387097,25.82903225806452,0,0,6.5342940860215055,13,7,11.578064516129032,0,0,0,0,,,,,,,,0.0,0.0,0.0,0.0,74.73775388368959,,,,,
成都,2016,4,30.5728,104.0668,30,19.053333333333335,23.66,14.756666666666666,8.903333333333334,19.256666666666668,0.2033333333333335,71.16666666666667,72.7,2.4233333333333333,20,0,11.56,23.95,0,0,7.8484694444444445,13,2,14.942666666666666,0,0,0,0,,,,,,,,0.0,0.0,0.0,0.0,85.27811446312998,,,,,
成都,2016,5,30.5728,104.0668,31,21.858064516129033,26.154838709677417,17.59032258064516,8.564516129032258,22.76451612903226,0.9064516129032262,68.80645161290323,127.8,4.12258064516129,22,2,12.72258064516129,25.451612903225808,0,1,8.682943458781363,19,5,16.937419354838706,4,0,0,0,,,,,,,,0.0,0.0,0.0,0.0,84.80853478675387,,,,,
成都,2016,6,30.5728,104.0668,30,26.09,30.876666666666665,21.633333333333333,9.243333333333334,29.06,2.9699999999999998,70.46666666666667,159.3,5.3100000000000005,20,1,11.993333333333334,25.176666666666666,0,1,9.406004537037036,19,3,18.916,22,2,0,0,,,,,,,,0.0,0.0,0.0,0.0,77.83146298515068,,,,47.837036305109045,
成都,2016,7,30.5728,104.0668,31,26.561290322580643,30.603225806451615,23.193548387096776,7.409677419354839,31.470967741935485,4.909677419354838,83.16129032258064,391.09999999999997,12.616129032258064,27,6,11.303225806451612,24.1,0,1,8.635249372759857,17,4,16.973225806451612,21,0,0,0,,,,,,,,0.0,0.0,0.0,0.0,72.05772015615128,,,,41.96718232222833,
成都,2016,8,30.5728,104.0668,31,27.606451612903225,31.59032258064516,24.23548387096774,7.354838709677419,32.75483870967742,5.148387096774194,78.6774193548387,197.6,6.374193548387097,28,1,9.641935483870967,21.822580645161292,0,0,9.93633987455197,26,2,18.01516129032258,25,6,0,0,,,,,,,,0.0,0.0,0.0,0.0,71.08685037861108,,,,40.04383729629731,
成都,2016,9,30.5728,104.0668,30,22.303333333333335,25.53666666666667,19.55666666666667,5.98,24.616666666666667,2.313333333333333,80.0,153.1,5.1033333333333335,24,1,9.763333333333332,19.853333333333335,0,0,5.542149074074074,11,12,10.368,2,0,0,0,,,,,,,,0.0,0.0,0.0,0.0,83.3968685687017,,,,,
成都,2016,10,30.5728,104.0668,31,18.603225806451615,21.483870967741936,16.329032258064515,5.15483870967742,19.187096774193545,0.5838709677419348,77.16129032258064,29.8,0.9612903225806452,17,0,11.538709677419355,22.612903225806452,0,1,4.71246370967742,7,13,7.668387096774193,2,0,0,0,,,,,,,,0.0,0.0,0.0,0.0,80.03351706480886,,,,,
成都,2016,11,30.5728,104.0668,30,12.733333333333333,16.12,9.626666666666667,6.493333333333333,11.53,-1.2033333333333334,75.43333333333334,14.0,0.4666666666666667,11,0,9.979999999999999,20.653333333333332,0,0,5.964166018518518,9,5,7.353,0,0,0,0,,,,,,,,0.0,0.0,0.0,0.0,70.78593040055377,,,,,
成都,2016,12,30.5728,104.0668,31,9.558064516129033,13.158064516129032,6.590322580645161,6.567741935483871,7.574193548387097,-1.9838709677419355,77.64516129032258,11.3,0.3645161290322581,9,0,10.696774193548388,19.91290322580645,0,0,5.601666487455197,7,8,7.103225806451613,0,0,0,0,,,,,,,,0.0,0.0,0.0,0.0,63.39120857012721,,,,,75.14951482310464
成都,2017,1,30.5728,104.0668,31,8.296774193548387,11.55483870967742,5.1,6.45483870967742,5.84516129032258,-2.4516129032258065,73.38709677419355,14.8,0.4774193548387097,15,0,11.319354838709677,21.725806451612904,0,0,5.332453494623656,7,9,7.668709677419354,0,0,0,0,,,,,,,,0.0,0.0,0.0,0.0,61.27465823516832,,,,,74.83184455469525
成都,2017,2,30.5728,104.0668,28,8.821428571428571,12.517857142857142,4.921428571428572,7.596428571428572,6.517857142857143,-2.3035714285714284,73.35714285714286,12.8,0.4571428571428572,16,0,12.007142857142856,23.389285714285712,0,1,4.937999503968254,5,8,9.31,0,0,0,0,,,,,,,,0.0,0.0,0.0,0.0,62.441902556220846,,,,,74.92002268664216
成都,2017,3,30.5728,104.0668,31,11.870967741935484,15.451612903225806,8.390322580645162,7.061290322580645,10.167741935483871,-1.7032258064516128,74.29032258064517,42.6,1.3741935483870968,25,0,12.838709677419354,24.91290322580645,0,0,4.4835332437275985,6,11,10.221612903225807,0,0,0,0,,,,,,,,0.0,0.0,0.0,0.0,68.29825387345328,,,,,
成都,2017,4,30.5728,104.0668,30,17.863333333333333,22.30666666666667,13.47,8.836666666666666,17.44333333333333,-0.42,70.93333333333334,103.8,3.46,22,1,14.903333333333334,29.076666666666664,0,0,6.734455092592593,14,7,14.724333333333334,0,0,0,0,,,,,,,,0.0,0.0,0.0,0.0,81.0848936760013,,,,,
成都,2017,5,30.5728,104.0668,31,22.451612903225808,27.5258064516129,17.33225806451613,10.193548387096774,22.81935483870968,0.36774193548387096,61.74193548387097,51.3,1.6548387096774193,22,0,15.816129032258065,30.838709677419356,2,3,8.520400089605735,17,2,18.660967741935483,8,0,0,0,,,,,,,,0.0,0.0,0.0,0.0,86.77242765132462,,,,,
成都,2017,6,30.5728,104.0668,30,24.38,28.53666666666667,20.459999999999997,8.076666666666666,26.576666666666664,2.1966666666666663,71.33333333333333,104.1,3.4699999999999998,22,0,12.636666666666667,25.546666666666667,0,0,8.269931388888889,17,6,16.445,5,0,0,0,,,,,,,,0.0,0.0,0.0,0.0,81.91877111436698,,,,57.24665331497548,
成都,2017,7,30.5728,104.0668,31,27.83225806451613,32.674193548387095,23.580645161290324,9.093548387096776,32.25806451612903,4.425806451612904,74.48387096774194,183.7,5.925806451612903,27,1,12.035483870967743,26.67096774193548,0,0,10.867634677419355,27,0,19.679032258064513,28,6,0,0,,,,,,,,0.0,0.0,0.0,0.0,72.25495156635017,,,,40.91159457213827,
成都,2017,8,30.5728,104.0668,31,27.141935483870967,31.406451612903226,23.548387096774192,7.858064516129032,30.67096774193548,3.5290322580645164,73.03225806451613,184.5,5.951612903225806,28,1,15.509677419354839,31.812903225806448,1,2,8.453633870967742,19,4,15.169677419354839,25,2,0,0,,,,,,,,0.0,0.0,0.0,0.0,75.49096895829885,,,,43.363193740771386,
成都,2017,9,30.5728,104.0668,30,23.063333333333333,26.279999999999998,20.573333333333334,5.706666666666667,25.259999999999998,2.1966666666666663,76.33333333333333,38.3,1.2766666666666666,21,0,11.683333333333334,22.813333333333333,0,0,3.96853287037037,6,16,9.460333333333333,2,0,0,0,,,,,,,,0.0,0.0,0.0,0.0,83.51100818884045,,,,,
成都,2017,10,30.5728,104.0668,31,17.1,19.635483870967743,15.006451612903225,4.629032258064516,17.148387096774194,0.04838709677419383,78.93548387096774,42.1,1.3580645161290323,28,0,11.77741935483871,22.287096774193547,0,0,2.394721505376344,2,20,6.0038709677419355,0,0,0,0,,,,,,,,0.0,0.0,0.0,0.0,77.04077048046378,,,,,
成都,2017,11,30.5728,104.0668,30,13.713333333333335,17.436666666666667,10.45,6.986666666666666,12.426666666666668,-1.2866666666666666,70.9,8.0,0.26666666666666666,15,0,11.646666666666667,22.11,0,0,5.883324444444444,10,7,8.526666666666667,0,0,0,0,,,,,,,,0.0,0.0,0.0,0.0,73.16389829803612,,,,,
成都,2017,12,30.5728,104.0668,31,8.26774193548387,12.85483870967742,4.232258064516128,8.62258064516129,5.535483870967742,-2.732258064516129,65.83870967741936,4.2,0.13548387096774195,8,0,10.864516129032259,21.154838709677417,0,0,6.940634229390681,18,7,8.737741935483871,0,0,1,0,,,,,,,,0.0,0.0,0.0,0.0,61.857375008401455,,,,,76.78145803463131
成都,2018,1,30.5728,104.0668,31,5.567741935483871,9.693548387096774,1.8935483870967742,7.8,2.3129032258064517,-3.2548387096774194,67.41935483870968,11.4,0.36774193548387096,16,0,13.125806451612902,25.161290322580644,0,0,5.835741308243728,10,8,8.378709677419355,0,0,7,0,,,,,,,,0.0,0.0,0.0,0.0,57.00162627829521,,,,,71.00812470509635
成都,2018,2,30.5728,104.0668,28,8.075,12.614285714285714,3.625,8.989285714285714,5.210714285714286,-2.8642857142857143,65.07142857142857,14.0,0.5,11,0,12.842857142857143,25.639285714285712,0,0,6.1519280753968255,9,6,10.867857142857144,0,0,4,0,,,,,,,,0.0,0.0,0.0,0.0,62.39267972288791,,,,,74.55401949369873
成都,2018,3,30.5728,104.0668,31,16.13225806451613,21.129032258064516,11.764516129032257,9.364516129032259,14.90967741935484,-1.22258064516129,66.6774193548387,41.9,1.3516129032258064,20,0,13.964516129032257,27.216129032258067,0,0,5.991758064516128,10,7,11.653225806451612,0,0,0,0,,,,,,,,0.0,0.0,0.0,0.0,79.1244399850419,,,,,
成都,2018,4,30.5728,104.0668,30,19.85666666666667,25.503333333333334,14.563333333333333,10.94,19.45,-0.4066666666666668,61.8,76.9,2.5633333333333335,16,0,16.279999999999998,31.273333333333333,2,2,7.4530575,15,7,15.637,4,0,0,0,,,,,,,,0.0,0.0,0.0,0.0,84.36159487527723,,,,,
成都,2018,5,30.5728,104.0668,31,22.541935483870965,27.148387096774194,18.296774193548387,8.851612903225806,23.02258064516129,0.48064516129032275,63.45161290322581,112.10000000000001,3.6161290322580646,16,1,16.116129032258065,30.9,2,3,6.51100958781362,15,10,15.086774193548386,6,1,0,0,,,,,,,,0.0,0.0,0.0,0.0,85.87933315496709,,,,,
成都,2018,6,30.5728,104.0668,30,24.596666666666668,29.09,20.740000000000002,8.35,27.240000000000002,2.6433333333333326,74.36666666666666,220.0,7.333333333333333,24,3,13.25,26.40666666666667,0,0,6.676114537037037,13,9,15.672,11,0,0,0,,,,,,,,0.0,0.0,0.0,0.0,80.80178629665862,,,,52.66976563437125,
成都,2018,7,30.5728,104.0668,31,25.887096774193548,29.251612903225805,23.067741935483873,6.183870967741936,30.60967741935484,4.72258064516129,86.38709677419355,585.1,18.874193548387098,31,8,13.245161290322581,28.903225806451612,2,2,7.215363620071685,17,7,15.168387096774195,13,0,0,0,,,,,,,,0.0,0.0,0.0,0.0,72.3857666580801,,,,44.544604297258736,
成都,2018,8,30.5728,104.0668,31,26.793548387096774,30.738709677419354,23.287096774193547,7.451612903225806,31.809677419354838,5.016129032258066,82.2258064516129,256.4,8.270967741935483,27,2,10.600000000000001,23.12258064516129,0,0,10.220462544802867,27,1,18.01516129032258,21,0,0,0,,,,,,,,0.0,0.0,0.0,0.0,72.03272859296698,,,,42.519633514679214,
成都,2018,9,30.5728,104.0668,30,22.1,25.433333333333334,19.233333333333334,6.2,24.279999999999998,2.18,79.96666666666667,95.8,3.1933333333333334,25,1,11.733333333333333,24.573333333333334,0,2,6.02053925925926,11,9,12.19,3,0,0,0,,,,,,,,0.0,0.0,0.0,0.0,82.75864081676124,,,,,
成都,2018,10,30.5728,104.0668,31,16.31935483870968,20.03548387096774,13.312903225806451,6.72258064516129,16.2,-0.11935483870967763,79.09677419354838,48.300000000000004,1.5580645161290323,24,0,10.45483870967742,21.083870967741937,0,0,4.589105017921147,6,13,9.220967741935485,0,0,0,0,,,,,,,,0.0,0.0,0.0,0.0,77.36904364055017,,,,,
成都,2018,11,30.5728,104.0668,30,11.33,15.256666666666666,7.743333333333334,7.513333333333334,9.626666666666667,-1.7033333333333331,76.1,20.2,0.6733333333333333,12,0,11.24,21.783333333333335,0,0,5.709571018518519,12,10,8.440000000000001,0,0,0,0,,,,,,,,0.0,0.0,0.0,0.0,66.70883597987125,,,,,
成都,2018,12,30.5728,104.0668,31,6.641935483870968,9.548387096774194,4.174193548387097,5.374193548387097,3.7516129032258063,-2.890322580645161,76.70967741935483,30.7,0.9903225806451613,17,0,13.3,25.29032258064516,0,0,3.5925706093189964,5,15,5.787419354838709,0,0,1,0,,,,,,,,0.0,0.0,0.0,0.0,55.956382658941216,,,,,70.71160594245192
成都,2019,1,30.5728,104.0668,31,6.006451612903225,9.503225806451614,2.8161290322580643,6.687096774193549,3.170967741935484,-2.8354838709677415,74.38709677419355,8.3,0.267741935483871,10,0,11.40967741935484,21.996774193548386,0,0,5.272296774193548,12,11,7.34741935483871,0,0,4,0,,,,,,,,0.0,0.0,0.0,0.0,55.824020122338105,,,,,71.20604391376843
成都,2019,2,30.5728,104.0668,28,7.642857142857143,11.196428571428571,4.4071428571428575,6.789285714285714,4.989285714285714,-2.6535714285714285,74.82142857142857,25.5,0.9107142857142857,21,0,11.921428571428573,23.064285714285713,0,0,4.125392063492064,9,15,7.783928571428571,0,0,1,0,,,,,,,,0.0,0.0,0.0,0.0,58.19644530021442,,,,,72.57720673895385
成都,2019,3,30.5728,104.0668,31,12.864516129032259,17.280645161290323,8.635483870967741,8.64516129032258,11.19032258064516,-1.6741935483870967,71.80645161290323,30.9,0.996774193548387,22,0,12.35483870967742,24.94193548387097,0,0,5.925899193548387,10,9,11.772258064516128,0,0,0,0,,,,,,,,0.0,0.0,0.0,0.0,71.03031113468941,,,,,
成都,2019,4,30.5728,104.0668,30,20.126666666666665,25.34333333333333,15.253333333333334,10.09,20.283333333333335,0.156666666666667,68.86666666666666,65.9,2.1966666666666668,23,0,16.103333333333335,32.13333333333333,2,3,7.580926481481482,17,5,16.01033333333333,3,0,0,0,,,,,,,,0.0,0.0,0.0,0.0,84.12522600411491,,,,,
成都,2019,5,30.5728,104.0668,31,20.238709677419354,24.34193548387097,16.429032258064517,7.912903225806452,21.14516129032258,0.9064516129032261,75.48387096774194,119.0,3.838709677419355,27,0,13.648387096774194,26.419354838709676,0,0,6.538041487455197,14,7,14.609354838709677,0,0,0,0,,,,,,,,0.0,0.0,0.0,0.0,84.1548824091236,,,,,
成都,2019,6,30.5728,104.0668,30,24.69333333333333,28.89,20.779999999999998,8.110000000000001,27.346666666666668,2.6533333333333333,73.8,37.1,1.2366666666666668,21,0,12.506666666666666,25.203333333333333,0,0,8.057914722222222,19,3,17.230999999999998,10,0,0,0,,,,,,,,0.0,0.0,0.0,0.0,81.78450014764357,,,,53.85185783775864,
成都,2019,7,30.5728,104.0668,31,24.9741935483871,28.490322580645163,21.741935483870968,6.748387096774193,28.98709677419355,4.012903225806451,83.12903225806451,299.3,9.654838709677419,25,3,10.812903225806451,23.548387096774192,0,0,6.850204749103942,16,9,14.622903225806452,9,0,0,0,,,,,,,,0.0,0.0,0.0,0.0,76.24153277419201,,,,49.32061819472419,
成都,2019,8,30.5728,104.0668,31,26.30322580645161,30.20967741935484,22.72258064516129,7.487096774193549,30.651612903225807,4.348387096774194,80.09677419354838,276.8,8.929032258064517,23,2,12.725806451612904,25.4741935483871,0,0,8.36373682795699,19,5,17.176774193548386,17,0,0,0,,,,,,,,0.0,0.0,0.0,0.0,73.94947915389048,,,,44.996214623985864,
成都,2019,9,30.5728,104.0668,30,21.543333333333333,25.073333333333334,18.613333333333333,6.459999999999999,23.59333333333333,2.05,81.3,123.9,4.13,25,1,11.406666666666666,23.436666666666667,1,1,6.63962212962963,14,5,12.331333333333333,0,0,0,0,,,,,,,,0.0,0.0,0.0,0.0,82.97830813316439,,,,,
成都,2019,10,30.5728,104.0668,31,18.02258064516129,21.43548387096774,15.23225806451613,6.203225806451612,18.46451612903226,0.44193548387096754,79.25806451612904,61.1,1.9709677419354839,20,0,11.851612903225806,23.03548387096774,0,0,5.618589964157707,9,8,10.126451612903226,0,0,0,0,,,,,,,,0.0,0.0,0.0,0.0,80.74325324187174,,,,,
成都,2019,11,30.5728,104.0668,30,12.620000000000001,15.603333333333333,9.96,5.6433333333333335,11.46,-1.16,77.83333333333333,26.0,0.8666666666666667,22,0,11.4,22.0,0,0,4.657745648148149,5,12,7.566000000000001,0,0,0,0,,,,,,,,0.0,0.0,0.0,0.0,69.34627180830404,,,,,
成都,2019,12,30.5728,104.0668,31,8.351612903225806,11.983870967741936,4.941935483870967,7.041935483870968,6.145161290322581,-2.206451612903226,75.58064516129032,8.4,0.2709677419354839,10,0,10.30967741935484,19.91290322580645,0,0,5.744559050179212,9,9,7.538064516129032,0,0,0,0,,,,,,,,0.0,0.0,0.0,0.0,60.90590522912273,,,,,74.48466781585674
成都,2020,1,30.5728,104.0668,31,7.658064516129032,10.69032258064516,4.958064516129032,5.732258064516128,5.280645161290322,-2.3774193548387097,77.58064516129032,18.0,0.5806451612903226,21,0,10.948387096774193,21.425806451612903,0,0,3.5497577956989246,4,18,6.264838709677419,0,0,0,0,,,,,,,,0.0,0.0,0.0,0.0,58.02520266494074,,,,,72.18775259272417
成都,2020,2,30.5728,104.0668,29,9.937931034482759,14.272413793103448,5.813793103448275,8.458620689655174,7.76551724137931,-2.1724137931034484,71.48275862068965,15.2,0.5241379310344827,17,0,12.158620689655173,23.641379310344828,0,0,5.650523850574713,7,8,10.046206896551723,0,0,0,0,,,,,,,,0.0,0.0,0.0,0.0,64.82792998264284,,,,,76.30049118389543
成都,2020,3,30.5728,104.0668,31,14.806451612903226,19.296774193548387,10.403225806451612,8.893548387096773,13.003225806451614,-1.803225806451613,63.25806451612903,37.4,1.2064516129032257,22,0,14.858064516129033,29.758064516129032,1,2,6.448164516129032,11,6,12.163225806451614,0,0,0,0,,,,,,,,0.0,0.0,0.0,0.0,75.94837103122799,,,,,
成都,2020,4,30.5728,104.0668,30,17.666666666666668,22.720000000000002,12.889999999999999,9.83,16.306666666666665,-1.3599999999999999,60.06666666666667,36.1,1.2033333333333334,18,0,13.94,27.89,0,0,6.4263975925925925,14,10,14.74,3,0,0,0,,,,,,,,0.0,0.0,0.0,0.0,80.13682842025348,,,,,
成都,2020,5,30.5728,104.0668,31,24.519354838709678,29.87741935483871,19.225806451612904,10.651612903225807,24.641935483870967,0.12258064516129023,54.25806451612903,87.2,2.8129032258064517,14,0,16.048387096774192,29.345161290322583,0,2,8.186601612903226,21,5,17.90548387096774,14,6,0,0,,,,,,,,0.0,0.0,0.0,0.0,83.77213129029138,,,,,
成都,2020,6,30.5728,104.0668,30,26.27,31.016666666666666,22.073333333333334,8.943333333333333,28.503333333333334,2.2333333333333334,64.43333333333334,70.1,2.3366666666666664,21,1,14.546666666666665,29.1,0,3,8.45478962962963,19,2,17.72233333333333,21,0,0,0,,,,,,,,0.0,0.0,0.0,0.0,80.97409460390223,,,,49.546104268785385,
成都,2020,7,30.5728,104.0668,31,25.43548387096774,29.287096774193547,22.129032258064516,7.1580645161290315,29.30322580645161,3.8677419354838714,81.12903225806451,282.59999999999997,9.116129032258064,27,3,12.483870967741936,25.97741935483871,0,0,7.045693637992831,13,5,15.840645161290322,11,0,0,0,,,,,,,,0.0,0.0,0.0,0.0,76.5333321798765,,,,48.436408402969946,
成都,2020,8,30.5728,104.0668,31,24.98709677419355,28.54516129032258,21.874193548387098,6.670967741935483,28.77741935483871,3.7903225806451615,83.96774193548387,754.7,24.345161290322583,26,7,16.35483870967742,32.18064516129032,6,7,6.783712186379928,16,9,14.079354838709676,13,0,0,0,,,,,,,,0.0,0.0,0.0,0.0,74.32639589026365,,,,47.50955901007858,
成都,2020,9,30.5728,104.0668,30,21.529999999999998,24.89333333333333,18.616666666666667,6.276666666666667,23.603333333333335,2.0733333333333333,81.96666666666667,93.8,3.1266666666666665,24,0,11.743333333333334,23.743333333333332,0,0,5.950375833333334,12,11,12.118333333333334,2,0,0,0,,,,,,,,0.0,0.0,0.0,0.0,82.29981292528798,,,,,
成都,2020,10,30.5728,104.0668,31,16.432258064516127,19.5,14.13225806451613,5.3677419354838705,16.30322580645161,-0.12903225806451624,79.09677419354838,37.9,1.2225806451612902,22,0,11.461290322580645,23.270967741935483,0,0,4.9669947132616485,4,9,9.175483870967742,0,0,0,0,,,,,,,,0.0,0.0,0.0,0.0,77.7963542455527,,,,,
成都,2020,11,30.5728,104.0668,30,13.283333333333333,16.663333333333334,10.526666666666667,6.136666666666667,12.133333333333333,-1.15,75.4,10.2,0.33999999999999997,13,0,10.99,20.696666666666665,0,0,5.846924814814814,10,7,7.995333333333333,0,0,0,0,,,,,,,,0.0,0.0,0.0,0.0,71.7356983783295,,,,,
成都,2020,12,30.5728,104.0668,31,6.019354838709678,8.774193548387096,3.335483870967742,5.438709677419355,3.338709677419355,-2.6806451612903226,79.96774193548387,33.4,1.0774193548387097,19,0,11.687096774193549,22.26451612903226,0,0,3.5109492831541216,3,15,5.803225806451613,0,0,1,0,,,,,,,,0.0,0.0,0.0,0.0,54.24801278660779,,,,,69.76953474656892
成都,2021,1,30.5728,104.0668,31,5.574193548387097,9.709677419354838,1.8806451612903226,7.829032258064516,2.732258064516129,-2.8419354838709676,74.70967741935483,13.4,0.432258064516129,14,0,11.261290322580646,21.903225806451612,0,0,6.086531182795699,14,8,8.778387096774193,0,0,11,0,,,,,,,,0.0,0.0,0.0,0.0,55.94932460004247,,,,,68.66014481939173
成都,2021,2,30.5728,104.0668,28,12.067857142857141,16.803571428571427,7.610714285714286,9.192857142857141,10.342857142857143,-1.7249999999999999,72.17857142857143,19.400000000000002,0.692857142857143,16,0,11.671428571428573,22.74285714285714,0,0,7.300832043650794,15,4,11.370357142857143,0,0,0,0,,,,,,,,0.0,0.0,0.0,0.0,69.53495129492346,,,,,79.41141670937218
成都,2021,3,30.5728,104.0668,31,14.509677419354839,18.929032258064513,10.425806451612903,8.503225806451614,13.35483870967742,-1.1548387096774193,72.03225806451613,33.0,1.064516129032258,24,0,12.76774193548387,26.648387096774194,0,0,5.881097222222222,10,9,12.306774193548387,0,0,0,0,,,,,,,,0.0,0.0,0.0,0.0,74.50115046032447,,,,,
成都,2021,4,30.5728,104.0668,30,16.91,20.946666666666665,13.396666666666667,7.55,16.493333333333332,-0.4166666666666668,74.16666666666667,55.1,1.8366666666666667,25,0,13.703333333333335,27.36,0,0,4.988597962962962,9,9,12.645000000000001,0,0,0,0,,,,,,,,0.0,0.0,0.0,0.0,78.90476332575976,,,,,
成都,2021,5,30.5728,104.0668,31,21.870967741935484,26.23548387096774,17.93548387096774,8.3,23.138709677419353,1.2677419354838713,71.51612903225806,112.6,3.6322580645161286,24,0,12.609677419354838,25.929032258064513,0,0,6.79163064516129,11,4,15.932903225806452,3,0,0,0,,,,,,,,0.0,0.0,0.0,0.0,87.16428683443509,,,,,
成都,2021,6,30.5728,104.0668,30,24.78666666666667,29.143333333333334,20.94333333333333,8.2,27.176666666666666,2.3899999999999997,70.03333333333333,116.3,3.8766666666666665,17,1,11.97,25.363333333333333,0,1,7.045135092592592,13,6,16.316666666666666,13,0,0,0,,,,,,,,0.0,0.0,0.0,0.0,82.32243114593467,,,,52.971888484612286,
成都,2021,7,30.5728,104.0668,31,26.31935483870968,30.1,22.94193548387097,7.1580645161290315,30.916129032258063,4.596774193548387,81.61290322580645,293.2,9.458064516129031,23,2,11.567741935483872,24.190322580645162,0,0,9.175194086021506,21,2,17.776451612903227,17,0,0,0,,,,,,,,0.0,0.0,0.0,0.0,73.55959859458328,,,,44.80439756854755,
成都,2021,8,30.5728,104.0668,31,25.09032258064516,28.693548387096776,21.84193548387097,6.851612903225806,28.838709677419356,3.748387096774194,81.7741935483871,303.4,9.787096774193548,22,3,12.954838709677418,25.287096774193547,1,1,7.657787096774194,18,7,15.715806451612902,10,0,0,0,,,,,,,,0.0,0.0,0.0,0.0,75.98566635864141,,,,49.75568613707729,
成都,2021,9,30.5728,104.0668,30,23.30666666666667,27.253333333333334,20.103333333333335,7.15,25.913333333333334,2.6066666666666665,80.4,168.7,5.623333333333333,25,1,14.08,28.34333333333333,1,2,8.09517935185185,16,2,15.100666666666665,0,0,0,0,,,,,,,,0.0,0.0,0.0,0.0,82.2307471494844,,,,,
成都,2021,10,30.5728,104.0668,31,16.748387096774195,19.51290322580645,14.55483870967742,4.958064516129032,16.896774193548385,0.1483870967741937,81.09677419354838,117.7,3.796774193548387,27,1,11.932258064516128,22.45483870967742,1,1,3.1770528673835123,4,17,7.542258064516129,0,0,0,0,,,,,,,,0.0,0.0,0.0,0.0,74.93161667709084,,,,,
成都,2021,11,30.5728,104.0668,30,10.543333333333333,14.42,7.206666666666666,7.213333333333334,8.923333333333334,-1.62,78.13333333333334,18.400000000000002,0.6133333333333334,14,0,11.553333333333335,21.453333333333333,1,2,4.079613148148148,5,14,7.218333333333334,0,0,0,0,,,,,,,,0.0,0.0,0.0,0.0,64.66620154733637,,,,,
成都,2021,12,30.5728,104.0668,31,7.829032258064516,11.73225806451613,4.370967741935484,7.361290322580645,5.54516129032258,-2.2838709677419353,78.0,15.3,0.49354838709677423,14,0,10.993548387096775,20.27741935483871,0,0,4.92013270609319,7,11,6.85258064516129,0,0,2,0,,,,,,,,0.0,0.0,0.0,0.0,59.11178661861651,,,,,72.31751186817935
成都,2022,1,30.5728,104.0668,31,7.470967741935484,10.745161290322581,4.474193548387096,6.270967741935484,5.158064516129032,-2.3129032258064517,79.96774193548387,28.5,0.9193548387096774,22,0,10.69032258064516,19.467741935483872,0,0,3.1856120967741934,4,16,5.969677419354839,0,0,0,0,,,,,,,,0.0,0.0,0.0,0.0,57.18235900828588,,,,,71.24658091514532
成都,2022,2,30.5728,104.0668,28,6.753571428571428,9.910714285714286,3.632142857142857,6.278571428571429,4.175,-2.5785714285714287,80.10714285714286,40.4,1.4428571428571428,22,0,12.221428571428572,22.689285714285713,0,0,3.230790277777778,4,14,7.153214285714285,0,0,2,0,,,,,,,,0.0,0.0,0.0,0.0,55.461380270746716,,,,,69.54969192844338
成都,2022,3,30.5728,104.0668,31,16.267741935483873,21.312903225806455,11.816129032258065,9.496774193548386,15.37741935483871,-0.8903225806451612,70.7741935483871,40.1,1.2935483870967743,17,0,15.406451612903227,29.151612903225807,0,2,6.322239964157706,16,10,12.124516129032259,0,0,0,0,,,,,,,,0.0,0.0,0.0,0.0,77.4438680671583,,,,,
成都,2022,4,30.5728,104.0668,30,17.296666666666667,22.386666666666667,12.76,9.626666666666667,17.026666666666667,-0.2700000000000001,75.53333333333333,168.5,5.616666666666666,18,2,15.603333333333333,28.626666666666665,1,2,6.550273611111111,13,9,14.357333333333335,0,0,0,0,,,,,,,,0.0,0.0,0.0,0.0,78.03725360271052,,,,,
成都,2022,5,30.5728,104.0668,31,20.24516129032258,24.816129032258065,15.916129032258064,8.899999999999999,21.251612903225805,1.0064516129032257,75.70967741935483,193.1,6.229032258064516,24,1,13.116129032258065,24.519354838709678,1,1,6.236374551971326,15,9,14.840967741935483,2,0,0,0,,,,,,,,0.0,0.0,0.0,0.0,82.96378397274002,,,,,
成都,2022,6,30.5728,104.0668,30,24.696666666666665,29.223333333333336,20.896666666666665,8.326666666666666,28.25,3.5533333333333337,80.8,222.2,7.406666666666666,19,3,11.913333333333332,22.933333333333334,0,0,7.178060740740741,13,4,15.817333333333332,13,0,0,0,,,,,,,,0.0,0.0,0.0,0.0,78.90957212650295,,,,49.67842421258544,
成都,2022,7,30.5728,104.0668,31,27.55806451612903,32.39677419354839,23.083870967741937,9.312903225806451,31.77741935483871,4.219354838709677,74.16129032258064,133.0,4.290322580645161,17,3,12.812903225806451,24.851612903225806,0,0,9.748186379928315,24,2,18.89774193548387,25,8,0,0,,,,,,,,0.0,0.0,0.0,0.0,73.47525966941701,,,,42.16654194481969,
成都,2022,8,30.5728,104.0668,31,30.096774193548388,35.038709677419355,25.683870967741935,9.35483870967742,33.96774193548387,3.870967741935484,63.58064516129032,66.4,2.141935483870968,19,0,15.483870967741936,29.62258064516129,1,1,9.935367921146954,25,2,18.458064516129035,27,18,0,0,,,,,,,,0.0,0.0,0.0,0.0,70.6726738672957,,,,39.22815758456473,
成都,2022,9,30.5728,104.0668,30,21.89,25.990000000000002,18.60666666666667,7.383333333333334,23.773333333333333,1.8833333333333335,77.8,79.5,2.65,21,0,10.55,20.62,0,0,5.430811111111111,9,9,11.685,3,0,0,0,,,,,,,,0.0,0.0,0.0,0.0,84.77046095178508,,,,,
成都,2022,10,30.5728,104.0668,31,17.993548387096773,21.729032258064517,14.993548387096775,6.735483870967743,18.103225806451615,0.10967741935483918,75.09677419354838,45.800000000000004,1.4774193548387098,19,0,11.270967741935483,21.62258064516129,0,0,4.231437634408602,6,12,9.104193548387098,0,0,0,0,,,,,,,,0.0,0.0,0.0,0.0,80.80501373223117,,,,,
成都,2022,11,30.5728,104.0668,30,14.72,18.35666666666667,11.813333333333333,6.543333333333334,13.96,-0.76,76.76666666666667,15.0,0.5,20,0,13.403333333333334,24.293333333333333,0,0,3.888713425925926,3,11,6.919666666666667,0,0,0,0,,,,,,,,0.0,0.0,0.0,0.0,73.83295391209646,,,,,
成都,2022,12,30.5728,104.0668,31,6.803225806451613,10.45483870967742,3.5032258064516126,6.951612903225806,4.103225806451613,-2.7,73.3225806451613,9.3,0.30000000000000004,16,0,12.26774193548387,22.438709677419357,0,0,4.496365322580646,5,11,6.630967741935484,0,0,4,0,,,,,,,,0.0,0.0,0.0,0.0,57.73993691470937,,,,,71.17385625090381
成都,2023,1,30.5728,104.0668,31,6.780645161290322,11.251612903225807,2.806451612903226,8.44516129032258,3.925806451612903,-2.8548387096774195,65.87096774193549,1.7,0.054838709677419356,4,0,11.248387096774193,21.225806451612904,0,0,5.8311087813620075,10,7,8.55967741935484,0,0,3,0,69.19516129032259,100.15658602150538,1871.4610215053763,69.39018817204301,78.89569892473119,30.25806451612903,3.6962365591397854,1.0,12.0,4.0,0.0,59.036328484918535,84.31985799266658,66.62138733724295,15.680142007333417,,76.11873616939818
成都,2023,2,30.5728,104.0668,28,10.489285714285714,14.053571428571429,7.417857142857143,6.635714285714286,8.217857142857143,-2.2714285714285714,71.07142857142857,25.1,0.8964285714285715,17,0,12.87857142857143,24.57857142857143,0,0,3.502333234126984,3,14,7.4592857142857145,0,0,0,0,67.44806547619048,97.14241071428572,1520.3988095238094,61.903571428571425,55.50729166666667,30.13095238095238,2.095238095238095,1.0,10.0,1.0,0.0,64.93846045913301,85.64300240650793,71.14982304334549,14.356997593492055,,77.79974771343986
成都,2023,3,30.5728,104.0668,31,14.425806451612903,19.15806451612903,10.129032258064516,9.029032258064515,12.97741935483871,-1.4483870967741934,69.2258064516129,39.6,1.2774193548387098,25,0,14.04516129032258,26.506451612903227,2,2,5.269516039426523,7,9,10.77774193548387,0,0,0,0,60.83655913978494,89.34556451612903,1093.8521505376343,60.65094086021505,73.12849462365591,35.5739247311828,8.01747311827957,3.0,8.0,7.0,0.0,74.7176433612536,86.27779549429135,78.18568900116492,13.722204505708644,,
成都,2023,4,30.5728,104.0668,30,19.436666666666667,24.84333333333333,14.33,10.513333333333332,18.626666666666665,-0.8099999999999997,60.6,111.9,3.73,22,1,17.166666666666668,32.11,1,1,6.579668425925926,13,6,14.830333333333334,6,1,0,0,52.70444444444444,77.07402777777777,691.4527777777778,48.28972222222222,64.15527777777778,58.09583333333333,6.402777777777778,6.0,3.0,7.0,0.0,82.89835353319803,87.28070745801524,84.21305971064318,12.71929254198476,,
成都,2023,5,30.5728,104.0668,31,22.206451612903226,27.30322580645161,17.719354838709677,9.583870967741936,22.66774193548387,0.4612903225806449,64.06451612903226,43.8,1.4129032258064516,19,0,14.080645161290322,26.6,0,1,5.8857801971326165,10,8,14.264838709677418,5,0,0,0,59.36048387096774,86.75510752688172,889.9690860215054,59.05604838709677,63.22849462365591,57.63978494623656,7.385752688172043,3.0,6.0,6.0,1.0,86.95544942405277,85.81721811542573,86.61398003146465,14.182781884574274,,
成都,2023,6,30.5728,104.0668,30,26.18,31.63,21.39333333333333,10.236666666666668,27.516666666666666,1.3366666666666664,58.266666666666666,28.4,0.9466666666666667,16,0,15.043333333333333,28.503333333333334,0,0,7.089603796296297,13,3,16.261,20,6,0,0,54.68222222222222,80.09333333333333,761.9375,55.51208333333333,64.99,72.24583333333334,6.854166666666667,1.0,4.0,5.0,4.0,83.4068086175987,85.91244169097408,84.15849853961132,14.08755830902592,51.53123256016622,
成都,2023,7,30.5728,104.0668,31,27.538709677419355,32.48064516129032,23.070967741935487,9.40967741935484,31.11935483870968,3.5806451612903216,71.29032258064517,222.8,7.187096774193549,21,2,15.406451612903227,29.480645161290322,2,3,8.338956182795698,20,6,17.033548387096772,26,7,0,0,57.12930107526881,84.59569892473118,580.633064516129,37.633736559139784,36.050268817204305,106.46774193548387,8.426075268817204,6.0,5.0,7.0,18.0,73.99773158709046,85.50586561869834,77.4501717965728,14.494134381301661,42.416076216908294,
成都,2023,8,30.5728,104.0668,31,25.906451612903226,30.080645161290324,22.506451612903227,7.574193548387097,30.293548387096774,4.387096774193548,82.48387096774194,260.3,8.396774193548387,25,0,12.899999999999999,24.661290322580644,0,0,8.004014336917562,20,5,15.563225806451614,21,0,0,0,54.427150537634404,79.35013440860214,588.8279569892474,41.30228494623656,38.604301075268815,89.0994623655914,4.978494623655914,3.0,3.0,5.0,9.0,74.476968625237,86.45300548253913,78.06977968242764,13.546994517460872,43.804809847799426,
成都,2023,9,30.5728,104.0668,30,23.6,27.523333333333333,20.346666666666668,7.176666666666667,26.236666666666668,2.6366666666666663,78.3,69.0,2.3,20,0,12.496666666666666,23.566666666666666,0,1,6.771416018518519,12,6,13.135666666666667,5,0,0,0,55.164861111111115,79.65527777777778,631.2263888888889,47.85305555555556,43.13041666666666,63.66111111111112,1.8388888888888888,6.0,4.0,0.0,4.0,82.14003712227245,87.17969449832111,83.65193433508703,12.820305501678895,,
成都,2023,10,30.5728,104.0668,31,18.335483870967742,21.625806451612902,15.600000000000001,6.025806451612903,19.07741935483871,0.7419354838709683,80.64516129032258,62.5,2.0161290322580645,23,0,10.358064516129033,19.26774193548387,0,0,4.088052329749104,5,14,8.574838709677419,0,0,0,0,45.240994623655915,66.15416666666667,647.4086021505377,51.961424731182795,46.55228494623656,31.41263440860215,3.3951612903225805,10.0,2.0,3.0,0.0,81.1985180572972,89.60526534852136,83.72054224466444,10.394734651478634,,
成都,2023,11,30.5728,104.0668,30,13.823333333333332,17.883333333333333,10.213333333333333,7.67,12.896666666666667,-0.9266666666666665,78.43333333333334,30.3,1.01,16,0,12.370000000000001,22.41,0,0,4.824699722222222,6,10,8.011666666666667,0,0,0,0,49.968611111111116,73.12027777777777,815.8916666666667,48.67944444444444,54.08138888888889,22.41944444444444,3.468055555555556,7.0,3.0,3.0,0.0,71.82820309741626,89.3772237310783,77.09290928751487,10.622776268921696,,
成都,2023,12,30.5728,104.0668,31,8.148387096774194,12.23225806451613,4.312903225806451,7.919354838709677,5.887096774193548,-2.2612903225806456,74.25806451612904,4.5,0.14516129032258066,6,0,10.787096774193548,20.358064516129033,0,0,4.990176433691756,4,7,7.319999999999999,0,0,4,0,72.94771505376345,104.71344086021506,1135.3239247311826,52.02620967741935,70.23104838709678,23.240591397849464,1.5080645161290323,1.0,13.0,0.0,0.0,60.79913969391253,85.9697342763118,68.35031806863232,14.030265723688204,,75.61847263987252
成都,2024,1,30.5728,104.0668,31,7.780645161290322,11.793548387096775,4.287096774193548,7.506451612903225,5.448387096774193,-2.332258064516129,78.61290322580645,23.3,0.7516129032258064,16,0,11.206451612903225,20.187096774193545,0,0,4.040846326164875,3,12,6.974516129032258,0,0,3,0,68.74260752688173,99.82701612903226,1014.0752688172042,45.781182795698925,52.97997311827957,27.61962365591398,1.7943548387096775,3.0,14.0,0.0,0.0,59.473492551718984,86.94614001992908,67.715286792182,13.053859980070918,,75.11699737329126
成都,2024,2,30.5728,104.0668,29,8.224137931034482,12.89655172413793,4.003448275862069,8.89310344827586,5.437931034482758,-2.786206896551724,69.3103448275862,10.6,0.36551724137931035,13,0,12.831034482758621,24.43793103448276,0,0,5.182343007662835,11,11,9.433793103448275,0,0,1,0,50.67514367816092,75.5491379310345,783.4712643678162,37.21063218390805,36.57356321839081,40.10057471264367,8.3433908045977,6.0,4.0,5.0,0.0,60.40746897896303,89.31016751661251,69.07827854025787,10.689832483387484,,78.20740011214465
成都,2024,3,30.5728,104.0668,31,14.606451612903227,19.951612903225808,9.848387096774195,10.103225806451613,13.135483870967741,-1.4709677419354834,68.19354838709677,49.9,1.6096774193548387,22,0,14.125806451612902,26.5258064516129,0,1,6.049811738351255,9,5,12.56258064516129,0,0,0,0,54.29516129032258,85.74139784946236,612.3508064516129,36.30443548387097,31.361155913978493,53.98118279569892,20.927419354838708,2.0,2.0,17.0,0.0,75.70311425211922,88.42706810248589,79.52030040722923,11.572931897514104,,
成都,2024,4,30.5728,104.0668,30,19.986666666666668,25.013333333333332,15.543333333333333,9.47,20.546666666666667,0.5599999999999999,73.16666666666667,93.6,3.1199999999999997,26,0,13.036666666666667,25.366666666666667,1,1,6.265288611111112,12,7,13.793666666666667,2,0,0,0,50.714444444444446,81.53875,535.7458333333333,36.90222222222222,31.951666666666664,61.73888888888889,29.87361111111111,6.0,1.0,18.0,0.0,84.7108788263024,88.46447914910067,85.83695892314189,11.53552085089933,,
成都,2024,5,30.5728,104.0668,31,23.438709677419357,28.716129032258067,18.59032258064516,10.125806451612904,24.703225806451613,1.264516129032258,67.19354838709677,64.7,2.0870967741935487,19,0,13.212903225806452,25.816129032258065,0,1,7.304348028673836,20,7,15.890322580645162,15,4,0,0,51.87043010752688,78.70618279569892,550.9341397849462,39.743817204301074,32.633736559139784,78.36290322580645,14.17741935483871,6.0,2.0,17.0,5.0,82.86941213347863,87.43332979288466,84.23858743130043,12.566670207115342,,
成都,2024,6,30.5728,104.0668,30,25.63,30.456666666666667,21.40666666666667,9.05,27.996666666666666,2.3666666666666667,67.5,51.1,1.7033333333333334,20,0,12.22,24.09,0,0,6.786381574074074,14,3,15.622666666666667,17,2,0,0,47.892916666666665,72.38180555555554,510.05694444444447,35.789861111111115,34.1725,85.51388888888889,11.1125,5.0,1.0,9.0,8.0,82.33232466955586,87.76682996304959,83.96267625760397,12.233170036950408,50.60472623439468,
成都,2024,7,30.5728,104.0668,31,26.503225806451614,30.603225806451615,23.490322580645163,7.112903225806453,31.125806451612902,4.622580645161291,83.25806451612904,305.9,9.86774193548387,27,3,13.187096774193549,25.551612903225806,0,0,6.680042831541218,13,6,15.00741935483871,22,0,0,0,46.30013440860215,67.5396505376344,524.7379032258065,39.54005376344086,35.02836021505376,83.22043010752688,4.876344086021505,6.0,0.0,5.0,6.0,73.31747946994035,87.88737062289027,77.68844681582534,12.112629377109718,41.164552727393094,
成都,2024,8,30.5728,104.0668,31,29.25483870967742,34.49677419354839,24.55806451612903,9.938709677419356,33.54516129032258,4.290322580645161,69.58064516129032,91.4,2.948387096774194,19,0,13.458064516129031,26.6,0,0,10.090586111111111,26,1,18.606774193548386,30,11,0,0,64.01209677419355,93.10981182795699,631.9341397849462,42.53239247311828,36.88293010752688,101.81989247311829,5.0,2.0,9.0,3.0,17.0,71.19022017906553,84.65456124361909,75.22952249843159,15.345438756380904,38.31842482227977,
成都,2024,9,30.5728,104.0668,30,26.416666666666668,31.116666666666667,22.543333333333333,8.573333333333332,29.883333333333333,3.466666666666667,74.43333333333334,194.1,6.47,25,1,15.479999999999999,29.790000000000003,1,2,9.178203148148148,21,1,15.545,22,2,0,0,56.95597222222222,81.62305555555555,613.3819444444445,45.33486111111111,40.339305555555555,72.88194444444443,0.5180555555555555,4.0,6.0,0.0,3.0,76.14201841438259,86.72390014760954,79.31658293435068,13.27609985239047,,
成都,2024,10,30.5728,104.0668,31,18.23548387096774,21.703225806451613,15.422580645161291,6.280645161290322,18.906451612903226,0.6709677419354836,79.93548387096774,63.8,2.0580645161290323,25,0,10.325806451612904,20.129032258064516,0,0,4.629660663082437,6,12,9.41741935483871,0,0,0,0,47.615860215053765,69.26841397849462,740.736559139785,53.27755376344086,45.05403225806452,29.61021505376344,3.435483870967742,4.0,0.0,4.0,0.0,81.49978509628706,89.29379953773245,83.83798942872066,10.706200462267548,,
成都,2024,11,30.5728,104.0668,30,13.65,16.986666666666668,10.84,6.1466666666666665,13.156666666666666,-0.49333333333333296,81.0,16.4,0.5466666666666666,14,0,9.296666666666665,19.846666666666668,0,0,3.977809074074074,6,14,7.205333333333333,0,0,0,0,64.03791666666667,73.39472222222223,1621.7930555555554,56.13736111111111,92.50916666666667,21.26111111111111,2.1722222222222225,1.0,9.0,2.0,0.0,70.91058779272181,86.27275650430117,75.51923840619561,13.727243495698833,,
成都,2024,12,30.5728,104.0668,31,7.432258064516129,10.661290322580646,4.925806451612903,5.735483870967743,5.241935483870968,-2.1903225806451614,77.64516129032258,19.099999999999998,0.6161290322580645,13,0,8.667741935483871,20.338709677419356,0,0,4.024297580645161,8,16,6.5,0,0,0,0,92.29018817204302,93.12795698924731,2058.0362903225805,57.14462365591398,127.927688172043,26.123655913978492,1.1196236559139785,0.0,22.0,0.0,0.0,57.88441566047237,81.98214305189647,65.11373387789959,18.01785694810353,,74.9751480513652
成都,2025,1,30.5728,104.0668,31,7.403225806451613,11.516129032258064,3.803225806451613,7.712903225806452,5.287096774193548,-2.116129032258064,79.7741935483871,18.8,0.6064516129032258,16,0,9.416129032258064,21.606451612903225,0,0,5.1462397849462365,7,9,7.763225806451612,0,0,3,0,93.39946236559139,95.1491935483871,2012.600806451613,52.69166666666666,109.09905913978494,33.66532258064516,2.721774193548387,1.0,20.0,2.0,0.0,58.41607624184008,82.0632176799393,65.51021867326985,17.936782320060708,,74.21896023656375
成都,2025,2,30.5728,104.0668,28,7.942857142857143,11.142857142857142,5.432142857142857,5.7107142857142845,5.846428571428571,-2.0964285714285715,80.71428571428571,41.8,1.4928571428571427,22,0,9.892857142857142,22.714285714285715,0,0,3.0132285714285714,4,17,7.229642857142857,0,0,0,0,67.1375,76.30848214285713,1169.9717261904761,39.81815476190476,73.04910714285714,40.357142857142854,16.697916666666664,0.0,9.0,10.0,0.0,57.74711740963985,86.5576765176852,66.39028514205346,13.4423234823148,,75.18050996547747
成都,2025,3,30.5728,104.0668,31,11.951612903225806,16.26451612903226,7.996774193548387,8.26774193548387,10.270967741935483,-1.6806451612903226,71.7741935483871,52.6,1.696774193548387,23,0,10.787096774193548,24.677419354838708,0,2,4.416158960573477,6,14,10.731612903225807,1,0,0,0,63.33911290322581,84.56599462365591,954.8037634408603,42.64072580645161,72.2502688172043,50.47043010752688,38.92876344086021,3.0,7.0,22.0,0.0,67.58588122821081,86.36571289602198,73.21983072855416,13.634287103978032,,
成都,2025,4,30.5728,104.0668,30,20.103333333333335,25.73,14.926666666666668,10.803333333333333,20.05,-0.053333333333333614,64.0,49.8,1.66,20,0,11.513333333333332,28.40666666666667,0,3,7.183000555555555,16,5,15.605666666666668,5,1,0,0,61.90013888888889,93.73555555555555,757.2347222222222,40.23652777777777,66.43652777777778,73.95555555555555,60.40833333333333,2.0,5.0,29.0,2.0,83.34871234774361,85.61225374976279,84.02777476834936,14.387746250237234,,
成都,2025,5,30.5728,104.0668,31,24.335483870967742,29.703225806451613,19.283870967741933,10.419354838709678,24.97741935483871,0.6419354838709674,57.225806451612904,62.5,2.0161290322580645,13,1,13.40967741935484,30.416129032258063,0,2,7.069968010752689,15,7,16.58709677419355,15,3,0,0,51.035215053763444,73.32150537634409,598.9502688172042,39.6760752688172,64.53817204301076,82.80510752688173,43.10618279569893,4.0,2.0,26.0,1.0,85.14002977140127,86.73111130814141,85.61735423242331,13.268888691858594,,
成都,2025,6,30.5728,104.0668,30,27.14,31.990000000000002,22.7,9.29,29.433333333333334,2.2933333333333334,62.06666666666667,156.8,5.2266666666666675,18,3,11.723333333333333,29.766666666666666,0,2,7.414094722222222,15,5,16.357,18,8,0,0,63.17513888888889,74.86388888888888,737.5041666666667,44.58083333333333,75.29597222222222,89.11527777777778,23.340277777777775,1.0,6.0,22.0,9.0,76.43525517984487,84.69808817506015,78.91410507840945,15.301911824939856,48.78126471939511,
成都,2025,7,30.5728,104.0668,31,27.551612903225806,31.948387096774194,23.81935483870968,8.129032258064516,32.76129032258065,5.209677419354839,80.35483870967742,292.5,9.435483870967742,26,5,10.3,25.325806451612905,0,0,9.163082974910393,22,3,18.08258064516129,23,4,0,0,63.56384408602151,64.69072580645161,866.1290322580645,41.53951612903226,78.35497311827957,102.43951612903226,2.1545698924731185,2.0,11.0,2.0,17.0,71.01161890947634,84.15263321265807,74.95392320043085,15.847366787341926,39.90464392968808,
成都,2025,8,30.5728,104.0668,31,27.183870967741935,31.451612903225808,23.858064516129033,7.5935483870967735,31.89032258064516,4.706451612903226,79.45161290322581,311.9,10.061290322580644,26,3,10.870967741935484,25.951612903225808,0,0,7.877414874551971,18,3,15.126774193548387,21,5,0,0,58.72352150537635,59.91868279569893,857.4489247311827,43.075537634408605,77.45524193548388,92.65725806451613,2.297043010752688,2.0,7.0,2.0,12.0,72.44165444898493,85.10628528862895,76.24104370087814,14.893714711371045,41.45804539460879,
成都,2025,9,30.5728,104.0668,30,23.44,26.990000000000002,20.529999999999998,6.459999999999999,26.68,3.2400000000000007,82.83333333333333,145.6,4.8533333333333335,28,2,10.233333333333333,24.290000000000003,0,0,6.102242592592592,12,8,12.112666666666666,2,0,0,0,56.54013888888889,59.121111111111105,1023.2527777777777,54.99472222222222,84.57222222222222,49.30277777777778,5.018055555555555,2.0,1.0,5.0,0.0,80.73650131532278,86.56378903263786,82.4846876305173,13.43621096736215,,
成都,2025,10,30.5728,104.0668,31,18.835483870967742,21.52258064516129,16.780645161290323,4.741935483870968,20.04516129032258,1.2096774193548385,83.45161290322581,57.7,1.8612903225806452,27,0,10.46774193548387,22.996774193548386,0,0,4.18237123655914,5,12,8.76258064516129,0,0,0,0,53.26505376344086,53.630241935483866,1010.5725806451613,52.66129032258065,91.70201612903226,28.399193548387096,0.6330645161290323,3.0,4.0,0.0,0.0,78.82471626707245,87.98996652810304,81.57429134538162,12.010033471896968,,
成都,2025,11,30.5728,104.0668,30,12.606666666666666,16.01,9.91,6.1,11.82,-0.7866666666666667,79.86666666666666,21.2,0.7066666666666667,15,0,8.466666666666667,19.19333333333333,0,0,4.798749722222222,9,11,7.9206666666666665,0,0,0,0,82.89458333333333,85.8698611111111,1765.9055555555556,58.67611111111111,119.88263888888888,23.786111111111108,5.236111111111112,2.0,19.0,6.0,0.0,69.15353916190496,83.42892930582083,73.43615620507971,16.571070694179177,,
成都,2025,12,30.5728,104.0668,31,9.225806451612904,12.903225806451612,6.032258064516129,6.870967741935484,7.503225806451613,-1.7225806451612906,78.38709677419355,8.4,0.2709677419354839,9,0,8.716129032258063,20.177419354838708,0,0,4.902180107526881,10,12,7.260967741935484,0,0,0,0,103.06693548387096,104.3122311827957,2451.2258064516127,58.406317204301075,138.7513440860215,21.549731182795696,1.907258064516129,0.0,26.0,0.0,0.0,62.33274566915856,80.39737851205193,67.75213552202656,19.60262148794808,,75.92090901266565
昆明,2016,1,25.0389,102.7183,31,7.838709677419355,12.741935483870968,3.861290322580645,8.880645161290323,4.529032258064516,-3.3096774193548386,72.54838709677419,24.700000000000003,0.7967741935483872,10,0,20.725806451612904,43.24193548387097,1,9,8.766925537634409,23,3,13.621935483870967,0,0,4,2,,,,,,,,0.0,0.0,0.0,0.0,59.65013457646595,,,,,73.58713190860665
昆明,2016,2,25.0389,102.7183,29,8.486206896551725,13.541379310344826,4.286206896551724,9.255172413793103,5.320689655172414,-3.1655172413793102,75.34482758620689,50.5,1.7413793103448276,13,0,20.582758620689653,44.05172413793103,4,10,7.126976532567049,16,8,12.53,0,0,0,0,,,,,,,,0.0,0.0,0.0,0.0,58.325893548459305,,,,,74.2911490276507
昆明,2016,3,25.0389,102.7183,31,15.180645161290323,20.79032258064516,10.100000000000001,10.69032258064516,12.3,-2.8806451612903223,58.193548387096776,34.8,1.1225806451612903,16,0,24.84193548387097,52.15806451612904,8,16,10.53953888888889,29,1,20.44451612903226,0,0,0,0,,,,,,,,0.0,0.0,0.0,0.0,71.87101464537767,,,,,
昆明,2016,4,25.0389,102.7183,30,19.626666666666665,25.253333333333334,14.243333333333334,11.01,17.36,-2.266666666666666,53.833333333333336,67.0,2.2333333333333334,18,0,27.053333333333335,58.04666666666667,10,23,11.609694907407407,30,0,23.252,0,0,0,0,,,,,,,,0.0,0.0,0.0,0.0,80.59453054883313,,,,,
昆明,2016,5,25.0389,102.7183,31,20.56451612903226,25.293548387096774,16.080645161290324,9.21290322580645,19.648387096774194,-0.9161290322580642,62.225806451612904,131.6,4.245161290322581,20,2,20.509677419354837,44.16129032258065,0,11,10.084324551971326,24,4,20.751935483870966,1,0,0,0,,,,,,,,0.0,0.0,0.0,0.0,82.30767759455856,,,,,
昆明,2016,6,25.0389,102.7183,30,19.823333333333334,23.896666666666665,16.62,7.276666666666667,21.146666666666665,1.3233333333333335,84.53333333333333,248.4,8.28,30,1,14.94,34.43,0,0,8.807726388888888,21,5,17.620333333333335,0,0,0,0,,,,,,,,0.0,0.0,0.0,0.0,81.5283293150203,,,,66.4350075414688,
昆明,2016,7,25.0389,102.7183,31,19.925806451612903,23.583870967741937,17.23548387096774,6.348387096774194,21.506451612903227,1.5806451612903225,85.90322580645162,228.5,7.370967741935484,31,1,13.680645161290323,32.25483870967742,0,2,8.681553853046594,20,4,17.203225806451613,0,0,0,0,,,,,,,,0.0,0.0,0.0,0.0,81.5450591483273,,,,65.7123130733301,
昆明,2016,8,25.0389,102.7183,31,20.432258064516127,24.58709677419355,17.154838709677417,7.432258064516129,22.309677419354838,1.8774193548387097,84.74193548387096,231.79999999999998,7.477419354838709,30,0,12.290322580645162,30.41290322580645,0,3,9.980919265232973,26,0,18.66290322580645,0,0,0,0,,,,,,,,0.0,0.0,0.0,0.0,82.9269818292938,,,,65.24027772939196,
昆明,2016,9,25.0389,102.7183,30,18.313333333333333,21.813333333333333,15.530000000000001,6.283333333333332,19.08,0.7666666666666665,84.86666666666666,194.8,6.493333333333334,25,1,12.729999999999999,28.490000000000002,0,0,7.651042407407407,15,2,13.173666666666666,0,0,0,0,,,,,,,,0.0,0.0,0.0,0.0,79.79951100863376,,,,,
昆明,2016,10,25.0389,102.7183,31,17.41290322580645,20.938709677419357,14.548387096774194,6.390322580645161,17.654838709677417,0.2419354838709678,82.87096774193549,134.1,4.325806451612903,22,1,13.751612903225807,30.177419354838708,0,1,8.039099372759857,20,6,13.299354838709677,0,0,0,0,,,,,,,,0.0,0.0,0.0,0.0,77.6336884668266,,,,,
昆明,2016,11,25.0389,102.7183,30,12.923333333333334,17.066666666666666,9.536666666666667,7.53,11.51,-1.4133333333333336,81.26666666666667,43.4,1.4466666666666665,10,0,15.966666666666667,34.21333333333334,0,0,7.4354861111111115,20,6,11.805000000000001,0,0,0,0,,,,,,,,0.0,0.0,0.0,0.0,67.79925179803612,,,,,
昆明,2016,12,25.0389,102.7183,31,10.32258064516129,14.55483870967742,6.693548387096774,7.861290322580645,8.225806451612904,-2.096774193548387,80.90322580645162,8.8,0.2838709677419355,12,0,15.638709677419355,33.31612903225806,0,3,7.674886200716847,20,5,10.72225806451613,0,0,0,0,,,,,,,,0.0,0.0,0.0,0.0,62.65400941677232,,,,,75.74231009957138
昆明,2017,1,25.0389,102.7183,31,9.058064516129033,14.729032258064517,4.225806451612903,10.503225806451614,6.583870967741936,-2.4741935483870967,79.96774193548387,51.599999999999994,1.6645161290322579,15,0,16.770967741935483,39.58064516129032,0,2,8.456875716845879,22,2,13.39516129032258,0,0,0,0,,,,,,,,0.0,0.0,0.0,0.0,59.71703453138032,,,,,75.19968782261645
昆明,2017,2,25.0389,102.7183,28,9.782142857142857,15.917857142857143,4.692857142857143,11.225,6.903571428571429,-2.8785714285714286,72.07142857142857,29.900000000000002,1.0678571428571428,17,0,19.789285714285715,46.042857142857144,0,9,8.283458928571429,19,3,15.089642857142858,0,0,1,0,,,,,,,,0.0,0.0,0.0,0.0,61.96065987239766,,,,,76.65499662561838
昆明,2017,3,25.0389,102.7183,31,12.63225806451613,18.62258064516129,7.32258064516129,11.3,9.758064516129032,-2.8741935483870966,63.0,81.5,2.629032258064516,24,0,23.41290322580645,55.599999999999994,1,22,9.482149193548386,25,3,18.968387096774194,0,0,0,0,,,,,,,,0.0,0.0,0.0,0.0,67.07747825627864,,,,,
昆明,2017,4,25.0389,102.7183,30,15.086666666666668,20.71333333333333,10.436666666666667,10.276666666666667,13.063333333333333,-2.0233333333333334,68.23333333333333,68.0,2.2666666666666666,21,0,20.59333333333333,48.54333333333333,1,12,8.531001944444444,20,4,18.580333333333332,0,0,0,0,,,,,,,,0.0,0.0,0.0,0.0,72.45747265584136,,,,,
昆明,2017,5,25.0389,102.7183,31,18.019354838709678,23.85483870967742,12.241935483870968,11.612903225806452,16.770967741935483,-1.2483870967741935,61.645161290322584,62.0,2.0,20,1,17.203225806451613,41.29354838709677,0,6,10.002848028673835,24,3,21.228064516129034,0,0,0,0,,,,,,,,0.0,0.0,0.0,0.0,80.40840558295987,,,,,
昆明,2017,6,25.0389,102.7183,30,19.753333333333334,24.616666666666667,16.05,8.566666666666666,20.3,0.5466666666666674,77.4,347.6,11.586666666666668,28,3,15.453333333333335,40.01,0,4,8.912024722222222,18,4,18.3,0,0,0,0,,,,,,,,0.0,0.0,0.0,0.0,82.46303551375281,,,,68.38438738808253,
昆明,2017,7,25.0389,102.7183,31,18.274193548387096,22.293548387096774,15.106451612903227,7.187096774193549,19.425806451612903,1.151612903225806,85.90322580645162,306.5,9.887096774193548,30,1,11.612903225806452,31.17096774193548,0,0,7.543379211469534,17,6,15.939354838709678,0,0,0,0,,,,,,,,0.0,0.0,0.0,0.0,78.99210252294277,,,,68.73918013608044,
昆明,2017,8,25.0389,102.7183,31,18.76451612903226,22.80322580645161,15.67741935483871,7.125806451612903,19.845161290322583,1.0806451612903225,85.29032258064517,315.4,10.174193548387096,31,4,13.680645161290323,34.79032258064516,0,2,8.89469740143369,19,2,16.83225806451613,0,0,0,0,,,,,,,,0.0,0.0,0.0,0.0,80.22853873767755,,,,68.69009697972864,
昆明,2017,9,25.0389,102.7183,30,18.07,22.31,14.843333333333334,7.466666666666667,18.796666666666667,0.7266666666666667,84.43333333333334,154.8,5.16,28,0,13.203333333333335,32.22666666666667,0,0,8.529196203703703,20,2,15.173,0,0,0,0,,,,,,,,0.0,0.0,0.0,0.0,79.54539758655135,,,,,
昆明,2017,10,25.0389,102.7183,31,14.603225806451613,18.161290322580644,11.716129032258063,6.445161290322581,14.174193548387096,-0.42903225806451606,86.03225806451613,111.9,3.609677419354839,26,0,12.906451612903227,30.690322580645162,0,0,6.212305286738351,16,10,11.212258064516128,0,0,0,0,,,,,,,,0.0,0.0,0.0,0.0,70.67385683956823,,,,,
昆明,2017,11,25.0389,102.7183,30,11.056666666666667,15.74,7.036666666666666,8.703333333333335,9.213333333333335,-1.843333333333333,80.4,48.7,1.6233333333333335,17,0,15.136666666666667,34.723333333333336,0,1,7.0217849999999995,18,6,12.052,0,0,0,0,,,,,,,,0.0,0.0,0.0,0.0,64.24916825902716,,,,,
昆明,2017,12,25.0389,102.7183,31,7.983870967741935,13.206451612903225,3.7419354838709675,9.464516129032257,5.419354838709677,-2.564516129032258,78.93548387096774,9.2,0.2967741935483871,15,0,14.97741935483871,34.70322580645161,0,1,6.753002508960574,15,6,11.383548387096774,0,0,4,0,,,,,,,,0.0,0.0,0.0,0.0,58.470786530061865,,,,,72.21430170959333
昆明,2018,1,25.0389,102.7183,31,7.574193548387097,12.770967741935483,3.041935483870968,9.729032258064517,4.551612903225807,-3.02258064516129,76.29032258064517,48.1,1.5516129032258066,11,1,18.358064516129033,42.39354838709678,0,5,7.266282078853046,20,8,12.547419354838711,0,0,4,0,,,,,,,,0.0,0.0,0.0,0.0,56.889452946144885,,,,,72.27933227639176
昆明,2018,2,25.0389,102.7183,28,9.392857142857142,15.939285714285715,3.8714285714285714,12.067857142857141,5.971428571428571,-3.4214285714285713,62.82142857142857,11.6,0.41428571428571426,11,0,21.464285714285715,48.69285714285714,1,13,8.124169146825396,19,6,15.889285714285714,0,0,3,0,,,,,,,,0.0,0.0,0.0,0.0,61.473098472193094,,,,,75.94655528453418
昆明,2018,3,25.0389,102.7183,31,13.474193548387097,20.13225806451613,7.612903225806452,12.519354838709678,10.667741935483871,-2.806451612903226,57.806451612903224,43.2,1.3935483870967742,18,0,20.25483870967742,48.26451612903226,1,15,10.491284856630825,29,1,19.587419354838712,0,0,0,0,,,,,,,,0.0,0.0,0.0,0.0,69.81675080790684,,,,,
昆明,2018,4,25.0389,102.7183,30,15.96,22.526666666666664,10.2,12.326666666666666,13.819999999999999,-2.14,62.266666666666666,61.1,2.0366666666666666,18,0,20.759999999999998,49.10666666666667,0,14,10.252727314814814,26,0,20.187,0,0,0,0,,,,,,,,0.0,0.0,0.0,0.0,74.95780645442463,,,,,
昆明,2018,5,25.0389,102.7183,31,18.141935483870967,23.48709677419355,13.306451612903226,10.180645161290323,17.348387096774193,-0.7935483870967741,70.19354838709677,205.8,6.638709677419355,24,1,18.280645161290323,44.57096774193548,0,7,9.769778494623656,23,1,20.141612903225806,0,0,0,0,,,,,,,,0.0,0.0,0.0,0.0,79.81131820018835,,,,,
昆明,2018,6,25.0389,102.7183,30,18.36,22.596666666666668,15.186666666666667,7.41,19.279999999999998,0.92,85.46666666666667,370.4,12.346666666666666,29,3,13.733333333333333,34.44666666666667,0,0,7.397613518518518,14,6,16.884666666666668,0,0,0,0,,,,,,,,0.0,0.0,0.0,0.0,79.17462065715866,,,,68.69528844874597,
昆明,2018,7,25.0389,102.7183,31,19.174193548387095,23.567741935483873,15.648387096774194,7.919354838709677,20.5,1.3258064516129031,85.19354838709677,297.1,9.583870967741936,31,1,13.348387096774195,32.74516129032258,0,2,9.886206720430108,23,1,18.940322580645162,0,0,0,0,,,,,,,,0.0,0.0,0.0,0.0,80.75093762535238,,,,68.1556505301587,
昆明,2018,8,25.0389,102.7183,31,18.55806451612903,23.164516129032258,14.729032258064517,8.435483870967742,19.58709677419355,1.029032258064516,83.87096774193549,304.7,9.829032258064515,30,3,12.570967741935483,32.090322580645164,0,1,9.41366388888889,22,2,18.294516129032257,0,0,0,0,,,,,,,,0.0,0.0,0.0,0.0,80.13097206078584,,,,69.64646565531314,
昆明,2018,9,25.0389,102.7183,30,17.456666666666667,21.603333333333335,14.046666666666665,7.556666666666667,18.0,0.5433333333333337,84.83333333333333,227.1,7.569999999999999,30,1,12.943333333333333,32.17666666666666,0,0,8.371732037037038,15,1,15.741999999999999,0,0,0,0,,,,,,,,0.0,0.0,0.0,0.0,78.14303860452375,,,,,
昆明,2018,10,25.0389,102.7183,31,14.238709677419354,18.309677419354838,11.077419354838709,7.232258064516129,13.429032258064517,-0.8096774193548388,84.06451612903226,124.8,4.025806451612903,28,0,15.783870967741937,37.6741935483871,0,1,7.058686559139785,16,7,13.311935483870968,0,0,0,0,,,,,,,,0.0,0.0,0.0,0.0,70.35593866179798,,,,,
昆明,2018,11,25.0389,102.7183,30,11.22,17.203333333333333,6.233333333333333,10.97,9.046666666666665,-2.1733333333333333,73.56666666666666,7.2,0.24000000000000002,9,0,16.526666666666667,38.056666666666665,0,0,9.781055648148147,28,0,16.135,0,0,0,0,,,,,,,,0.0,0.0,0.0,0.0,65.8641501221308,,,,,
昆明,2018,12,25.0389,102.7183,31,9.687096774193549,15.396774193548387,5.241935483870968,10.154838709677419,7.225806451612903,-2.4612903225806453,78.3225806451613,50.300000000000004,1.6225806451612905,14,0,17.187096774193545,41.31290322580645,0,5,7.794800716845878,19,3,12.365483870967742,0,0,0,0,,,,,,,,0.0,0.0,0.0,0.0,61.316040149678614,,,,,75.56209039531115
昆明,2019,1,25.0389,102.7183,31,8.312903225806451,14.351612903225806,3.5064516129032257,10.845161290322581,5.590322580645162,-2.72258064516129,77.90322580645162,81.5,2.629032258064516,13,1,16.903225806451612,40.94193548387097,0,5,8.62796129032258,24,2,13.855161290322581,0,0,2,0,,,,,,,,0.0,0.0,0.0,0.0,58.07245802604426,,,,,74.31200151726443
昆明,2019,2,25.0389,102.7183,28,11.607142857142858,18.689285714285713,5.371428571428572,13.317857142857141,8.14642857142857,-3.460714285714286,55.142857142857146,5.3,0.18928571428571428,5,0,23.389285714285712,54.23571428571428,1,17,10.678403571428571,27,0,18.929285714285715,0,0,0,0,,,,,,,,0.0,0.0,0.0,0.0,66.60475961346113,,,,,82.37848261027956
昆明,2019,3,25.0389,102.7183,31,14.016129032258064,20.916129032258063,7.216129032258064,13.7,10.73225806451613,-3.2838709677419358,51.774193548387096,13.5,0.43548387096774194,13,0,24.338709677419356,56.777419354838706,6,22,10.642695609318997,28,0,19.959032258064518,0,0,0,0,,,,,,,,0.0,0.0,0.0,0.0,69.0999571469063,,,,,
昆明,2019,4,25.0389,102.7183,30,18.793333333333333,25.653333333333332,11.83,13.823333333333332,16.046666666666667,-2.7466666666666666,45.56666666666667,20.3,0.6766666666666666,18,0,22.67,54.519999999999996,3,21,11.672719537037038,29,0,23.147333333333332,0,0,0,0,,,,,,,,0.0,0.0,0.0,0.0,77.55852105235003,,,,,
昆明,2019,5,25.0389,102.7183,31,21.39032258064516,28.032258064516128,14.97741935483871,13.05483870967742,19.838709677419356,-1.5516129032258066,52.806451612903224,99.6,3.2129032258064516,15,1,21.18064516129032,49.83548387096774,0,16,10.87949623655914,29,1,22.99516129032258,11,0,0,0,,,,,,,,0.0,0.0,0.0,0.0,82.9260125635503,,,,,
昆明,2019,6,25.0389,102.7183,30,20.40666666666667,25.136666666666667,16.563333333333333,8.573333333333332,21.16,0.7533333333333334,77.03333333333333,204.6,6.819999999999999,28,1,16.57,41.49,0,5,10.025214814814815,21,2,20.012666666666668,0,0,0,0,,,,,,,,0.0,0.0,0.0,0.0,83.66168946092888,,,,67.99095589497087,
昆明,2019,7,25.0389,102.7183,31,19.32903225806452,23.612903225806452,16.206451612903226,7.406451612903226,20.606451612903225,1.2774193548387094,84.87096774193549,286.2,9.23225806451613,30,0,13.551612903225807,34.88387096774194,0,0,7.714957616487455,18,5,17.065806451612904,0,0,0,0,,,,,,,,0.0,0.0,0.0,0.0,81.52317074351718,,,,66.80668903514997,
昆明,2019,8,25.0389,102.7183,31,19.761290322580646,24.551612903225806,15.451612903225806,9.100000000000001,20.809677419354838,1.0483870967741937,78.3225806451613,117.7,3.796774193548387,29,0,12.406451612903227,29.635483870967743,0,0,10.998131541218639,28,0,20.906451612903226,0,0,0,0,,,,,,,,0.0,0.0,0.0,0.0,83.31302413632575,,,,69.33357031921001,
昆明,2019,9,25.0389,102.7183,30,17.163333333333334,21.466666666666665,13.443333333333333,8.023333333333333,17.216666666666665,0.05333333333333338,78.63333333333334,121.8,4.06,27,1,13.586666666666668,33.013333333333335,0,0,9.720918055555556,23,1,17.453666666666667,0,0,0,0,,,,,,,,0.0,0.0,0.0,0.0,78.07798641895985,,,,,
昆明,2019,10,25.0389,102.7183,31,15.651612903225805,20.429032258064513,11.661290322580646,8.76774193548387,15.17741935483871,-0.4741935483870966,80.90322580645162,134.1,4.325806451612903,28,0,14.212903225806452,35.222580645161294,0,2,9.519310304659498,25,0,15.80225806451613,0,0,0,0,,,,,,,,0.0,0.0,0.0,0.0,74.41027354659913,,,,,
昆明,2019,11,25.0389,102.7183,30,12.696666666666665,18.11,8.55,9.56,10.979999999999999,-1.7166666666666666,77.9,34.9,1.1633333333333333,18,0,16.556666666666665,38.60666666666667,0,2,8.096040462962963,20,1,13.227,0,0,0,0,,,,,,,,0.0,0.0,0.0,0.0,68.45549835810621,,,,,
昆明,2019,12,25.0389,102.7183,31,7.95483870967742,14.187096774193549,2.47741935483871,11.709677419354838,4.787096774193548,-3.167741935483871,67.74193548387096,13.899999999999999,0.4483870967741935,8,0,17.4741935483871,41.10645161290322,0,7,8.288009229390681,24,4,13.688064516129032,0,0,7,0,,,,,,,,0.0,0.0,0.0,0.0,59.75202937337236,,,,,74.31153979929795
昆明,2020,1,25.0389,102.7183,31,8.964516129032257,15.12258064516129,3.706451612903226,11.416129032258064,5.764516129032257,-3.2,68.58064516129032,83.2,2.6838709677419357,12,1,21.47741935483871,51.73870967741935,1,19,8.990007437275986,24,1,14.44741935483871,0,0,4,0,,,,,,,,0.0,0.0,0.0,0.0,60.17828906077418,,,,,75.39536232136481
昆明,2020,2,25.0389,102.7183,29,10.53448275862069,16.86551724137931,5.382758620689655,11.482758620689655,7.582758620689655,-2.951724137931034,67.03448275862068,40.3,1.389655172413793,20,0,20.848275862068967,49.53793103448275,0,13,9.052852586206898,23,3,15.700689655172413,0,0,1,0,,,,,,,,0.0,0.0,0.0,0.0,63.92436854981412,,,,,78.33821116723661
昆明,2020,3,25.0389,102.7183,31,15.64516129032258,22.62258064516129,9.19032258064516,13.432258064516128,12.429032258064517,-3.2161290322580647,50.29032258064516,33.5,1.0806451612903225,13,0,24.151612903225807,56.0258064516129,4,22,10.926453494623656,30,0,20.848709677419354,0,0,0,0,,,,,,,,0.0,0.0,0.0,0.0,72.09440344907172,,,,,
昆明,2020,4,25.0389,102.7183,30,15.35,21.503333333333334,9.79,11.713333333333333,12.936666666666667,-2.4133333333333336,61.13333333333333,119.60000000000001,3.986666666666667,21,1,21.07,49.586666666666666,2,13,9.243288055555556,23,2,19.545666666666666,0,0,0,0,,,,,,,,0.0,0.0,0.0,0.0,72.29100117933321,,,,,
昆明,2020,5,25.0389,102.7183,31,20.174193548387095,26.261290322580646,14.461290322580645,11.8,18.738709677419354,-1.435483870967742,57.03225806451613,94.5,3.0483870967741935,20,1,19.97741935483871,48.806451612903224,1,14,11.11293306451613,28,2,23.249354838709678,3,0,0,0,,,,,,,,0.0,0.0,0.0,0.0,81.56866724469758,,,,,
昆明,2020,6,25.0389,102.7183,30,21.08,26.266666666666666,16.833333333333332,9.433333333333334,21.64333333333333,0.5633333333333332,73.36666666666666,163.5,5.45,29,0,17.476666666666667,41.763333333333335,0,4,10.474553333333334,24,0,21.005,1,0,0,0,,,,,,,,0.0,0.0,0.0,0.0,85.59001230481888,,,,67.51885741232086,
昆明,2020,7,25.0389,102.7183,31,19.45483870967742,23.59032258064516,16.258064516129032,7.33225806451613,20.26774193548387,0.8129032258064514,82.74193548387096,467.59999999999997,15.083870967741934,29,7,16.6,40.099999999999994,0,6,8.079256720430108,18,5,17.35290322580645,0,0,0,0,,,,,,,,0.0,0.0,0.0,0.0,80.47587995564247,,,,67.57979612773251,
昆明,2020,8,25.0389,102.7183,31,19.141935483870967,23.309677419354838,16.006451612903227,7.303225806451613,20.25483870967742,1.1129032258064524,84.12903225806451,329.5,10.629032258064516,29,4,13.490322580645161,33.38387096774194,0,0,8.797706720430106,22,3,17.832580645161293,0,0,0,0,,,,,,,,0.0,0.0,0.0,0.0,80.71575140937952,,,,68.09521571166482,
昆明,2020,9,25.0389,102.7183,30,17.90666666666667,21.84,14.889999999999999,6.95,18.64333333333333,0.7366666666666668,86.03333333333333,261.5,8.716666666666667,29,1,13.586666666666668,33.943333333333335,0,0,7.676409259259259,17,5,15.003666666666668,0,0,0,0,,,,,,,,0.0,0.0,0.0,0.0,78.28388870570514,,,,,
昆明,2020,10,25.0389,102.7183,31,14.596774193548388,18.87741935483871,11.051612903225807,7.825806451612903,13.983870967741936,-0.6129032258064517,83.12903225806451,119.7,3.861290322580645,21,1,13.396774193548387,32.76129032258065,0,0,7.449528853046595,17,6,13.533225806451613,0,0,0,0,,,,,,,,0.0,0.0,0.0,0.0,71.6948505226233,,,,,
昆明,2020,11,25.0389,102.7183,30,12.120000000000001,17.709999999999997,7.25,10.46,10.16,-1.96,72.8,26.6,0.8866666666666667,12,0,14.59,34.223333333333336,0,1,8.758433240740741,24,2,14.937000000000001,0,0,0,0,,,,,,,,0.0,0.0,0.0,0.0,68.18977135398035,,,,,
昆明,2020,12,25.0389,102.7183,31,8.819354838709677,14.990322580645161,4.038709677419355,10.951612903225806,6.003225806451613,-2.8161290322580643,76.2258064516129,27.4,0.8838709677419354,13,0,17.63225806451613,41.31612903225806,0,4,8.01776335125448,22,4,12.82774193548387,0,0,0,0,,,,,,,,0.0,0.0,0.0,0.0,59.73350190829576,,,,,75.4851698433832
昆明,2021,1,25.0389,102.7183,31,7.741935483870968,14.709677419354838,2.167741935483871,12.541935483870969,4.467741935483871,-3.274193548387097,70.19354838709677,17.400000000000002,0.5612903225806453,15,0,19.63225806451613,45.196774193548386,0,12,8.575004928315412,23,3,13.95774193548387,0,0,9,0,,,,,,,,0.0,0.0,0.0,0.0,58.89719991214739,,,,,72.69118743252176
昆明,2021,2,25.0389,102.7183,28,10.967857142857143,17.339285714285715,5.185714285714285,12.153571428571428,7.971428571428571,-2.9964285714285714,63.92857142857143,30.7,1.0964285714285713,10,0,18.914285714285715,44.03928571428571,2,4,9.125614186507937,24,3,17.000714285714285,0,0,1,0,,,,,,,,0.0,0.0,0.0,0.0,64.99372371951323,,,,,79.44135000565522
昆明,2021,3,25.0389,102.7183,31,15.996774193548388,23.161290322580644,8.83548387096774,14.325806451612904,12.17741935483871,-3.8193548387096774,40.87096774193548,1.7,0.054838709677419356,4,0,25.419354838709676,58.20967741935484,3,27,10.864505197132617,30,0,21.083225806451615,0,0,0,0,,,,,,,,0.0,0.0,0.0,0.0,70.69710100266364,,,,,
昆明,2021,4,25.0389,102.7183,30,17.596666666666668,23.94333333333333,11.523333333333333,12.419999999999998,15.493333333333334,-2.1033333333333335,57.06666666666667,105.1,3.503333333333333,16,1,20.209999999999997,47.556666666666665,0,14,9.930202314814814,25,3,21.415333333333333,3,0,0,0,,,,,,,,0.0,0.0,0.0,0.0,75.27513235813417,,,,,
昆明,2021,5,25.0389,102.7183,31,20.403225806451612,26.467741935483872,14.741935483870968,11.725806451612904,19.34193548387097,-1.0612903225806454,61.54838709677419,116.19999999999999,3.7483870967741932,24,1,20.74516129032258,48.858064516129026,0,17,11.446997401433691,29,1,23.34903225806452,8,0,0,0,,,,,,,,0.0,0.0,0.0,0.0,81.99111920050396,,,,,
昆明,2021,6,25.0389,102.7183,30,19.83,24.686666666666667,16.093333333333334,8.593333333333334,20.666666666666668,0.8366666666666668,78.6,330.2,11.006666666666666,30,5,14.893333333333334,36.45,0,2,9.83788398148148,23,2,19.665333333333333,0,0,0,0,,,,,,,,0.0,0.0,0.0,0.0,82.4908598677924,,,,68.47812434879016,
昆明,2021,7,25.0389,102.7183,31,19.458064516129035,23.835483870967742,15.890322580645162,7.94516129032258,20.532258064516128,1.0741935483870966,82.54838709677419,254.3,8.203225806451613,30,2,13.929032258064517,35.89032258064516,0,0,9.287190232974911,22,4,18.899032258064516,0,0,0,0,,,,,,,,0.0,0.0,0.0,0.0,81.57366278586271,,,,68.14934927764291,
昆明,2021,8,25.0389,102.7183,31,19.23225806451613,23.52258064516129,15.735483870967743,7.787096774193548,20.306451612903224,1.074193548387097,83.09677419354838,263.7,8.506451612903225,31,2,13.464516129032257,33.193548387096776,0,0,9.291331093189964,22,3,18.024193548387096,0,0,0,0,,,,,,,,0.0,0.0,0.0,0.0,81.15418823370453,,,,68.49604033144125,
昆明,2021,9,25.0389,102.7183,30,18.153333333333332,22.69333333333333,13.99,8.703333333333335,18.83,0.6766666666666665,81.16666666666667,148.8,4.96,28,0,12.620000000000001,31.33,0,0,11.12184037037037,29,0,19.409,0,0,0,0,,,,,,,,0.0,0.0,0.0,0.0,79.15325397369702,,,,,
昆明,2021,10,25.0389,102.7183,31,15.14516129032258,19.53548387096774,11.970967741935485,7.564516129032258,14.358064516129033,-0.7870967741935485,82.80645161290323,111.0,3.5806451612903225,28,0,16.087096774193547,37.10322580645161,0,4,6.900714247311829,17,7,13.024193548387096,0,0,0,0,,,,,,,,0.0,0.0,0.0,0.0,72.14008137619898,,,,,
昆明,2021,11,25.0389,102.7183,30,10.913333333333332,15.653333333333334,7.363333333333333,8.290000000000001,8.946666666666665,-1.9666666666666666,80.73333333333333,64.9,2.1633333333333336,23,0,16.686666666666667,37.059999999999995,0,4,6.297952407407408,16,7,12.012,0,0,0,0,,,,,,,,0.0,0.0,0.0,0.0,63.544215756970964,,,,,
昆明,2021,12,25.0389,102.7183,31,8.483870967741936,13.819354838709677,4.109677419354839,9.709677419354838,6.077419354838709,-2.4064516129032256,81.51612903225806,51.8,1.6709677419354838,19,0,14.90967741935484,34.13225806451613,0,1,6.830277956989248,14,4,11.35741935483871,0,0,0,0,,,,,,,,0.0,0.0,0.0,0.0,59.24565268869411,,,,,73.52841112737669
昆明,2022,1,25.0389,102.7183,31,8.429032258064517,14.106451612903227,3.512903225806452,10.593548387096773,5.406451612903226,-3.02258064516129,74.70967741935483,62.8,2.0258064516129033,21,0,20.5258064516129,46.16451612903226,1,10,8.63304623655914,22,2,13.52741935483871,0,0,2,0,,,,,,,,0.0,0.0,0.0,0.0,58.84073909288905,,,,,74.70208701328808
昆明,2022,2,25.0389,102.7183,28,7.860714285714286,14.167857142857143,2.3035714285714284,11.864285714285714,4.35,-3.5107142857142857,68.17857142857143,73.3,2.617857142857143,14,1,22.707142857142856,49.525,1,13,8.77325248015873,20,3,16.735357142857143,0,0,4,0,,,,,,,,0.0,0.0,0.0,0.0,58.25716871159706,,,,,74.35946548570931
昆明,2022,3,25.0389,102.7183,31,16.42258064516129,23.861290322580647,9.35483870967742,14.506451612903225,13.438709677419356,-2.9838709677419355,50.096774193548384,28.2,0.9096774193548387,12,0,22.719354838709677,50.81290322580645,1,15,10.00293951612903,27,1,20.482903225806453,0,0,0,0,,,,,,,,0.0,0.0,0.0,0.0,73.73295533092366,,,,,
昆明,2022,4,25.0389,102.7183,30,15.223333333333333,21.653333333333332,9.5,12.153333333333334,13.253333333333334,-1.9699999999999998,64.43333333333334,112.6,3.753333333333333,20,1,18.94333333333333,42.21666666666667,0,7,9.794217222222223,24,4,20.892,0,0,1,0,,,,,,,,0.0,0.0,0.0,0.0,72.53920880910299,,,,,
昆明,2022,5,25.0389,102.7183,31,16.506451612903227,21.929032258064513,12.47741935483871,9.451612903225806,16.1,-0.40645161290322607,77.7741935483871,278.0,8.96774193548387,30,1,14.8,34.79032258064516,0,0,8.014556093189965,17,3,18.200000000000003,0,0,0,0,,,,,,,,0.0,0.0,0.0,0.0,76.31278423438854,,,,,
昆明,2022,6,25.0389,102.7183,30,18.673333333333336,23.53666666666667,15.216666666666667,8.32,19.313333333333333,0.64,82.2,241.6,8.053333333333333,30,2,16.21333333333333,36.973333333333336,0,1,8.183663518518518,17,2,18.886666666666667,0,0,0,0,,,,,,,,0.0,0.0,0.0,0.0,80.51559538600236,,,,69.52915802779475,
昆明,2022,7,25.0389,102.7183,31,19.687096774193545,24.75483870967742,15.290322580645162,9.464516129032257,20.95483870967742,1.2677419354838708,80.45161290322581,200.4,6.464516129032258,30,1,12.90967741935484,30.23225806451613,0,0,10.642450716845877,25,1,22.54064516129032,0,0,0,0,,,,,,,,0.0,0.0,0.0,0.0,82.17279853685552,,,,68.54989056437661,
昆明,2022,8,25.0389,102.7183,31,19.316129032258065,24.280645161290323,15.490322580645161,8.790322580645162,20.574193548387097,1.258064516129032,82.90322580645162,207.7,6.699999999999999,31,1,12.693548387096774,29.67096774193548,0,1,10.339181272401435,27,0,20.705161290322582,0,0,0,0,,,,,,,,0.0,0.0,0.0,0.0,81.78523879153606,,,,68.67783364328058,
昆明,2022,9,25.0389,102.7183,30,17.153333333333332,21.33,13.96,7.370000000000001,17.503333333333334,0.35000000000000064,83.1,226.70000000000002,7.5566666666666675,27,2,12.763333333333332,29.939999999999998,0,0,8.421619444444444,20,5,16.308333333333334,0,0,0,0,,,,,,,,0.0,0.0,0.0,0.0,77.230728093942,,,,,
昆明,2022,10,25.0389,102.7183,31,14.90967741935484,19.316129032258065,11.47741935483871,7.838709677419355,14.258064516129032,-0.6516129032258068,81.35483870967742,139.0,4.483870967741935,26,0,14.248387096774193,32.88709677419355,0,0,7.997246953405018,17,3,14.662258064516129,0,0,0,0,,,,,,,,0.0,0.0,0.0,0.0,72.96189863907175,,,,,
昆明,2022,11,25.0389,102.7183,30,13.093333333333334,19.94,6.946666666666667,12.993333333333334,11.156666666666666,-1.9366666666666668,67.83333333333333,3.1,0.10333333333333333,6,0,14.966666666666667,33.62,0,1,10.198908796296298,29,0,17.762999999999998,0,0,0,0,,,,,,,,0.0,0.0,0.0,0.0,70.91478773827338,,,,,
昆明,2022,12,25.0389,102.7183,31,8.816129032258065,14.119354838709677,4.848387096774194,9.270967741935483,5.97741935483871,-2.838709677419355,77.12903225806451,58.5,1.8870967741935485,22,0,18.009677419354837,39.42903225806452,0,5,6.238445788530466,16,7,10.992258064516129,0,0,1,0,,,,,,,,0.0,0.0,0.0,0.0,59.72427190157332,,,,,73.51590410614901
昆明,2023,1,25.0389,102.7183,31,8.019354838709678,14.803225806451612,2.325806451612903,12.47741935483871,4.725806451612903,-3.293548387096774,68.06451612903226,17.9,0.5774193548387097,8,0,18.79032258064516,41.23548387096774,0,7,8.267049462365591,20,4,14.788709677419355,0,0,5,0,24.36586021505376,34.91478494623656,702.4166666666667,40.43884408602151,30.22190860215054,58.04032258064516,0.14381720430107525,25.0,0.0,0.0,0.0,59.37421239439265,91.53016300944427,69.02099757890812,8.469836990555736,,78.84701733322063
昆明,2023,2,25.0389,102.7183,28,12.078571428571427,18.72142857142857,6.110714285714286,12.610714285714284,8.814285714285715,-3.2642857142857147,59.357142857142854,12.5,0.44642857142857145,9,0,21.54642857142857,47.86785714285714,0,13,8.896299007936507,21,3,16.924642857142857,0,0,0,0,23.39419642857143,33.605357142857144,412.8779761904762,21.844345238095237,17.46770833333333,82.34077380952381,0.30357142857142855,25.0,0.0,0.0,5.0,66.95801675024526,91.88193554196185,74.43519238776024,8.118064458038145,,83.13112527313521
昆明,2023,3,25.0389,102.7183,31,14.8,21.90967741935484,8.290322580645162,13.619354838709677,11.651612903225805,-3.148387096774193,54.45161290322581,24.3,0.7838709677419355,18,0,23.5258064516129,51.52258064516129,3,18,9.944848207885304,26,1,19.898387096774194,0,0,0,0,24.559408602150537,35.37540322580645,402.39112903225805,24.011290322580646,17.11801075268817,91.55779569892472,0.5389784946236559,27.0,0.0,0.0,7.0,71.50789223022717,91.20208498961816,77.41615005804447,8.797915010381834,,
昆明,2023,4,25.0389,102.7183,30,19.683333333333334,26.883333333333333,12.436666666666667,14.446666666666665,16.466666666666665,-3.216666666666667,40.53333333333333,20.5,0.6833333333333333,10,0,24.64,56.059999999999995,1,22,11.654417407407408,30,0,24.987666666666666,4,0,0,0,24.454722222222223,35.261111111111106,328.25694444444446,14.714583333333334,14.525694444444444,121.2388888888889,0.75,26.0,0.0,0.0,27.0,77.28342964057343,90.34558404341048,81.20207596142454,9.65441595658953,,
昆明,2023,5,25.0389,102.7183,31,20.990322580645163,27.677419354838708,14.567741935483872,13.10967741935484,19.200000000000003,-1.7903225806451615,52.83870967741935,38.4,1.238709677419355,16,0,22.274193548387096,49.458064516129035,1,16,11.052771774193548,27,2,23.720322580645163,13,0,0,0,17.783736559139786,25.724059139784945,293.4448924731183,20.18534946236559,17.871774193548386,95.11693548387096,0.7862903225806451,31.0,0.0,0.0,13.0,81.82415226151818,92.09006958132802,84.90392745746112,7.909930418671972,,
昆明,2023,6,25.0389,102.7183,30,20.313333333333333,25.65,15.673333333333334,9.976666666666667,20.58,0.26666666666666716,71.13333333333334,191.6,6.386666666666667,26,2,16.433333333333334,37.52333333333333,0,1,10.444946111111111,25,1,21.705333333333332,3,0,0,0,21.04444444444444,30.250555555555554,299.50694444444446,32.30125,20.235,78.00138888888888,0.8541666666666666,27.0,0.0,0.0,5.0,83.4135689180681,91.89652637561655,85.95845615533263,8.103473624383462,68.77282536461321,
昆明,2023,7,25.0389,102.7183,31,20.36774193548387,25.529032258064515,15.98709677419355,9.541935483870969,21.016129032258064,0.6483870967741932,74.48387096774194,187.8,6.058064516129033,28,0,17.4,38.777419354838706,0,1,10.013208333333333,23,2,21.25774193548387,0,0,0,0,13.477822580645162,19.46465053763441,279.89516129032256,19.58494623655914,13.69032258064516,64.36693548387096,0.9596774193548387,31.0,0.0,1.0,2.0,83.31143729298854,94.20329992643424,86.57899608302223,5.796700073565768,68.27451959722761,
昆明,2023,8,25.0389,102.7183,31,19.138709677419353,23.751612903225805,15.52258064516129,8.229032258064516,20.567741935483873,1.4290322580645167,84.0,309.2,9.974193548387097,31,1,12.209677419354838,28.948387096774194,0,0,9.12606182795699,17,0,18.245806451612903,0,0,0,0,17.52486559139785,25.175806451612903,318.7836021505376,23.9747311827957,15.179704301075269,72.63440860215053,0.4717741935483871,31.0,0.0,0.0,2.0,82.44070509967831,93.05194527631178,85.62407715266833,6.9480547236882275,67.7665031660173,
昆明,2023,9,25.0389,102.7183,30,18.66,24.023333333333333,14.003333333333334,10.020000000000001,19.08,0.42000000000000026,76.7,121.0,4.033333333333333,25,0,14.620000000000001,32.82,0,0,10.680765833333334,26,0,20.332333333333334,0,0,0,0,15.016666666666667,21.74986111111111,292.07916666666665,24.416666666666668,13.780972222222223,60.55,0.5833333333333334,30.0,0.0,0.0,0.0,81.16217914715254,93.95565788005673,85.0002227670238,6.044342119943278,,
昆明,2023,10,25.0389,102.7183,31,15.95483870967742,21.05483870967742,11.893548387096773,9.161290322580646,15.412903225806453,-0.5419354838709677,78.87096774193549,76.7,2.4741935483870967,30,0,15.383870967741935,33.84838709677419,1,2,8.26490358422939,21,5,15.850000000000001,0,0,0,0,15.438844086021506,22.190188172043012,370.84274193548384,26.318010752688174,17.62284946236559,51.81586021505377,0.24462365591397847,31.0,0.0,0.0,0.0,75.07161400163993,94.10105825215388,80.7804472767941,5.898941747846125,,
昆明,2023,11,25.0389,102.7183,30,13.09,19.33,7.926666666666667,11.403333333333334,11.22,-1.87,70.06666666666666,34.5,1.15,12,0,16.103333333333335,35.50666666666667,0,1,8.872109351851853,25,1,15.257333333333333,0,0,0,0,18.402222222222225,26.569305555555555,426.19166666666666,30.136944444444445,25.44013888888889,48.020833333333336,0.41388888888888886,28.0,0.0,0.0,0.0,70.79348702354109,93.56662960164688,77.62542979697282,6.43337039835312,,
昆明,2023,12,25.0389,102.7183,31,10.406451612903227,16.5258064516129,5.264516129032257,11.261290322580644,7.829032258064516,-2.57741935483871,72.45161290322581,23.7,0.7645161290322581,15,0,19.751612903225805,41.91290322580645,1,6,7.244959856630825,16,4,11.997741935483871,0,0,0,0,17.99771505376344,25.93938172043011,448.9005376344086,24.85510752688172,25.284677419354836,44.475806451612904,0.08736559139784947,31.0,0.0,0.0,0.0,64.12628246604113,94.03534431556794,73.09900102089918,5.964655684432059,,81.1554352013199
昆明,2024,1,25.0389,102.7183,31,8.509677419354839,14.735483870967743,3.2419354838709675,11.493548387096775,5.47741935483871,-3.032258064516129,72.03225806451613,76.8,2.47741935483871,23,0,20.229032258064517,43.82258064516129,1,5,8.714404569892473,24,2,13.782903225806452,0,0,2,0,16.328225806451613,23.62701612903226,422.8239247311828,24.850537634408603,21.072849462365593,49.96639784946236,0.4637096774193548,31.0,0.0,0.0,0.0,59.4005499865666,94.0532217992561,69.79635153037346,5.9467782007439,,80.05562966124923
昆明,2024,2,25.0389,102.7183,29,12.120689655172415,18.551724137931036,5.744827586206896,12.806896551724137,8.23103448275862,-3.889655172413793,53.3448275862069,6.0,0.20689655172413793,8,0,28.517241379310345,59.61379310344827,13,24,10.181882088122604,26,1,18.031724137931032,0,0,1,0,16.110919540229883,24.700718390804596,297.3117816091954,10.804885057471264,10.147270114942527,77.14224137931035,3.8879310344827585,29.0,0.0,0.0,0.0,65.55283019713957,93.73886679268065,74.00864117580188,6.261133207319349,,83.7203981183895
昆明,2024,3,25.0389,102.7183,31,16.141935483870967,23.35483870967742,9.029032258064515,14.325806451612904,12.529032258064515,-3.6129032258064515,44.96774193548387,12.8,0.4129032258064516,10,0,26.638709677419353,57.16129032258065,7,25,10.997674372759855,31,0,21.938064516129035,0,0,0,0,16.161155913978494,24.349596774193547,327.1317204301075,10.609274193548387,8.794623655913979,91.59677419354838,2.25,31.0,0.0,0.0,7.0,71.90783444918823,93.03876340761916,78.2471131367175,6.961236592380839,,
昆明,2024,4,25.0389,102.7183,30,20.836666666666666,27.486666666666668,14.2,13.286666666666667,17.266666666666666,-3.57,37.1,9.7,0.3233333333333333,11,0,28.736666666666668,61.916666666666664,12,29,11.76198138888889,30,0,24.294333333333334,0,0,0,0,20.597777777777775,32.802638888888886,320.12361111111113,9.444583333333332,8.757361111111113,106.57222222222224,6.434722222222222,30.0,0.0,4.0,19.0,78.25384514930595,91.82896135133981,82.32638000991611,8.171038648660184,,
昆明,2024,5,25.0389,102.7183,31,18.787096774193547,24.958064516129035,13.496774193548386,11.461290322580645,18.183870967741935,-0.6032258064516131,67.80645161290323,93.6,3.019354838709677,27,0,18.458064516129035,41.593548387096774,0,6,10.595948655913977,28,1,22.278387096774193,0,0,0,0,18.311424731182797,27.443682795698923,304.0336021505376,15.971102150537636,11.707123655913978,88.97177419354838,3.360215053763441,31.0,0.0,2.0,6.0,80.93199246396117,92.61993480882943,84.43837516742164,7.3800651911705755,,
昆明,2024,6,25.0389,102.7183,30,19.709999999999997,24.573333333333334,16.14,8.433333333333334,20.716666666666665,1.006666666666667,81.93333333333334,304.7,10.156666666666666,29,4,16.69,37.04333333333333,0,1,9.098229074074075,20,0,20.196,0,0,0,0,12.726805555555556,18.67111111111111,277.5,15.826666666666664,12.101527777777779,70.20694444444445,2.031944444444444,30.0,0.0,2.0,0.0,82.69257879567348,94.21743398657739,86.15003535294464,5.782566013422616,67.60422967041224,
昆明,2024,7,25.0389,102.7183,31,20.135483870967743,24.654838709677417,16.616129032258065,8.038709677419355,21.451612903225808,1.3161290322580643,82.74193548387096,271.8,8.76774193548387,30,1,15.419354838709678,34.877419354838715,0,0,9.967192383512545,24,1,20.800967741935484,0,0,0,0,14.248118279569892,20.475806451612904,247.64784946236557,18.89274193548387,13.669086021505377,60.66263440860215,0.17204301075268816,31.0,0.0,0.0,0.0,82.42658638558882,94.3644819523755,86.00795505562482,5.635518047624508,66.80161447910075,
昆明,2024,8,25.0389,102.7183,31,19.516129032258064,24.677419354838708,14.864516129032259,9.812903225806451,20.751612903225805,1.2354838709677418,80.12903225806451,154.5,4.983870967741935,29,0,13.319354838709677,30.58709677419355,0,1,10.78725788530466,28,0,21.746129032258064,0,0,0,0,20.039381720430107,29.03333333333333,326.59005376344084,27.15201612903226,15.723252688172044,73.51209677419355,1.407258064516129,31.0,0.0,0.0,2.0,82.50178533899003,92.53808647989035,85.51267568126013,7.461913520109646,69.02445563682991,
昆明,2024,9,25.0389,102.7183,30,18.84,23.78666666666667,14.870000000000001,8.916666666666666,19.096666666666668,0.2566666666666671,78.13333333333334,150.5,5.016666666666667,29,1,16.343333333333334,36.71,0,4,10.118591296296296,26,0,18.448333333333334,0,0,0,0,16.390555555555554,23.572916666666668,317.9375,23.45847222222222,13.770416666666668,66.71666666666667,0.0,30.0,0.0,0.0,0.0,81.16759311711552,93.52294252428824,84.87419793926733,6.477057475711768,,
昆明,2024,10,25.0389,102.7183,31,15.470967741935485,20.16774193548387,11.87741935483871,8.290322580645162,14.916129032258064,-0.554838709677419,80.6774193548387,184.8,5.961290322580646,25,2,14.329032258064515,32.29677419354839,0,0,8.103110663082438,18,1,14.22741935483871,0,0,0,0,17.306317204301074,24.91317204301075,404.17607526881716,25.87137096774193,18.000672043010756,55.25,0.28225806451612906,31.0,0.0,0.0,0.0,74.61964486086212,93.70220768649169,80.344413708551,6.297792313508319,,
昆明,2024,11,25.0389,102.7183,30,12.033333333333333,16.903333333333332,8.183333333333334,8.72,10.743333333333334,-1.29,80.93333333333334,87.4,2.9133333333333336,22,0,12.376666666666667,30.89333333333333,0,0,7.212338981481482,19,6,12.572000000000001,0,0,0,0,23.310277777777777,27.344444444444445,713.9972222222223,33.22013888888889,19.38625,51.95,0.21944444444444444,27.0,0.0,0.0,0.0,66.76713284267967,92.56039160743937,74.50511047210757,7.439608392560634,,
昆明,2024,12,25.0389,102.7183,31,10.093548387096773,16.170967741935485,5.809677419354839,10.361290322580645,8.067741935483872,-2.0258064516129033,77.25806451612904,17.2,0.5548387096774193,16,0,13.683870967741935,35.58387096774193,0,3,7.801237365591398,19,2,13.301612903225807,0,0,0,0,25.300940860215054,25.616532258064513,737.8602150537635,30.184274193548386,17.668279569892473,55.526881720430104,0.34543010752688175,27.0,0.0,0.0,0.0,63.792395138027544,92.37264628455483,72.36647048198573,7.627353715445166,,80.66593049152613
昆明,2025,1,25.0389,102.7183,31,8.303225806451614,14.390322580645162,3.764516129032258,10.625806451612904,5.690322580645161,-2.612903225806452,72.48387096774194,20.0,0.6451612903225806,16,0,14.654838709677419,38.777419354838706,0,4,6.948979032258064,16,7,12.379677419354838,0,0,2,0,27.466532258064515,28.170564516129033,752.8844086021505,27.3497311827957,15.78024193548387,68.35483870967742,1.2674731182795698,24.0,0.0,1.0,1.0,60.243420100857186,91.66215691279972,69.66904114443994,8.337843087200278,,78.93898407947518
昆明,2025,2,25.0389,102.7183,28,11.842857142857143,18.232142857142858,6.507142857142857,11.725,8.878571428571428,-2.9642857142857144,59.214285714285715,18.9,0.6749999999999999,19,0,19.807142857142857,51.86785714285714,0,17,9.115075595238094,23,2,17.001428571428573,0,0,0,0,25.257886904761904,26.699107142857144,558.1875,19.049553571428568,10.551339285714286,81.47172619047618,3.132440476190476,25.0,0.0,0.0,3.0,66.90198539713498,91.9429935368081,74.41428783903692,8.057006463191888,,83.3357120367851
昆明,2025,3,25.0389,102.7183,31,14.141935483870967,20.57741935483871,8.26774193548387,12.30967741935484,11.219354838709679,-2.92258064516129,53.806451612903224,36.699999999999996,1.1838709677419355,18,0,19.51290322580645,51.303225806451614,0,20,8.72262598566308,21,4,18.201290322580647,0,0,0,0,27.60309139784946,30.36505376344086,485.3494623655914,14.213844086021505,7.602150537634408,106.38037634408602,6.303763440860215,22.0,0.0,5.0,20.0,69.73430596870112,90.80906888430471,76.0567348433822,9.190931115695303,,
昆明,2025,4,25.0389,102.7183,30,18.603333333333335,25.3,12.603333333333333,12.696666666666665,16.756666666666668,-1.8466666666666665,53.4,24.5,0.8166666666666667,20,0,18.183333333333334,48.78333333333333,0,15,10.485267777777779,25,0,21.510333333333335,0,0,0,0,25.41986111111111,29.25972222222222,423.5236111111111,13.558333333333334,7.3059722222222225,110.30138888888888,8.676388888888889,23.0,0.0,9.0,24.0,81.35022185388522,90.93594559689096,84.22593897678694,9.064054403109038,,
昆明,2025,5,25.0389,102.7183,31,18.509677419354837,23.858064516129033,13.887096774193548,9.970967741935485,18.229032258064517,-0.2806451612903227,69.58064516129032,267.6,8.63225806451613,26,4,14.641935483870967,39.52258064516129,0,5,9.248264516129032,23,5,20.44193548387097,1,0,0,0,15.085618279569891,18.67795698924731,356.43145161290323,16.90537634408602,6.803091397849463,93.93951612903226,8.150537634408602,31.0,0.0,8.0,13.0,79.77051434808217,92.77613005948777,83.67219906150385,7.223869940512232,,
昆明,2025,6,25.0389,102.7183,30,19.033333333333335,23.476666666666667,15.573333333333332,7.903333333333333,20.08,1.0466666666666666,80.66666666666667,318.6,10.620000000000001,29,1,12.603333333333333,33.95333333333333,0,0,7.85053425925926,15,4,18.392666666666667,0,0,0,0,19.00347222222222,20.925555555555555,370.1666666666667,22.239583333333332,8.063055555555556,74.61944444444445,4.305555555555555,30.0,0.0,4.0,5.0,81.46035414265546,93.01550628928521,84.92689978664438,6.9844937107147835,68.36024396235068,
昆明,2025,7,25.0389,102.7183,31,19.44516129032258,24.370967741935484,15.76774193548387,8.603225806451613,20.938709677419357,1.4935483870967738,83.12903225806451,281.3,9.074193548387097,31,0,11.393548387096773,32.28387096774193,0,1,9.743848207885305,24,1,19.949354838709677,0,0,0,0,18.61021505376344,18.779301075268815,454.18682795698925,23.93951612903226,6.400268817204301,69.73252688172043,0.2594086021505376,31.0,0.0,0.0,0.0,82.12894907126733,93.18881864960005,85.44690994476713,6.81118135039995,67.73031722665857,
昆明,2025,8,25.0389,102.7183,31,18.893548387096775,23.448387096774194,15.351612903225806,8.096774193548388,20.280645161290323,1.3870967741935485,83.7741935483871,317.4,10.238709677419354,31,3,10.577419354838709,31.083870967741937,0,0,9.311752329749103,24,4,19.11806451612903,0,0,0,0,18.425403225806452,18.748521505376342,440.0994623655914,26.523924731182795,6.917876344086022,59.189516129032256,0.6290322580645161,31.0,0.0,0.0,0.0,80.40786341943237,93.59626186443246,84.36438295293239,6.403738135567544,68.56316695953376,
昆明,2025,9,25.0389,102.7183,30,18.36,22.709999999999997,14.926666666666668,7.783333333333333,19.33,0.9700000000000001,83.16666666666667,269.3,8.976666666666667,29,1,11.613333333333333,32.46666666666667,0,0,8.648322685185185,21,4,16.81,0,0,0,0,16.987777777777776,17.07069444444444,389.01666666666665,28.293333333333333,6.972777777777778,50.56666666666667,0.08749999999999998,30.0,0.0,0.0,0.0,79.9995270081936,94.13784882855104,84.24102355430082,5.862151171448972,,
昆明,2025,10,25.0389,102.7183,31,16.141935483870967,20.348387096774193,13.009677419354839,7.338709677419355,16.31935483870968,0.17741935483870958,84.12903225806451,150.7,4.861290322580645,29,1,11.745161290322581,32.31935483870968,0,0,7.8961586917562725,21,3,14.349032258064517,0,0,0,0,19.130241935483873,19.19475806451613,407.116935483871,27.144220430107527,8.931182795698925,47.19758064516129,0.005376344086021503,31.0,0.0,0.0,0.0,75.56599229622388,94.0758961082931,81.11896343984465,5.924103891706898,,
昆明,2025,11,25.0389,102.7183,30,11.016666666666667,15.663333333333332,7.033333333333333,8.629999999999999,9.646666666666667,-1.37,79.56666666666666,109.5,3.65,21,1,11.393333333333334,30.183333333333334,0,0,6.057945277777778,15,8,11.949333333333334,0,0,2,0,24.23902777777778,24.530555555555555,718.8083333333333,33.59111111111111,16.8275,46.09305555555555,0.19305555555555556,25.0,0.0,0.0,0.0,65.08646482348095,92.81125469565283,73.40390178513252,7.188745304347164,,
昆明,2025,12,25.0389,102.7183,31,9.290322580645162,15.654838709677419,3.829032258064516,11.825806451612904,7.061290322580645,-2.2290322580645165,72.70967741935483,8.4,0.2709677419354839,11,0,12.687096774193549,34.854838709677416,0,0,8.384061738351255,22,2,13.869677419354838,0,0,0,0,34.63306451612903,35.078763440860214,988.9959677419355,37.57379032258064,23.157123655913978,53.44892473118279,0.39381720430107525,14.0,0.0,0.0,0.0,63.004009199956066,90.7448716872382,71.32626794614072,9.255128312761805,,80.99534308034966
杭州,2016,1,30.2741,120.1551,31,4.280645161290322,7.396774193548388,1.3096774193548388,6.087096774193548,1.2161290322580645,-3.064516129032258,79.2258064516129,108.4,3.4967741935483874,23,0,12.929032258064517,26.003225806451614,1,1,4.825672401433692,11,15,7.498387096774193,0,0,9,3,,,,,,,,0.0,0.0,0.0,0.0,52.37082527357912,,,,,64.90787523261814
杭州,2016,2,30.2741,120.1551,29,7.051724137931035,12.675862068965518,1.8413793103448275,10.83448275862069,4.003448275862069,-3.048275862068966,68.0,22.9,0.789655172413793,4,0,13.66551724137931,28.217241379310344,0,0,8.503540325670498,22,4,14.326896551724138,0,0,11,0,,,,,,,,0.0,0.0,0.0,0.0,59.663643565509936,,,,,72.16422174438728
杭州,2016,3,30.2741,120.1551,31,11.274193548387096,16.451612903225808,6.383870967741935,10.067741935483872,9.241935483870968,-2.032258064516129,73.06451612903226,49.0,1.5806451612903225,16,0,13.980645161290322,29.47741935483871,0,1,7.14981711469534,17,8,14.260645161290322,0,0,2,0,,,,,,,,0.0,0.0,0.0,0.0,65.83190538570548,,,,,
杭州,2016,4,30.2741,120.1551,30,16.970000000000002,21.88,12.879999999999999,9.0,16.936666666666667,-0.03333333333333345,81.1,209.7,6.989999999999999,23,2,14.423333333333334,32.36333333333333,0,2,6.234537777777778,14,10,14.127666666666666,0,0,0,0,,,,,,,,0.0,0.0,0.0,0.0,76.12280704942971,,,,,
杭州,2016,5,30.2741,120.1551,31,20.906451612903226,24.983870967741936,17.09032258064516,7.893548387096775,22.532258064516128,1.6258064516129036,81.38709677419355,285.0,9.193548387096774,20,2,13.40967741935484,30.05806451612903,0,1,5.913871326164874,12,14,14.391935483870967,0,0,0,0,,,,,,,,0.0,0.0,0.0,0.0,79.79003752376474,,,,,
杭州,2016,6,30.2741,120.1551,30,24.603333333333335,28.456666666666667,21.3,7.156666666666666,28.426666666666666,3.8233333333333333,85.26666666666667,402.9,13.43,23,7,13.116666666666667,29.563333333333333,0,0,6.555384444444444,12,9,13.604000000000001,10,1,0,0,,,,,,,,0.0,0.0,0.0,0.0,75.1443406087444,,,,49.16982852662386,
杭州,2016,7,30.2741,120.1551,31,29.590322580645164,33.81612903225806,26.041935483870965,7.774193548387098,35.487096774193546,5.896774193548387,78.48387096774194,119.7,3.861290322580645,18,1,12.16451612903226,28.548387096774192,0,0,9.972167114695342,22,3,19.763548387096773,29,12,0,0,,,,,,,,0.0,0.0,0.0,0.0,66.10825910751572,,,,33.986063998809044,
杭州,2016,8,30.2741,120.1551,31,29.396774193548385,33.670967741935485,25.438709677419357,8.23225806451613,33.81612903225806,4.419354838709677,70.35483870967742,31.5,1.0161290322580645,17,0,15.290322580645162,32.62903225806452,0,1,11.073525089605734,28,1,19.789354838709677,30,8,0,0,,,,,,,,0.0,0.0,0.0,0.0,69.23519817436791,,,,38.11813325601231,
杭州,2016,9,30.2741,120.1551,30,24.183333333333334,27.80666666666667,21.113333333333333,6.693333333333333,26.65,2.466666666666667,79.3,190.9,6.363333333333333,16,2,15.673333333333334,32.446666666666665,0,2,6.907413148148148,17,9,12.51,6,0,0,0,,,,,,,,0.0,0.0,0.0,0.0,78.94770848261763,,,,,
杭州,2016,10,30.2741,120.1551,31,20.27741935483871,22.929032258064513,18.05483870967742,4.874193548387097,21.66774193548387,1.3903225806451613,84.54838709677419,106.2,3.425806451612903,22,1,14.903225806451612,29.312903225806455,0,0,2.634451971326165,4,21,6.21225806451613,1,0,0,0,,,,,,,,0.0,0.0,0.0,0.0,78.7927019094511,,,,,
杭州,2016,11,30.2741,120.1551,30,12.68,16.779999999999998,9.16,7.62,11.56,-1.1200000000000003,82.4,76.3,2.5433333333333334,18,0,13.24,26.52333333333333,0,1,5.00606787037037,11,12,7.662000000000001,0,0,0,0,,,,,,,,0.0,0.0,0.0,0.0,67.10018043017881,,,,,
杭州,2016,12,30.2741,120.1551,31,8.506451612903225,12.896774193548387,4.590322580645162,8.306451612903226,6.138709677419355,-2.3677419354838714,79.25806451612904,34.699999999999996,1.1193548387096772,9,0,13.116129032258065,27.116129032258065,0,0,6.750195161290322,15,6,8.671612903225807,0,0,4,0,,,,,,,,0.0,0.0,0.0,0.0,59.85831100289364,,,,,72.75721092421858
杭州,2017,1,30.2741,120.1551,31,6.467741935483871,10.761290322580646,2.696774193548387,8.064516129032258,3.7161290322580647,-2.7516129032258063,77.74193548387096,51.4,1.6580645161290322,12,0,13.096774193548388,26.280645161290323,0,0,6.273979569892473,18,10,9.51,0,0,9,1,,,,,,,,0.0,0.0,0.0,0.0,55.75177103904684,,,,,68.8429458640009
杭州,2017,2,30.2741,120.1551,28,6.939285714285715,12.257142857142856,2.2607142857142857,9.99642857142857,3.842857142857143,-3.096428571428571,69.78571428571429,24.7,0.8821428571428571,12,0,15.450000000000001,30.814285714285717,0,1,7.558861408730158,18,5,12.621785714285716,0,0,6,0,,,,,,,,0.0,0.0,0.0,0.0,58.385404877101315,,,,,72.84669489986514
杭州,2017,3,30.2741,120.1551,31,10.574193548387097,14.741935483870968,6.596774193548387,8.14516129032258,8.216129032258063,-2.3580645161290326,73.06451612903226,118.4,3.8193548387096774,18,0,16.441935483870967,31.6,1,1,5.907200358422939,14,11,12.491935483870968,0,0,0,0,,,,,,,,0.0,0.0,0.0,0.0,63.436461095865376,,,,,
杭州,2017,4,30.2741,120.1551,30,17.663333333333334,22.996666666666666,12.770000000000001,10.226666666666667,17.276666666666664,-0.38666666666666677,71.4,159.2,5.306666666666667,14,3,15.713333333333333,31.476666666666667,0,1,8.877575648148147,21,5,18.853666666666665,0,0,0,0,,,,,,,,0.0,0.0,0.0,0.0,78.64260721134707,,,,,
杭州,2017,5,30.2741,120.1551,31,21.91290322580645,26.58709677419355,17.370967741935484,9.216129032258063,23.5258064516129,1.6129032258064515,76.70967741935483,130.4,4.206451612903226,19,1,14.87741935483871,30.387096774193548,0,0,9.591515770609318,21,4,20.344516129032257,4,0,0,0,,,,,,,,0.0,0.0,0.0,0.0,82.20186026187078,,,,,
杭州,2017,6,30.2741,120.1551,30,23.63,26.84333333333333,20.790000000000003,6.053333333333333,26.67,3.04,83.46666666666667,485.3,16.176666666666666,25,6,14.756666666666666,31.176666666666666,0,2,6.543760185185184,15,10,14.386333333333335,2,0,0,0,,,,,,,,0.0,0.0,0.0,0.0,77.94813931711036,,,,54.966319005472364,
杭州,2017,7,30.2741,120.1551,31,30.458064516129035,34.696774193548386,26.661290322580644,8.035483870967742,36.11612903225806,5.658064516129033,73.58064516129032,88.7,2.861290322580645,19,0,13.980645161290322,31.27741935483871,0,2,10.866513261648745,26,0,20.98225806451613,31,17,0,0,,,,,,,,0.0,0.0,0.0,0.0,66.1539073052092,,,,33.34574377167759,
杭州,2017,8,30.2741,120.1551,31,29.37741935483871,33.27096774193548,26.32903225806452,6.941935483870967,34.97096774193548,5.593548387096774,77.61290322580645,189.8,6.122580645161291,26,1,14.36774193548387,32.832258064516125,0,3,8.829743369175628,22,4,16.609354838709677,28,8,0,0,,,,,,,,0.0,0.0,0.0,0.0,67.52805644179479,,,,34.530996280857465,
杭州,2017,9,30.2741,120.1551,30,24.243333333333332,27.65666666666667,21.326666666666664,6.33,27.316666666666666,3.073333333333333,81.9,148.4,4.946666666666667,24,1,14.91,29.95,0,0,5.171907407407407,9,13,10.746666666666666,8,0,0,0,,,,,,,,0.0,0.0,0.0,0.0,77.72529414538653,,,,,
杭州,2017,10,30.2741,120.1551,31,18.287096774193547,21.72258064516129,15.390322580645162,6.33225806451613,18.299999999999997,0.012903225806451797,78.41935483870968,47.5,1.532258064516129,14,0,16.580645161290324,32.14193548387097,0,0,5.588468906810037,13,13,9.805806451612904,2,0,0,0,,,,,,,,0.0,0.0,0.0,0.0,76.79682131780294,,,,,
杭州,2017,11,30.2741,120.1551,30,13.006666666666666,17.16,9.363333333333333,7.796666666666667,11.603333333333333,-1.403333333333333,76.46666666666667,91.8,3.06,15,1,13.576666666666666,26.13,0,1,5.730982222222222,13,11,8.853666666666667,0,0,0,0,,,,,,,,0.0,0.0,0.0,0.0,69.18970533290833,,,,,
杭州,2017,12,30.2741,120.1551,31,6.103225806451612,10.67741935483871,1.9258064516129034,8.751612903225807,3.096774193548387,-3.0064516129032257,72.0,39.6,1.2774193548387098,8,0,13.238709677419354,25.461290322580645,0,0,6.665866397849462,16,7,8.861612903225806,0,0,10,0,,,,,,,,0.0,0.0,0.0,0.0,56.6379829895525,,,,,70.12564908604456
杭州,2018,1,30.2741,120.1551,31,3.5258064516129033,7.164516129032258,-0.1258064516129032,7.290322580645161,0.1451612903225806,-3.3806451612903223,78.41935483870968,117.69999999999999,3.7967741935483867,18,0,14.364516129032259,27.270967741935483,0,0,4.152263978494624,12,18,6.978064516129032,0,0,15,4,,,,,,,,0.0,0.0,0.0,0.0,50.97005971260114,,,,,61.45745692711487
杭州,2018,2,30.2741,120.1551,28,4.928571428571429,9.87142857142857,0.31428571428571433,9.557142857142859,1.8035714285714286,-3.125,72.85714285714286,39.9,1.425,12,0,14.096428571428572,27.689285714285717,0,1,6.052066765873016,16,11,11.108214285714284,0,0,13,4,,,,,,,,0.0,0.0,0.0,0.0,54.26339687396171,,,,,65.36440645987359
杭州,2018,3,30.2741,120.1551,31,12.470967741935485,18.177419354838708,7.674193548387097,10.503225806451614,10.98709677419355,-1.4838709677419355,78.61290322580645,61.0,1.967741935483871,16,0,15.341935483870968,29.980645161290322,0,1,6.396541666666667,15,10,12.715806451612902,0,0,1,0,,,,,,,,0.0,0.0,0.0,0.0,66.71853746913831,,,,,
杭州,2018,4,30.2741,120.1551,30,17.64,22.85,12.463333333333333,10.386666666666667,17.529999999999998,-0.11000000000000029,74.83333333333333,143.0,4.766666666666667,15,1,15.646666666666667,31.413333333333334,0,1,7.928995925925927,20,6,16.185333333333332,0,0,0,0,,,,,,,,0.0,0.0,0.0,0.0,77.60388864458407,,,,,
杭州,2018,5,30.2741,120.1551,31,22.896774193548385,27.212903225806453,18.990322580645163,8.22258064516129,25.32903225806452,2.43225806451613,79.61290322580645,150.5,4.854838709677419,21,1,14.041935483870969,31.161290322580644,0,1,6.430143458781362,14,10,14.796774193548387,6,1,0,0,,,,,,,,0.0,0.0,0.0,0.0,79.3524927805136,,,,,
杭州,2018,6,30.2741,120.1551,30,24.61,28.59333333333333,20.87,7.723333333333334,28.083333333333332,3.4733333333333336,81.33333333333333,124.6,4.153333333333333,19,2,13.276666666666667,27.676666666666666,0,0,7.992713333333333,18,9,17.365333333333336,11,1,0,0,,,,,,,,0.0,0.0,0.0,0.0,76.53714373893523,,,,51.01178133140841,
杭州,2018,7,30.2741,120.1551,31,29.006451612903227,33.13870967741936,25.700000000000003,7.438709677419355,34.76774193548387,5.761290322580645,80.51612903225806,143.2,4.619354838709677,22,1,15.05483870967742,31.567741935483873,0,1,10.507732795698924,24,0,20.52548387096774,29,5,0,0,,,,,,,,0.0,0.0,0.0,0.0,66.6204022199834,,,,35.05019125224769,
杭州,2018,8,30.2741,120.1551,31,28.274193548387096,31.75483870967742,25.374193548387098,6.380645161290323,33.57419354838709,5.300000000000001,82.54838709677419,298.6,9.63225806451613,25,4,16.861290322580647,34.08387096774193,1,2,9.679301254480286,24,3,18.29741935483871,27,0,0,0,,,,,,,,0.0,0.0,0.0,0.0,67.12743856582463,,,,36.79869247165262,
杭州,2018,9,30.2741,120.1551,30,24.696666666666665,28.146666666666665,21.64,6.506666666666666,28.259999999999998,3.5633333333333335,81.0,109.39999999999999,3.6466666666666665,21,0,13.383333333333333,27.333333333333332,0,0,7.868398796296296,18,4,14.630333333333333,11,0,0,0,,,,,,,,0.0,0.0,0.0,0.0,77.92993888363233,,,,,
杭州,2018,10,30.2741,120.1551,31,17.58709677419355,22.296774193548387,13.387096774193548,8.90967741935484,17.009677419354837,-0.5774193548387097,70.25806451612904,19.2,0.6193548387096774,12,0,14.364516129032259,28.058064516129033,1,1,7.8927505376344085,20,4,13.268064516129032,0,0,0,0,,,,,,,,0.0,0.0,0.0,0.0,80.75958834844683,,,,,
杭州,2018,11,30.2741,120.1551,30,13.463333333333333,17.35,10.22,7.13,12.573333333333332,-0.8899999999999999,83.76666666666667,115.7,3.856666666666667,16,0,13.2,25.703333333333333,0,0,4.706798888888889,7,10,8.105666666666666,0,0,0,0,,,,,,,,0.0,0.0,0.0,0.0,69.10617842178173,,,,,
杭州,2018,12,30.2741,120.1551,31,7.016129032258065,10.464516129032257,3.7483870967741937,6.716129032258064,4.280645161290322,-2.735483870967742,80.70967741935483,159.6,5.148387096774194,22,0,14.66451612903226,29.41290322580645,0,0,3.9086563620071684,11,18,6.019032258064517,0,0,8,0,,,,,,,,0.0,0.0,0.0,0.0,55.70940538418374,,,,,67.12437053994397
杭州,2019,1,30.2741,120.1551,31,5.258064516129032,8.883870967741935,1.8419354838709678,7.041935483870968,2.3225806451612905,-2.935483870967742,80.58064516129032,83.8,2.703225806451613,17,0,13.048387096774194,25.141935483870967,0,1,4.641269444444444,11,16,7.377741935483871,0,0,8,0,,,,,,,,0.0,0.0,0.0,0.0,51.75537598745243,,,,,66.743596424218
杭州,2019,2,30.2741,120.1551,28,6.1499999999999995,9.353571428571428,3.267857142857143,6.085714285714286,3.367857142857143,-2.782142857142857,84.32142857142857,133.3,4.760714285714286,20,0,14.110714285714286,28.346428571428568,0,0,2.4308428571428573,4,19,6.101785714285714,0,0,0,0,,,,,,,,0.0,0.0,0.0,0.0,51.814956573270024,,,,,67.81853044109776
杭州,2019,3,30.2741,120.1551,31,11.761290322580646,16.538709677419355,7.403225806451613,9.135483870967741,9.922580645161291,-1.8387096774193548,75.96774193548387,103.3,3.332258064516129,18,1,15.651612903225805,30.677419354838708,0,0,6.3527919354838716,14,8,12.978064516129033,0,0,0,0,,,,,,,,0.0,0.0,0.0,0.0,66.28800148871785,,,,,
杭州,2019,4,30.2741,120.1551,30,17.27,22.386666666666667,12.803333333333335,9.583333333333334,17.496666666666666,0.22666666666666668,78.83333333333333,78.0,2.6,16,0,14.183333333333334,28.67666666666667,0,3,6.205531018518518,13,10,14.514666666666667,2,0,0,0,,,,,,,,0.0,0.0,0.0,0.0,76.41879448653236,,,,,
杭州,2019,5,30.2741,120.1551,31,20.77741935483871,25.664516129032258,16.16774193548387,9.496774193548386,21.567741935483873,0.7903225806451613,71.25806451612904,92.89999999999999,2.996774193548387,14,0,15.14516129032258,30.083870967741937,0,1,8.738480555555556,20,3,19.240967741935485,3,0,0,0,,,,,,,,0.0,0.0,0.0,0.0,83.81042038842298,,,,,
杭州,2019,6,30.2741,120.1551,30,24.296666666666667,28.163333333333334,20.813333333333333,7.35,27.526666666666664,3.23,81.13333333333334,215.6,7.1866666666666665,22,2,14.176666666666668,29.653333333333332,1,1,7.715206666666666,17,9,16.821666666666665,10,0,0,0,,,,,,,,0.0,0.0,0.0,0.0,77.688127739677,,,,52.0553405029763,
杭州,2019,7,30.2741,120.1551,31,27.461290322580645,30.838709677419356,24.387096774193548,6.451612903225806,32.564516129032256,5.103225806451612,81.96774193548387,256.5,8.274193548387096,26,3,13.45483870967742,28.219354838709677,0,0,9.083791577060932,21,5,17.44967741935484,17,6,0,0,,,,,,,,0.0,0.0,0.0,0.0,69.82774685911171,,,,41.770583842969735,
杭州,2019,8,30.2741,120.1551,31,28.348387096774193,32.21612903225807,24.903225806451612,7.312903225806451,33.28064516129032,4.9322580645161285,79.25806451612904,232.70000000000002,7.506451612903226,20,3,17.067741935483873,34.54838709677419,2,3,10.329675806451613,26,2,19.649354838709677,26,5,0,0,,,,,,,,0.0,0.0,0.0,0.0,68.46287928058034,,,,38.49307168099484,
杭州,2019,9,30.2741,120.1551,30,23.646666666666665,27.5,20.17,7.33,26.19333333333333,2.546666666666667,79.13333333333334,76.4,2.546666666666667,16,1,14.620000000000001,28.85666666666667,1,2,9.150761851851852,24,6,16.256333333333334,4,0,0,0,,,,,,,,0.0,0.0,0.0,0.0,79.958137174371,,,,,
杭州,2019,10,30.2741,120.1551,31,19.293548387096774,23.519354838709678,15.574193548387097,7.945161290322581,19.80322580645161,0.5096774193548387,75.83870967741936,44.2,1.4258064516129034,9,1,14.025806451612903,28.041935483870965,1,2,7.827397491039426,19,4,12.966451612903224,0,0,0,0,,,,,,,,0.0,0.0,0.0,0.0,81.150341388211,,,,,
杭州,2019,11,30.2741,120.1551,30,13.916666666666666,19.12,9.313333333333333,9.806666666666667,12.25,-1.6666666666666665,70.23333333333333,27.900000000000002,0.93,10,0,14.903333333333334,29.633333333333333,1,3,6.890727685185185,16,7,10.176333333333334,0,0,0,0,,,,,,,,0.0,0.0,0.0,0.0,72.34522868346245,,,,,
杭州,2019,12,30.2741,120.1551,31,8.374193548387098,13.109677419354838,4.154838709677419,8.95483870967742,5.709677419354839,-2.664516129032258,75.29032258064517,92.2,2.9741935483870967,11,1,14.16451612903226,28.19677419354839,0,1,6.051474820788531,17,11,8.42451612903226,0,0,4,0,,,,,,,,0.0,0.0,0.0,0.0,59.081576965519815,,,,,72.75223465200757
杭州,2020,1,30.2741,120.1551,31,6.829032258064516,9.922580645161291,4.0354838709677425,5.887096774193548,4.093548387096774,-2.735483870967742,82.41935483870968,166.1,5.358064516129032,18,1,14.441935483870967,28.725806451612904,0,2,3.3370830645161287,6,18,5.787419354838709,0,0,4,0,,,,,,,,0.0,0.0,0.0,0.0,53.55256424917034,,,,,67.77064003983816
杭州,2020,2,30.2741,120.1551,29,8.931034482758621,13.989655172413793,4.596551724137932,9.39310344827586,6.675862068965517,-2.2551724137931033,78.6896551724138,88.6,3.055172413793103,16,0,14.53103448275862,28.43448275862069,0,1,5.413979980842912,10,11,10.297241379310345,0,0,4,0,,,,,,,,0.0,0.0,0.0,0.0,59.856235812425204,,,,,71.85871913206712
杭州,2020,3,30.2741,120.1551,31,12.654838709677419,17.15806451612903,8.54516129032258,8.612903225806452,11.016129032258064,-1.6387096774193552,76.70967741935483,138.3,4.461290322580646,21,0,15.141935483870967,31.051612903225806,0,1,5.7006236559139785,12,12,11.984193548387097,0,0,0,0,,,,,,,,0.0,0.0,0.0,0.0,67.67264325715549,,,,,
杭州,2020,4,30.2741,120.1551,30,15.463333333333333,20.813333333333333,10.393333333333334,10.419999999999998,14.253333333333334,-1.2100000000000002,68.96666666666667,65.39999999999999,2.1799999999999997,11,1,15.553333333333333,30.936666666666667,0,1,8.815899074074075,21,3,18.482666666666667,1,0,0,0,,,,,,,,0.0,0.0,0.0,0.0,75.35464658447219,,,,,
杭州,2020,5,30.2741,120.1551,31,22.948387096774194,27.519354838709678,18.75483870967742,8.764516129032257,24.76774193548387,1.8193548387096772,75.58064516129032,214.0,6.903225806451613,20,3,16.416129032258066,33.89677419354839,2,3,6.998043189964158,14,9,16.524838709677418,6,0,0,0,,,,,,,,0.0,0.0,0.0,0.0,82.52029693692296,,,,,
杭州,2020,6,30.2741,120.1551,30,25.796666666666667,29.12,22.98,6.14,30.41,4.613333333333333,86.6,622.5,20.75,26,8,13.413333333333332,32.32,0,2,5.671213240740741,10,8,13.552,12,0,0,0,,,,,,,,0.0,0.0,0.0,0.0,72.42137225327306,,,,44.16933491291125,
杭州,2020,7,30.2741,120.1551,31,26.896774193548385,30.229032258064517,24.177419354838708,6.051612903225807,32.23870967741935,5.341935483870968,86.58064516129032,334.6,10.793548387096775,30,4,12.670967741935485,31.370967741935484,0,0,5.402342383512545,10,11,13.606774193548388,16,1,0,0,,,,,,,,0.0,0.0,0.0,0.0,69.99534911480056,,,,40.01582786385304,
杭州,2020,8,30.2741,120.1551,31,30.45483870967742,34.95161290322581,26.52258064516129,8.429032258064517,35.16451612903226,4.709677419354839,69.09677419354838,60.1,1.9387096774193548,14,0,16.519354838709678,33.76451612903226,1,1,10.282609498207885,24,0,20.404838709677417,29,17,0,0,,,,,,,,0.0,0.0,0.0,0.0,68.14392864616957,,,,35.856210866284606,
杭州,2020,9,30.2741,120.1551,30,23.84333333333333,27.496666666666666,20.470000000000002,7.026666666666666,26.046666666666667,2.203333333333333,75.33333333333333,138.1,4.6033333333333335,19,2,13.379999999999999,28.27,0,0,7.262876666666667,17,8,13.942333333333332,10,0,0,0,,,,,,,,0.0,0.0,0.0,0.0,80.55730284064616,,,,,
杭州,2020,10,30.2741,120.1551,31,18.038709677419355,22.038709677419355,14.264516129032257,7.774193548387097,17.893548387096775,-0.1451612903225807,75.16129032258064,30.6,0.9870967741935485,12,0,14.125806451612902,28.177419354838708,0,0,7.260004121863799,14,3,11.884193548387096,0,0,0,0,,,,,,,,0.0,0.0,0.0,0.0,80.834774869216,,,,,
杭州,2020,11,30.2741,120.1551,30,14.386666666666667,18.673333333333336,10.886666666666667,7.786666666666666,12.956666666666667,-1.43,74.23333333333333,40.4,1.3466666666666667,15,0,15.389999999999999,30.186666666666667,0,0,6.425883333333333,16,9,9.708,1,0,0,0,,,,,,,,0.0,0.0,0.0,0.0,72.13230813192902,,,,,
杭州,2020,12,30.2741,120.1551,31,6.0,10.238709677419354,2.329032258064516,7.909677419354838,2.7838709677419353,-3.2161290322580642,71.48387096774194,20.9,0.6741935483870968,12,0,15.009677419354839,29.361290322580643,1,4,6.712979390681004,14,5,8.924193548387096,0,0,8,2,,,,,,,,0.0,0.0,0.0,0.0,57.12084304786444,,,,,69.82685638244492
杭州,2021,1,30.2741,120.1551,31,5.312903225806451,11.02258064516129,0.532258064516129,10.490322580645161,1.8774193548387097,-3.435483870967742,64.70967741935483,19.5,0.6290322580645161,9,0,14.922580645161291,28.95483870967742,0,0,7.239954928315412,19,7,10.608064516129033,0,0,15,5,,,,,,,,0.0,0.0,0.0,0.0,56.46984043361553,,,,,66.70384977257707
杭州,2021,2,30.2741,120.1551,28,10.567857142857141,15.62142857142857,6.553571428571429,9.067857142857143,8.289285714285715,-2.278571428571429,75.0,77.1,2.7535714285714286,12,0,15.110714285714286,29.814285714285713,0,0,6.255740376984127,15,9,11.105714285714285,0,0,1,0,,,,,,,,0.0,0.0,0.0,0.0,63.435149310586766,,,,,75.48326561820308
杭州,2021,3,30.2741,120.1551,31,12.45483870967742,16.68064516129032,8.67741935483871,8.003225806451614,10.929032258064517,-1.525806451612903,79.35483870967742,141.4,4.561290322580645,24,1,15.461290322580645,30.674193548387095,0,0,5.672386200716846,13,11,11.848387096774195,0,0,0,0,,,,,,,,0.0,0.0,0.0,0.0,66.62552992362313,,,,,
杭州,2021,4,30.2741,120.1551,30,16.653333333333332,20.916666666666668,12.870000000000001,8.046666666666667,16.1,-0.5533333333333339,75.66666666666667,61.1,2.0366666666666666,16,0,15.816666666666666,31.34,0,1,6.383606666666666,12,10,14.860000000000001,0,0,0,0,,,,,,,,0.0,0.0,0.0,0.0,76.72864334157296,,,,,
杭州,2021,5,30.2741,120.1551,31,22.97741935483871,27.570967741935487,18.851612903225806,8.719354838709679,24.87741935483871,1.9000000000000001,75.48387096774194,245.7,7.925806451612903,19,3,15.36774193548387,33.16451612903226,0,1,7.492264157706093,16,6,17.259032258064515,8,0,0,0,,,,,,,,0.0,0.0,0.0,0.0,81.47154261653581,,,,,
杭州,2021,6,30.2741,120.1551,30,25.196666666666665,28.863333333333333,21.970000000000002,6.8933333333333335,29.35,4.153333333333333,84.83333333333333,378.1,12.603333333333333,21,7,13.393333333333334,28.156666666666663,0,0,6.876900833333334,12,9,15.92,8,0,0,0,,,,,,,,0.0,0.0,0.0,0.0,74.51122002097118,,,,48.47186302203748,
杭州,2021,7,30.2741,120.1551,31,28.53548387096774,32.07096774193548,25.677419354838708,6.393548387096775,33.63225806451613,5.096774193548386,81.45161290322581,319.8,10.316129032258065,22,5,18.038709677419355,38.961290322580645,2,6,7.994926523297491,20,5,17.419677419354837,24,5,0,0,,,,,,,,0.0,0.0,0.0,0.0,67.34566493928456,,,,36.83920385922822,
杭州,2021,8,30.2741,120.1551,31,27.654838709677417,31.003225806451614,24.990322580645163,6.0129032258064505,33.31612903225806,5.661290322580645,85.16129032258064,358.8,11.574193548387097,27,3,12.69032258064516,27.53548387096774,0,0,8.819937724014336,21,2,17.41548387096774,26,0,0,0,,,,,,,,0.0,0.0,0.0,0.0,68.57579474670949,,,,36.91627174365467,
杭州,2021,9,30.2741,120.1551,30,25.926666666666666,30.029999999999998,22.52,7.510000000000001,29.86,3.933333333333333,81.3,151.7,5.056666666666667,17,2,14.74,29.716666666666665,1,2,9.259607222222222,23,3,16.89,17,0,0,0,,,,,,,,0.0,0.0,0.0,0.0,74.76164387115584,,,,,
杭州,2021,10,30.2741,120.1551,31,19.654838709677417,23.76774193548387,15.929032258064517,7.838709677419355,20.51290322580645,0.8580645161290321,79.38709677419355,114.6,3.696774193548387,16,1,15.780645161290321,30.438709677419357,0,2,6.8480175627240145,15,6,11.686774193548388,6,0,0,0,,,,,,,,0.0,0.0,0.0,0.0,75.58212662528132,,,,,
杭州,2021,11,30.2741,120.1551,30,12.72,17.773333333333333,8.203333333333333,9.57,11.186666666666667,-1.5333333333333334,74.53333333333333,66.1,2.203333333333333,14,0,14.433333333333334,28.026666666666664,1,3,6.690195370370371,13,5,10.340333333333332,0,0,0,0,,,,,,,,0.0,0.0,0.0,0.0,69.82679568881896,,,,,
杭州,2021,12,30.2741,120.1551,31,7.241935483870968,12.741935483870968,2.4935483870967743,10.248387096774193,4.325806451612903,-2.916129032258065,69.12903225806451,10.9,0.35161290322580646,6,0,13.100000000000001,24.432258064516127,0,0,7.706281720430107,20,5,10.171612903225807,0,0,8,0,,,,,,,,0.0,0.0,0.0,0.0,59.70658402078734,,,,,72.60349206455496
杭州,2022,1,30.2741,120.1551,31,5.745161290322581,9.612903225806452,2.2870967741935484,7.325806451612903,2.770967741935484,-2.9741935483870967,78.74193548387096,114.0,3.6774193548387095,18,0,13.73225806451613,25.822580645161292,0,0,3.9251360215053763,8,16,6.898387096774194,0,0,8,0,,,,,,,,0.0,0.0,0.0,0.0,53.52784283389512,,,,,66.87228961368656
杭州,2022,2,30.2741,120.1551,28,4.496428571428572,8.171428571428573,1.2107142857142856,6.960714285714286,1.3035714285714286,-3.192857142857143,80.10714285714286,127.39999999999999,4.55,17,1,14.164285714285715,26.907142857142855,0,0,3.7630765873015872,7,17,8.141428571428571,0,0,6,0,,,,,,,,0.0,0.0,0.0,0.0,50.4611942528869,,,,,65.68848787786256
杭州,2022,3,30.2741,120.1551,31,13.54516129032258,18.774193548387096,8.964516129032257,9.80967741935484,12.245161290322581,-1.2999999999999996,78.6774193548387,211.60000000000002,6.825806451612904,20,3,17.0,31.738709677419354,0,1,6.307845161290323,13,10,12.75,0,0,0,0,,,,,,,,0.0,0.0,0.0,0.0,68.89958156099621,,,,,
杭州,2022,4,30.2741,120.1551,30,16.903333333333332,22.040000000000003,12.023333333333333,10.016666666666667,16.556666666666665,-0.3466666666666667,74.46666666666667,117.5,3.9166666666666665,17,1,15.166666666666666,28.773333333333333,0,1,7.098518425925926,15,9,15.904333333333334,3,0,0,0,,,,,,,,0.0,0.0,0.0,0.0,76.67175515720855,,,,,
杭州,2022,5,30.2741,120.1551,31,19.82903225806452,24.161290322580644,15.919354838709678,8.241935483870968,20.793548387096774,0.9645161290322579,77.7741935483871,131.1,4.229032258064516,21,1,13.580645161290322,25.4741935483871,0,0,6.4821456989247315,16,10,16.330322580645163,0,0,0,0,,,,,,,,0.0,0.0,0.0,0.0,81.66342179645918,,,,,
杭州,2022,6,30.2741,120.1551,30,26.003333333333334,29.71333333333333,22.6,7.113333333333333,30.08,4.076666666666667,81.8,224.79999999999998,7.493333333333333,20,2,15.266666666666667,31.493333333333332,0,2,7.974178148148147,18,7,17.341666666666665,15,0,0,0,,,,,,,,0.0,0.0,0.0,0.0,73.62963957084357,,,,45.92726989740084,
杭州,2022,7,30.2741,120.1551,31,30.68064516129032,35.251612903225805,26.770967741935483,8.480645161290322,36.58064516129032,5.8999999999999995,74.0,93.9,3.0290322580645164,22,0,14.98709677419355,30.88064516129032,0,0,11.130035663082436,28,0,21.858064516129033,31,19,0,0,,,,,,,,0.0,0.0,0.0,0.0,64.92922362682194,,,,32.556936676627586,
杭州,2022,8,30.2741,120.1551,31,31.751612903225805,36.690322580645166,27.593548387096774,9.096774193548388,36.94193548387097,5.1903225806451605,66.0,104.7,3.3774193548387097,20,1,15.390322580645162,30.309677419354838,0,0,10.304207795698924,24,1,20.609032258064516,28,23,0,0,,,,,,,,0.0,0.0,0.0,0.0,65.89021545212233,,,,33.559440313532306,
杭州,2022,9,30.2741,120.1551,30,23.603333333333335,27.396666666666665,20.19333333333333,7.203333333333333,25.709999999999997,2.106666666666667,78.1,94.1,3.1366666666666663,14,0,16.823333333333334,32.24333333333333,2,4,7.9130325,19,6,15.211333333333334,5,0,0,0,,,,,,,,0.0,0.0,0.0,0.0,81.23188965375498,,,,,
杭州,2022,10,30.2741,120.1551,31,18.093548387096774,22.616129032258065,14.064516129032258,8.551612903225806,17.677419354838708,-0.4161290322580643,71.87096774193549,42.5,1.3709677419354838,13,0,15.94516129032258,30.483870967741936,0,1,6.869398745519713,18,9,12.189354838709678,3,2,0,0,,,,,,,,0.0,0.0,0.0,0.0,77.02060355504864,,,,,
杭州,2022,11,30.2741,120.1551,30,15.503333333333334,19.87333333333333,11.72,8.153333333333332,14.993333333333334,-0.5100000000000001,81.23333333333333,96.7,3.2233333333333336,20,0,14.526666666666667,27.683333333333334,0,1,5.140296203703703,11,11,8.394333333333334,0,0,0,0,,,,,,,,0.0,0.0,0.0,0.0,73.5681967194674,,,,,
杭州,2022,12,30.2741,120.1551,31,4.84516129032258,8.661290322580646,1.2,7.461290322580646,1.461290322580645,-3.383870967741936,72.0,66.1,2.1322580645161286,16,0,15.125806451612902,28.44516129032258,1,1,5.641197043010752,15,12,8.111612903225806,0,0,12,1,,,,,,,,0.0,0.0,0.0,0.0,53.80910699377536,,,,,66.66136685575343
杭州,2023,1,30.2741,120.1551,31,5.65483870967742,10.94516129032258,0.970967741935484,9.974193548387097,2.5548387096774197,-3.1,72.0,64.6,2.083870967741935,9,1,14.587096774193547,28.0,0,1,7.099010931899642,19,6,10.39806451612903,0,0,14,2,61.663037634408596,90.94489247311827,1750.125,61.93830645161291,58.784408602150535,19.065860215053764,2.4663978494623655,5.0,9.0,2.0,0.0,56.463743615087786,86.54670879488144,65.48863316902587,13.45329120511856,,72.31147513957029
杭州,2023,2,30.2741,120.1551,28,7.4071428571428575,11.778571428571428,3.603571428571428,8.174999999999999,4.535714285714286,-2.871428571428571,76.92857142857143,79.19999999999999,2.8285714285714283,16,0,15.353571428571428,29.292857142857144,0,0,5.377506150793651,12,11,10.422857142857142,0,0,4,0,43.67485119047619,65.15416666666667,1089.983630952381,55.614285714285714,46.36220238095238,20.909226190476186,0.37351190476190477,12.0,2.0,0.0,0.0,56.548184145266234,89.68619341364742,66.48958692578059,10.313806586352584,,75.54207272762086
杭州,2023,3,30.2741,120.1551,31,12.72258064516129,18.067741935483873,8.167741935483871,9.899999999999999,10.741935483870968,-1.9806451612903222,69.80645161290323,82.0,2.6451612903225805,13,1,15.293548387096775,29.13225806451613,0,1,6.038103225806451,15,12,13.137096774193548,0,0,0,0,53.72768817204301,79.6608870967742,937.991935483871,56.10322580645161,57.1141129032258,29.817204301075268,3.39247311827957,5.0,6.0,2.0,0.0,68.83608915160582,88.02690020210929,74.59333246675685,11.973099797890702,,
杭州,2023,4,30.2741,120.1551,30,17.14333333333333,22.12,12.516666666666667,9.603333333333333,16.62666666666667,-0.5166666666666666,73.7,102.4,3.4133333333333336,16,1,16.52,31.166666666666668,0,0,6.971534629629629,15,8,15.343,1,0,0,0,45.65847222222222,67.55069444444445,597.0166666666667,44.00555555555556,42.97486111111111,44.044444444444444,4.579166666666667,9.0,0.0,3.0,0.0,77.36673402408238,89.43753210494899,80.98797344834234,10.56246789505101,,
杭州,2023,5,30.2741,120.1551,31,21.719354838709677,26.4741935483871,17.225806451612904,9.248387096774193,23.154838709677417,1.435483870967742,74.90322580645162,124.0,4.0,18,1,14.86774193548387,28.822580645161292,0,1,7.189133064516129,15,6,17.062580645161294,8,0,0,0,44.68817204301075,64.84381720430108,641.1760752688172,46.9135752688172,46.546505376344086,48.104838709677416,1.3508064516129032,8.0,0.0,1.0,0.0,80.91586447772946,89.12358104874725,83.37817944903479,10.87641895125275,,
杭州,2023,6,30.2741,120.1551,30,25.726666666666667,29.86,22.32,7.54,29.720000000000002,3.993333333333333,81.06666666666666,300.6,10.020000000000001,24,3,13.756666666666666,27.873333333333335,0,0,6.500230648148148,13,6,15.825333333333333,18,0,0,0,59.462916666666665,85.75361111111111,845.75,60.636944444444445,41.833888888888886,45.790277777777774,1.125,8.0,8.0,0.0,1.0,75.43225233674913,86.73360502744816,78.82265814395883,13.266394972551836,44.880802457920346,
杭州,2023,7,30.2741,120.1551,31,29.051612903225806,32.94838709677419,26.02258064516129,6.925806451612902,34.81290322580645,5.761290322580645,81.09677419354838,229.4,7.4,26,3,15.574193548387097,32.751612903225805,0,2,8.135118458781362,15,3,17.77258064516129,28,9,0,0,38.334946236559134,55.84986559139785,519.0954301075269,36.18723118279569,21.94489247311828,85.34139784946237,0.20026881720430106,15.0,1.0,0.0,8.0,67.3502027934873,89.10658242116926,73.87711668179189,10.893417578830734,33.838870115965555,
杭州,2023,8,30.2741,120.1551,31,27.5,31.52258064516129,24.103225806451615,7.419354838709678,32.8,5.300000000000001,83.03225806451613,228.4,7.367741935483871,26,3,14.009677419354839,28.203225806451613,0,0,9.838590501792115,25,3,19.14483870967742,27,2,0,0,46.14206989247312,69.32177419354838,689.5739247311828,43.88306451612903,27.479973118279567,81.08870967741936,2.272849462365591,9.0,1.0,3.0,4.0,69.28463044246989,87.74065068225823,74.8214365144064,12.259349317741757,38.381598176588035,
杭州,2023,9,30.2741,120.1551,30,25.246666666666666,29.043333333333333,21.953333333333333,7.09,29.34333333333333,4.096666666666667,84.63333333333334,135.6,4.52,23,2,12.7,24.026666666666664,0,0,7.263864074074075,16,8,14.432666666666668,13,0,0,0,46.961666666666666,69.61444444444444,823.6541666666667,50.33611111111111,31.75625,50.02638888888888,0.24444444444444444,11.0,4.0,0.0,3.0,75.11106359843957,88.6543389106135,79.17404619209175,11.345661089386498,,
杭州,2023,10,30.2741,120.1551,31,19.312903225806455,24.248387096774195,14.706451612903225,9.541935483870969,19.770967741935483,0.4580645161290326,75.51612903225806,14.6,0.47096774193548385,12,0,13.009677419354839,24.03548387096774,0,0,7.88441729390681,20,5,13.075806451612904,0,0,0,0,46.895161290322584,72.29690860215052,882.9435483870968,54.174193548387095,34.78333333333333,27.487903225806452,2.4247311827956985,10.0,3.0,1.0,0.0,83.72076405902781,89.42444636903434,85.43186875202979,10.575553630965654,,
杭州,2023,11,30.2741,120.1551,30,13.183333333333334,19.116666666666667,7.776666666666667,11.34,11.356666666666666,-1.8266666666666669,69.43333333333334,48.3,1.6099999999999999,8,0,14.926666666666668,27.876666666666665,0,1,7.996039814814815,19,4,11.836666666666668,1,0,0,0,43.56791666666666,64.63083333333333,828.9069444444444,44.245555555555555,37.55638888888889,20.958333333333332,2.1402777777777775,10.0,0.0,2.0,0.0,70.54354314081736,90.66863395845787,76.58107038610952,9.331366041542129,,
杭州,2023,12,30.2741,120.1551,31,6.296774193548386,11.87741935483871,1.9129032258064518,9.964516129032257,3.109677419354839,-3.1870967741935483,68.3225806451613,30.000000000000004,0.9677419354838711,8,0,15.074193548387097,28.103225806451615,0,1,7.423681003584229,20,5,9.604516129032259,0,0,10,3,66.76142473118279,97.46532258064516,1367.2836021505375,48.69825268817204,60.229032258064514,15.586021505376342,0.6868279569892473,7.0,12.0,0.0,0.0,58.62000892443516,87.15245034276118,67.17974134993297,12.847549657238815,,74.19710501148369
杭州,2024,1,30.2741,120.1551,31,5.803225806451613,11.62258064516129,0.7580645161290323,10.864516129032259,2.564516129032258,-3.238709677419355,71.25806451612904,45.1,1.4548387096774194,13,0,14.425806451612903,27.019354838709678,0,0,7.354320161290323,23,7,10.492258064516129,0,0,12,1,64.30551075268816,94.54623655913979,1217.2190860215053,46.582258064516125,54.84086021505376,19.059139784946236,0.7365591397849462,8.0,13.0,0.0,0.0,56.07719272751799,87.59808879316816,65.53346154721304,12.401911206831848,,73.62791417831468
杭州,2024,2,30.2741,120.1551,29,6.437931034482758,10.775862068965518,2.393103448275862,8.382758620689655,3.393103448275862,-3.0448275862068965,78.96551724137932,160.9,5.548275862068966,21,0,16.417241379310347,30.73448275862069,1,1,4.724995593869732,12,15,8.912068965517241,0,0,7,0,39.80100574712643,59.9191091954023,821.6063218390805,40.72270114942528,31.405747126436783,26.08045977011494,1.8204022988505746,13.0,3.0,1.0,0.0,54.136864634733726,91.1318489721998,65.23535993597355,8.868151027800193,,73.46163313728056
杭州,2024,3,30.2741,120.1551,31,12.5,18.532258064516128,7.148387096774194,11.383870967741935,10.903225806451612,-1.596774193548387,74.80645161290323,71.1,2.293548387096774,16,1,16.029032258064515,30.5258064516129,0,1,7.472188261648745,15,7,14.434193548387096,0,0,2,0,50.979838709677416,78.69556451612904,947.6854838709677,43.704301075268816,35.629704301075265,31.745967741935484,7.057795698924731,7.0,1.0,6.0,0.0,68.36510534268942,89.18409417631439,74.61080199277691,10.815905823685615,,
杭州,2024,4,30.2741,120.1551,30,17.89,22.40666666666667,14.266666666666667,8.139999999999999,18.366666666666667,0.47666666666666707,82.4,260.2,8.673333333333334,27,1,15.08,28.05,0,0,4.640353703703704,8,13,12.821333333333333,0,0,0,0,39.91486111111111,60.60319444444444,704.9319444444444,44.97847222222222,25.954166666666666,39.86666666666667,4.695833333333334,13.0,0.0,4.0,0.0,78.07447867481424,90.42118084833471,81.77848932687039,9.57881915166528,,
杭州,2024,5,30.2741,120.1551,31,20.85483870967742,26.083870967741937,15.951612903225806,10.13225806451613,22.135483870967743,1.280645161290323,76.3225806451613,124.5,4.016129032258065,16,1,14.816129032258065,28.06451612903226,0,1,8.386723566308245,20,4,19.02,5,0,0,0,50.60712365591397,75.21209677419354,620.2513440860215,41.19865591397849,23.179301075268814,63.689516129032256,3.172043010752688,8.0,3.0,2.0,2.0,81.810762691032,88.35689282277423,83.77460173055468,11.64310717722577,,
杭州,2024,6,30.2741,120.1551,30,24.163333333333334,27.616666666666667,20.933333333333334,6.683333333333334,27.816666666666666,3.6533333333333338,84.3,433.09999999999997,14.436666666666666,24,7,13.103333333333333,25.916666666666668,0,0,5.1521354629629625,13,14,13.719666666666667,8,0,0,0,43.55166666666666,63.68541666666667,540.2208333333333,42.056805555555556,23.17722222222222,70.82916666666667,1.7458333333333333,11.0,1.0,0.0,3.0,75.99625150511832,88.8719830800967,79.85897097761183,11.128016919903303,50.25379558301494,
杭州,2024,7,30.2741,120.1551,31,31.138709677419353,35.68387096774194,27.07741935483871,8.606451612903227,36.31612903225806,5.17741935483871,70.58064516129032,61.4,1.9806451612903226,14,0,18.18064516129032,35.541935483870965,1,3,9.346855017921147,23,5,20.047096774193548,30,21,0,0,30.462365591397848,44.68938172043011,443.7755376344086,31.889112903225808,18.617069892473115,86.04166666666666,0.008064516129032254,20.0,0.0,0.0,4.0,65.1885479897613,90.32113576555216,72.72832432249855,9.67886423444784,32.72957542035314,
杭州,2024,8,30.2741,120.1551,31,31.54516129032258,37.093548387096774,27.15806451612903,9.935483870967742,36.95161290322581,5.4064516129032265,67.61290322580645,154.4,4.980645161290322,22,2,14.64516129032258,30.093548387096774,0,1,11.225158960573477,30,0,21.4,31,22,0,0,50.40470430107527,73.57876344086021,583.002688172043,35.03736559139785,21.95215053763441,106.2486559139785,0.2782258064516129,6.0,2.0,0.0,20.0,65.12501617012362,86.6881571140141,71.59395845329075,13.31184288598591,32.832033344853286,
杭州,2024,9,30.2741,120.1551,30,27.046666666666667,30.939999999999998,23.833333333333332,7.1066666666666665,31.206666666666667,4.16,79.26666666666667,131.5,4.383333333333334,24,1,16.56,31.470000000000002,0,1,8.696147777777778,20,4,15.888,17,6,0,0,36.00611111111111,55.34444444444444,574.001388888889,35.68416666666667,23.545416666666664,55.14444444444444,0.2486111111111111,15.0,0.0,0.0,3.0,72.46879748761646,90.76187609389815,77.95672106950096,9.238123906101844,,
杭州,2024,10,30.2741,120.1551,31,19.003225806451614,22.79032258064516,15.535483870967743,7.254838709677419,19.312903225806455,0.3096774193548385,79.80645161290323,73.4,2.3677419354838714,19,0,17.251612903225805,32.00967741935484,0,0,5.62353664874552,13,11,10.711935483870967,1,0,0,0,32.851209677419355,51.09045698924731,681.0940860215054,48.22137096774193,25.213978494623657,28.098118279569892,1.603494623655914,20.0,1.0,0.0,0.0,79.49480657988572,91.67827392882684,83.14984678456806,8.321726071173156,,
杭州,2024,11,30.2741,120.1551,30,14.283333333333333,18.52,10.67,7.85,13.21,-1.0733333333333333,75.96666666666667,101.8,3.393333333333333,11,1,14.453333333333335,30.076666666666664,1,1,6.701504444444444,15,7,10.21,0,0,0,0,44.658611111111114,54.985833333333325,888.2597222222223,48.74125,43.48986111111112,23.89861111111111,2.6027777777777774,11.0,3.0,2.0,0.0,72.03698097342205,90.15388668795231,77.47205268778112,9.846113312047692,,
杭州,2024,12,30.2741,120.1551,31,6.745161290322581,11.235483870967743,2.967741935483871,8.26774193548387,3.97741935483871,-2.767741935483871,70.41935483870968,21.4,0.6903225806451613,8,0,10.951612903225806,25.177419354838708,0,0,6.984230107526882,19,6,9.494516129032258,0,0,8,0,91.97352150537635,94.67016129032258,1289.7405913978496,54.421370967741936,77.74247311827958,20.362903225806452,1.9260752688172045,0.0,24.0,0.0,0.0,58.61583011988304,83.98981983198078,66.22802703351236,16.010180168019215,,75.2026883235538
杭州,2025,1,30.2741,120.1551,31,6.890322580645161,12.7,1.5193548387096774,11.180645161290323,3.6258064516129034,-3.264516129032258,55.61290322580645,10.8,0.34838709677419355,4,0,12.174193548387098,28.141935483870967,0,0,8.047103046594982,23,4,11.615483870967742,0,0,10,0,104.31774193548387,107.25779569892474,1393.840053763441,55.80443548387097,87.49798387096774,24.946236559139788,2.1182795698924735,2.0,23.0,0.0,0.0,58.87639581560344,82.07585820449766,65.8362345322717,17.924141795502333,,74.9388797648941
杭州,2025,2,30.2741,120.1551,28,6.6499999999999995,11.25357142857143,2.625,8.628571428571428,3.689285714285714,-2.960714285714286,67.60714285714286,53.3,1.9035714285714285,16,0,13.082142857142857,30.567857142857143,0,1,6.010412599206349,13,9,11.13892857142857,0,0,6,1,77.73318452380953,82.57544642857144,954.5535714285714,43.47008928571428,55.43035714285714,34.117559523809526,6.566964285714286,3.0,14.0,8.0,0.0,57.33943057745598,86.09147337229126,65.96504341590656,13.908526627708737,,74.76658220498715
杭州,2025,3,30.2741,120.1551,31,12.86774193548387,18.287096774193547,7.716129032258064,10.570967741935485,10.76774193548387,-2.0999999999999996,65.6774193548387,75.2,2.425806451612903,14,0,15.061290322580644,36.25483870967742,0,5,6.728542025089606,16,10,13.819032258064516,5,1,0,0,58.751612903225805,69.23198924731183,788.3104838709677,46.96666666666667,39.80524193548387,46.75806451612903,17.387096774193548,5.0,9.0,16.0,0.0,67.48507662816476,87.70966301482322,73.5524525441623,12.290336985176772,,
杭州,2025,4,30.2741,120.1551,30,20.60666666666667,26.993333333333332,14.283333333333333,12.71,19.773333333333333,-0.8333333333333334,53.8,65.4,2.18,14,0,15.033333333333333,36.483333333333334,1,3,8.880862407407408,21,4,18.779999999999998,9,0,0,0,60.7425,73.87472222222223,645.9930555555555,48.14958333333333,35.392916666666665,69.38611111111112,23.220833333333335,5.0,8.0,23.0,2.0,82.574629466926,86.49178415364503,83.7497758729417,13.50821584635498,,
杭州,2025,5,30.2741,120.1551,31,23.24516129032258,28.603225806451615,18.567741935483873,10.035483870967742,24.335483870967742,1.0903225806451617,66.38709677419355,184.2,5.941935483870967,16,2,15.196774193548388,36.038709677419355,0,1,8.514930286738352,20,6,19.04064516129032,11,1,0,0,48.7997311827957,56.44771505376344,583.0067204301075,42.516532258064515,30.9502688172043,83.11290322580645,13.767473118279568,8.0,1.0,13.0,3.0,83.37946781951193,87.63390435192744,84.65579877923658,12.366095648072568,,
杭州,2025,6,30.2741,120.1551,30,25.903333333333332,30.13,22.28666666666667,7.843333333333334,30.25,4.346666666666667,81.8,366.1,12.203333333333335,25,5,12.270000000000001,29.64333333333333,0,0,6.61327,13,9,16.058,16,2,0,0,44.44166666666667,47.71333333333334,770.0444444444444,49.428888888888885,37.598055555555554,69.15416666666667,5.975,12.0,2.0,6.0,5.0,73.5163752193851,88.22322566327378,77.9284303525517,11.776774336726216,44.601746093894285,
杭州,2025,7,30.2741,120.1551,31,29.296774193548387,33.74516129032258,25.716129032258067,8.029032258064515,34.1741935483871,4.87741935483871,76.09677419354838,273.1,8.80967741935484,25,2,16.45806451612903,39.667741935483875,0,6,10.103757078853047,24,3,20.063548387096777,28,10,0,0,30.456451612903226,31.53870967741935,388.26747311827955,31.85309139784946,25.958870967741937,70.07795698924731,0.43145161290322576,24.0,1.0,0.0,6.0,66.94957778847322,91.19534250852216,74.2233072044879,8.804657491477846,36.62134623770391,
杭州,2025,8,30.2741,120.1551,31,31.51290322580645,37.21612903225807,27.08709677419355,10.129032258064516,36.63870967741936,5.1258064516129025,65.87096774193549,66.0,2.129032258064516,22,0,13.83548387096774,34.73225806451613,0,0,11.250623745519713,29,0,21.712580645161292,31,27,0,0,48.79099462365591,49.170967741935485,583.4327956989248,46.20483870967742,31.11935483870968,90.7486559139785,0.13978494623655913,9.0,3.0,0.0,11.0,65.96610248811952,87.18677396561704,72.33230393136877,12.813226034382977,33.764282578030524,
杭州,2025,9,30.2741,120.1551,30,27.813333333333333,32.82,24.456666666666667,8.363333333333333,33.123333333333335,5.3100000000000005,80.43333333333334,233.3,7.776666666666667,27,1,11.74,30.033333333333335,0,0,8.651704907407407,21,3,15.811,26,6,0,0,53.60347222222222,54.31027777777778,699.8208333333333,50.05986111111111,34.591249999999995,65.24583333333334,0.24583333333333332,4.0,2.0,0.0,7.0,70.32103742531955,87.53810847036867,75.48615873883428,12.461891529631329,,
杭州,2025,10,30.2741,120.1551,31,22.635483870967743,26.84193548387097,19.338709677419356,7.5032258064516135,24.425806451612903,1.7903225806451613,74.2258064516129,81.8,2.638709677419355,19,1,13.72258064516129,32.8,0,3,6.498936200716846,13,8,11.833548387096773,14,5,0,0,42.655913978494624,44.296505376344086,624.9986559139785,48.438978494623655,34.77620967741935,42.04838709677419,0.6317204301075269,10.0,3.0,0.0,0.0,75.74838755373474,90.01005327119057,80.0268872689715,9.98994672880942,,
杭州,2025,11,30.2741,120.1551,30,13.196666666666667,18.046666666666667,9.183333333333334,8.863333333333335,11.763333333333332,-1.4333333333333338,70.7,40.5,1.35,10,0,11.576666666666666,26.8,0,1,6.55517537037037,16,8,10.489,0,0,0,0,66.11805555555556,71.18972222222222,1089.3277777777778,55.01263888888889,54.439166666666665,22.195833333333333,6.15,5.0,14.0,8.0,0.0,70.88328348584733,87.25100295048392,75.79359932523829,12.74899704951609,,
杭州,2025,12,30.2741,120.1551,31,9.358064516129033,14.651612903225805,4.590322580645162,10.061290322580644,6.719354838709678,-2.638709677419355,66.03225806451613,18.2,0.5870967741935483,7,0,12.396774193548387,29.032258064516128,0,0,7.287375896057347,19,7,9.83290322580645,0,0,3,0,87.47620967741935,90.02405913978495,1378.9354838709678,58.70927419354839,86.74583333333334,18.998655913978492,1.5981182795698925,2.0,17.0,0.0,0.0,63.73549754127205,84.09859583971684,69.84442703080549,15.901404160283166,,78.79388322376856
桂林,2016,1,25.2736,110.29,31,9.170967741935485,11.94516129032258,6.758064516129032,5.187096774193549,6.95483870967742,-2.2161290322580647,78.09677419354838,141.4,4.561290322580645,23,1,12.229032258064517,30.706451612903226,0,1,3.857036200716846,7,15,6.384193548387096,0,0,1,0,,,,,,,,0.0,0.0,0.0,0.0,60.29029343112271,,,,,72.18688016158761
桂林,2016,2,25.2736,110.29,29,10.417241379310346,15.141379310344828,6.06551724137931,9.075862068965517,8.037931034482758,-2.3793103448275867,67.93103448275862,38.2,1.317241379310345,15,0,13.855172413793104,32.58620689655172,0,2,6.85869224137931,16,7,12.237241379310344,0,0,0,0,,,,,,,,0.0,0.0,0.0,0.0,65.13489428873437,,,,,78.06739607677694
桂林,2016,3,25.2736,110.29,31,15.193548387096774,18.74516129032258,11.874193548387098,6.870967741935484,14.748387096774193,-0.4451612903225804,78.61290322580645,216.2,6.974193548387096,22,3,11.790322580645162,30.74516129032258,0,0,4.549771505376344,8,13,9.908387096774195,0,0,0,0,,,,,,,,0.0,0.0,0.0,0.0,73.35824922392148,,,,,
桂林,2016,4,25.2736,110.29,30,21.053333333333335,24.453333333333333,18.09,6.363333333333333,23.23,2.1766666666666667,85.83333333333333,522.0,17.4,26,5,12.533333333333333,37.78666666666666,0,5,3.885835277777778,6,19,9.428333333333335,1,0,0,0,,,,,,,,0.0,0.0,0.0,0.0,80.42575807230263,,,,,
桂林,2016,5,25.2736,110.29,31,22.92258064516129,26.306451612903224,20.048387096774192,6.258064516129032,26.03548387096774,3.1129032258064515,84.61290322580645,428.0,13.806451612903226,24,7,11.658064516129032,34.18387096774194,0,1,5.563307258064516,11,13,12.656129032258066,2,0,0,0,,,,,,,,0.0,0.0,0.0,0.0,78.21103520326572,,,,,
桂林,2016,6,25.2736,110.29,30,26.33,29.716666666666665,23.61,6.106666666666667,31.209999999999997,4.879999999999999,84.46666666666667,369.2,12.306666666666667,27,5,12.18,31.216666666666665,0,1,8.595358796296296,19,5,15.765333333333333,17,0,0,0,,,,,,,,0.0,0.0,0.0,0.0,71.50836114390954,,,,43.28265968346763,
桂林,2016,7,25.2736,110.29,31,27.58709677419355,30.887096774193548,24.961290322580645,5.925806451612904,33.016129032258064,5.429032258064517,82.90322580645162,162.1,5.229032258064516,22,2,11.458064516129031,32.383870967741935,0,3,8.554407258064517,19,5,16.661290322580644,23,0,0,0,,,,,,,,0.0,0.0,0.0,0.0,69.1369323134494,,,,38.834047012430396,
桂林,2016,8,25.2736,110.29,31,27.638709677419353,31.293548387096774,24.60967741935484,6.683870967741935,32.55161290322581,4.912903225806451,77.83870967741936,108.6,3.5032258064516126,21,1,11.151612903225805,30.432258064516127,0,2,10.116205017921148,27,2,17.98225806451613,25,1,0,0,,,,,,,,0.0,0.0,0.0,0.0,71.40617232443654,,,,40.61101976953327,
桂林,2016,9,25.2736,110.29,30,25.956666666666667,30.163333333333334,22.096666666666668,8.066666666666666,28.473333333333336,2.5166666666666666,68.26666666666667,48.900000000000006,1.6300000000000001,7,0,12.870000000000001,31.416666666666668,0,1,9.585836296296296,25,3,16.800666666666665,20,0,0,0,,,,,,,,0.0,0.0,0.0,0.0,79.47918051208904,,,,,
桂林,2016,10,25.2736,110.29,31,22.79032258064516,27.335483870967742,19.451612903225808,7.883870967741935,23.63225806451613,0.8419354838709683,69.16129032258064,45.7,1.474193548387097,13,0,15.541935483870969,36.07096774193548,0,1,8.280177329749105,21,2,13.18032258064516,6,0,0,0,,,,,,,,0.0,0.0,0.0,0.0,84.10885171030105,,,,,
桂林,2016,11,25.2736,110.29,30,15.713333333333333,19.096666666666668,12.533333333333333,6.5633333333333335,15.453333333333335,-0.26,79.03333333333333,173.6,5.786666666666666,19,1,12.943333333333333,31.35,0,1,5.130082777777777,11,14,8.388666666666667,0,0,0,0,,,,,,,,0.0,0.0,0.0,0.0,72.53208251470434,,,,,
桂林,2016,12,25.2736,110.29,31,12.345161290322581,16.95483870967742,8.51290322580645,8.441935483870967,10.680645161290323,-1.6645161290322579,73.87096774193549,91.2,2.9419354838709677,11,0,11.580645161290322,29.448387096774194,0,1,7.305723924731183,21,7,10.5,0,0,0,0,,,,,,,,0.0,0.0,0.0,0.0,68.50602046210368,,,,,79.04031547222722
桂林,2017,1,25.2736,110.29,31,10.654838709677419,14.329032258064515,7.696774193548387,6.632258064516129,8.025806451612903,-2.629032258064516,75.87096774193549,78.8,2.541935483870968,17,0,17.509677419354837,32.88709677419355,0,0,4.948262365591399,12,13,8.45741935483871,0,0,0,0,,,,,,,,0.0,0.0,0.0,0.0,62.67837201778441,,,,,74.73844520418598
桂林,2017,2,25.2736,110.29,28,11.325000000000001,15.821428571428571,7.925,7.896428571428571,8.982142857142858,-2.342857142857143,72.32142857142857,94.1,3.3607142857142853,17,1,16.892857142857142,33.39642857142857,0,1,5.9186137896825395,13,9,10.547142857142857,0,0,0,0,,,,,,,,0.0,0.0,0.0,0.0,65.66716745404462,,,,,76.63077524949242
桂林,2017,3,25.2736,110.29,31,12.961290322580645,16.25483870967742,10.399999999999999,5.854838709677419,11.406451612903227,-1.5548387096774194,82.48387096774194,415.7,13.40967741935484,28,4,17.5,37.65161290322581,0,3,2.814202688172043,4,21,7.890322580645161,0,0,0,0,,,,,,,,0.0,0.0,0.0,0.0,65.04885278712456,,,,,
桂林,2017,4,25.2736,110.29,30,19.576666666666664,23.613333333333333,16.023333333333333,7.59,20.126666666666665,0.5499999999999997,77.76666666666667,179.8,5.993333333333334,23,1,17.529999999999998,36.193333333333335,0,3,6.318861666666667,11,8,14.030333333333335,0,0,0,0,,,,,,,,0.0,0.0,0.0,0.0,79.85909173057117,,,,,
桂林,2017,5,25.2736,110.29,31,23.13225806451613,27.274193548387096,19.206451612903226,8.067741935483872,25.612903225806452,2.480645161290323,78.3225806451613,339.2,10.941935483870967,19,3,14.13225806451613,29.31935483870968,0,2,8.510839336917563,20,6,17.96225806451613,5,0,0,0,,,,,,,,0.0,0.0,0.0,0.0,81.00478954860172,,,,,
桂林,2017,6,25.2736,110.29,30,24.976666666666667,28.0,22.69,5.3100000000000005,29.256666666666668,4.28,87.53333333333333,680.8,22.69333333333333,28,9,13.796666666666665,34.2,0,0,5.40041824074074,10,9,12.120333333333333,6,0,0,0,,,,,,,,0.0,0.0,0.0,0.0,73.50455627014985,,,,47.81967331532901,
桂林,2017,7,25.2736,110.29,31,27.112903225806452,30.39032258064516,24.42258064516129,5.967741935483872,32.516129032258064,5.403225806451613,84.41935483870968,353.0,11.387096774193548,29,4,12.103225806451613,29.45483870967742,0,0,9.06482517921147,20,3,17.56,20,0,0,0,,,,,,,,0.0,0.0,0.0,0.0,69.55823954426187,,,,40.51418596899868,
桂林,2017,8,25.2736,110.29,31,27.200000000000003,30.561290322580643,24.509677419354837,6.051612903225807,32.564516129032256,5.364516129032259,84.7741935483871,292.8,9.44516129032258,28,4,13.148387096774194,31.570967741935487,0,2,7.836605555555556,19,8,15.43258064516129,19,0,0,0,,,,,,,,0.0,0.0,0.0,0.0,69.29006663467108,,,,40.04617803065949,
桂林,2017,9,25.2736,110.29,30,26.703333333333333,30.316666666666666,23.71333333333333,6.6033333333333335,31.033333333333335,4.33,79.3,83.4,2.7800000000000002,27,0,13.643333333333334,28.27,0,0,9.947299722222223,25,0,16.631333333333334,20,0,0,0,,,,,,,,0.0,0.0,0.0,0.0,73.94741860762971,,,,,
桂林,2017,10,25.2736,110.29,31,21.05806451612903,25.177419354838708,17.758064516129032,7.419354838709677,20.57741935483871,-0.4806451612903225,66.80645161290323,33.4,1.0774193548387097,9,1,20.006451612903227,38.74516129032258,2,5,9.772686469534051,27,2,15.495161290322581,7,0,0,0,,,,,,,,0.0,0.0,0.0,0.0,81.0749979654553,,,,,
桂林,2017,11,25.2736,110.29,30,15.44,18.85666666666667,12.736666666666668,6.12,13.616666666666667,-1.8233333333333335,69.16666666666667,85.4,2.8466666666666667,18,0,17.9,33.63666666666667,0,2,4.648733055555556,7,12,8.274333333333333,0,0,0,0,,,,,,,,0.0,0.0,0.0,0.0,73.49010829455597,,,,,
桂林,2017,12,25.2736,110.29,31,10.654838709677419,14.541935483870969,7.683870967741935,6.858064516129032,7.187096774193549,-3.467741935483871,59.61290322580645,35.4,1.1419354838709677,9,0,18.406451612903226,34.67741935483871,0,1,6.57698835125448,19,9,9.816774193548387,0,0,0,0,,,,,,,,0.0,0.0,0.0,0.0,63.650024010428105,,,,,76.97002475873919
桂林,2018,1,25.2736,110.29,31,6.967741935483871,10.009677419354839,4.5,5.509677419354838,3.5,-3.467741935483871,74.38709677419355,135.3,4.364516129032259,20,1,18.138709677419353,34.26451612903226,0,2,3.741058870967742,8,17,6.434193548387097,0,0,5,0,,,,,,,,0.0,0.0,0.0,0.0,55.74627105346036,,,,,68.30058880138955
桂林,2018,2,25.2736,110.29,28,10.492857142857144,14.785714285714286,7.121428571428572,7.664285714285714,7.796428571428572,-2.6964285714285716,66.5,74.1,2.6464285714285714,15,0,17.267857142857142,34.11071428571429,0,1,4.983610416666666,11,11,9.731071428571427,0,0,1,0,,,,,,,,0.0,0.0,0.0,0.0,63.309667058400635,,,,,74.38841428434118
桂林,2018,3,25.2736,110.29,31,16.177419354838708,20.72258064516129,12.112903225806452,8.609677419354838,15.82258064516129,-0.35483870967741893,79.35483870967742,283.7,9.151612903225805,22,2,16.177419354838708,36.71290322580645,0,7,6.3012679211469536,13,8,12.279354838709676,0,0,0,0,,,,,,,,0.0,0.0,0.0,0.0,74.50017831483194,,,,,
桂林,2018,4,25.2736,110.29,30,19.80666666666667,23.986666666666668,16.063333333333333,7.923333333333333,20.61,0.8033333333333329,78.3,162.5,5.416666666666667,22,0,16.403333333333332,34.013333333333335,1,3,5.823902685185185,11,11,13.147666666666668,0,0,0,0,,,,,,,,0.0,0.0,0.0,0.0,79.96255583597578,,,,,
桂林,2018,5,25.2736,110.29,31,24.53548387096774,27.809677419354838,21.664516129032258,6.145161290322581,27.887096774193548,3.351612903225807,83.51612903225806,292.2,9.425806451612903,30,1,16.612903225806452,38.08709677419355,0,5,7.34417688172043,17,10,14.41483870967742,7,0,0,0,,,,,,,,0.0,0.0,0.0,0.0,75.81364790011216,,,,,
桂林,2018,6,25.2736,110.29,30,25.753333333333334,29.413333333333334,22.65,6.763333333333334,29.58,3.8266666666666667,81.0,195.0,6.5,27,3,15.46,32.766666666666666,0,0,9.45864287037037,22,4,18.184,17,0,0,0,,,,,,,,0.0,0.0,0.0,0.0,74.40644175114377,,,,47.05223641947027,
桂林,2018,7,25.2736,110.29,31,27.74516129032258,31.299999999999997,24.641935483870967,6.658064516129032,33.619354838709675,5.8741935483870975,84.0,209.79999999999998,6.767741935483871,29,1,11.509677419354839,28.532258064516128,0,0,9.983171863799283,24,2,19.192903225806454,28,0,0,0,,,,,,,,0.0,0.0,0.0,0.0,68.48571513403503,,,,36.729166250112876,
桂林,2018,8,25.2736,110.29,31,27.816129032258065,31.30322580645161,24.761290322580646,6.541935483870968,32.8,4.983870967741935,79.64516129032258,164.7,5.312903225806451,26,0,13.106451612903227,29.83225806451613,0,0,9.702093369175627,25,1,18.64741935483871,25,0,0,0,,,,,,,,0.0,0.0,0.0,0.0,70.87598157630394,,,,39.54419575451922,
桂林,2018,9,25.2736,110.29,30,25.35,29.066666666666666,22.23,6.836666666666667,28.34333333333333,2.9933333333333336,76.4,144.3,4.8100000000000005,22,1,17.08,33.55,2,2,9.330361296296298,24,2,17.076666666666664,12,0,0,0,,,,,,,,0.0,0.0,0.0,0.0,77.53561926674645,,,,,
桂林,2018,10,25.2736,110.29,31,18.996774193548386,22.638709677419353,16.1,6.538709677419354,18.345161290322583,-0.6516129032258065,69.35483870967742,135.70000000000002,4.37741935483871,16,1,16.161290322580644,31.72258064516129,0,0,6.516318727598566,16,10,12.703225806451613,0,0,0,0,,,,,,,,0.0,0.0,0.0,0.0,81.8555555177604,,,,,
桂林,2018,11,25.2736,110.29,30,14.823333333333332,18.94333333333333,11.51,7.433333333333334,13.616666666666667,-1.2066666666666663,78.3,204.9,6.83,17,2,15.496666666666666,30.396666666666665,0,0,6.353336388888889,15,10,10.614,0,0,0,0,,,,,,,,0.0,0.0,0.0,0.0,71.51422344535801,,,,,
桂林,2018,12,25.2736,110.29,31,8.558064516129033,11.54516129032258,6.364516129032258,5.180645161290323,5.425806451612903,-3.1322580645161286,79.16129032258064,162.5,5.241935483870968,24,1,19.393548387096775,36.28709677419355,0,3,2.6995138888888888,5,22,6.041935483870968,0,0,3,0,,,,,,,,0.0,0.0,0.0,0.0,57.75615631342479,,,,,69.08085231938817
桂林,2019,1,25.2736,110.29,31,7.467741935483871,11.270967741935483,4.54516129032258,6.725806451612903,4.367741935483871,-3.0999999999999996,79.6774193548387,100.6,3.2451612903225806,24,0,16.887096774193548,31.664516129032258,0,1,3.4887210573476706,7,19,7.295806451612902,0,0,2,0,,,,,,,,0.0,0.0,0.0,0.0,55.65878566600949,,,,,69.53681368167723
桂林,2019,2,25.2736,110.29,28,7.860714285714286,11.917857142857143,4.835714285714286,7.082142857142857,4.853571428571429,-3.007142857142857,84.07142857142857,214.7,7.667857142857143,26,2,20.34642857142857,38.28928571428571,0,2,2.597643253968254,5,18,7.5875,0,0,0,0,,,,,,,,0.0,0.0,0.0,0.0,54.47457367709336,,,,,68.18699619809556
桂林,2019,3,25.2736,110.29,31,14.754838709677419,19.09032258064516,11.45483870967742,7.635483870967742,13.816129032258065,-0.9387096774193547,81.83870967741936,318.0,10.258064516129032,29,1,17.11935483870968,34.33548387096774,1,3,4.513735842293906,7,14,10.596129032258066,0,0,0,0,,,,,,,,0.0,0.0,0.0,0.0,70.04947203079772,,,,,
桂林,2019,4,25.2736,110.29,30,19.926666666666666,24.3,16.49,7.81,21.486666666666668,1.5599999999999996,85.6,499.9,16.663333333333334,28,6,16.28666666666667,36.81666666666667,0,3,4.763328055555556,9,12,12.115333333333332,1,0,0,0,,,,,,,,0.0,0.0,0.0,0.0,76.0597503636257,,,,,
桂林,2019,5,25.2736,110.29,31,22.787096774193547,26.62258064516129,19.62258064516129,7.0,25.35483870967742,2.5677419354838706,81.96774193548387,302.9,9.770967741935483,27,3,14.483870967741936,31.690322580645162,0,0,7.227231630824373,11,5,15.48483870967742,4,0,0,0,,,,,,,,0.0,0.0,0.0,0.0,79.33923549547475,,,,,
桂林,2019,6,25.2736,110.29,30,26.33,29.973333333333336,23.13,6.843333333333334,31.156666666666663,4.826666666666666,84.93333333333334,718.5,23.95,27,8,14.216666666666667,33.836666666666666,0,1,8.422419907407408,18,4,17.323333333333334,14,0,0,0,,,,,,,,0.0,0.0,0.0,0.0,70.94795590810085,,,,43.768616133125526,
桂林,2019,7,25.2736,110.29,31,27.187096774193545,30.351612903225806,24.293548387096774,6.058064516129033,32.6,5.412903225806452,84.93548387096774,567.5,18.306451612903224,29,6,13.370967741935484,32.561290322580646,1,1,8.343167921146954,19,6,17.11709677419355,21,0,0,0,,,,,,,,0.0,0.0,0.0,0.0,68.72534485828642,,,,39.3186334775431,
桂林,2019,8,25.2736,110.29,31,28.40967741935484,32.18064516129032,25.01290322580645,7.167741935483871,34.03225806451613,5.622580645161291,79.7741935483871,141.2,4.554838709677419,28,1,11.996774193548386,26.322580645161292,0,0,10.307881810035841,27,2,19.66483870967742,28,0,0,0,,,,,,,,0.0,0.0,0.0,0.0,68.75194118727615,,,,36.8198594261412,
桂林,2019,9,25.2736,110.29,30,26.86,31.666666666666668,22.65666666666667,9.01,28.756666666666668,1.896666666666667,59.8,23.7,0.7899999999999999,10,0,14.623333333333333,31.076666666666664,0,0,10.8757275,29,0,20.228,25,0,0,0,,,,,,,,0.0,0.0,0.0,0.0,77.82450998418146,,,,,
桂林,2019,10,25.2736,110.29,31,21.60967741935484,26.04516129032258,17.870967741935484,8.174193548387096,21.80322580645161,0.19354838709677355,68.0,75.2,2.425806451612903,17,1,16.183870967741935,31.216129032258063,0,0,7.466549014336918,18,7,13.492903225806453,9,0,0,0,,,,,,,,0.0,0.0,0.0,0.0,81.11378812769877,,,,,
桂林,2019,11,25.2736,110.29,30,16.29,21.333333333333332,12.436666666666667,8.896666666666667,14.526666666666667,-1.7633333333333334,63.7,26.6,0.8866666666666667,12,0,17.973333333333336,34.37,2,3,7.980472685185186,21,5,12.277,0,0,0,0,,,,,,,,0.0,0.0,0.0,0.0,78.05380661360002,,,,,
桂林,2019,12,25.2736,110.29,31,11.712903225806452,16.63225806451613,7.803225806451613,8.829032258064515,8.870967741935484,-2.8419354838709676,65.38709677419355,93.1,3.0032258064516126,14,0,18.406451612903226,34.403225806451616,0,0,6.407968100358423,14,8,10.023548387096774,0,0,0,0,,,,,,,,0.0,0.0,0.0,0.0,65.65504353917788,,,,,77.10616519924127
桂林,2020,1,25.2736,110.29,31,9.51290322580645,13.254838709677419,6.432258064516129,6.82258064516129,6.725806451612903,-2.7870967741935484,78.80645161290323,191.9,6.190322580645161,22,2,18.825806451612905,34.958064516129035,0,0,4.4592612007168455,11,16,8.27258064516129,0,0,0,0,,,,,,,,0.0,0.0,0.0,0.0,59.21938481441893,,,,,72.32561099747538
桂林,2020,2,25.2736,110.29,29,13.448275862068966,17.510344827586206,10.137931034482758,7.372413793103449,12.148275862068965,-1.3,77.51724137931035,218.6,7.537931034482758,21,3,16.124137931034483,32.02413793103448,0,1,5.16546254789272,9,12,10.045862068965517,0,0,0,0,,,,,,,,0.0,0.0,0.0,0.0,69.35878168671232,,,,,76.35423866047621
桂林,2020,3,25.2736,110.29,31,15.729032258064517,19.461290322580645,12.83548387096774,6.625806451612903,15.219354838709679,-0.5096774193548389,83.2258064516129,437.0,14.096774193548388,30,6,17.061290322580643,37.07419354838709,0,3,4.083693279569893,3,13,9.97258064516129,0,0,0,0,,,,,,,,0.0,0.0,0.0,0.0,72.18456839893405,,,,,
桂林,2020,4,25.2736,110.29,30,17.496666666666666,21.78666666666667,13.59,8.196666666666667,17.19,-0.30666666666666675,76.06666666666666,217.0,7.233333333333333,23,2,15.82,30.96333333333333,0,1,6.370820925925926,11,8,14.859,0,0,0,0,,,,,,,,0.0,0.0,0.0,0.0,77.61208355219918,,,,,
桂林,2020,5,25.2736,110.29,31,24.932258064516127,28.990322580645163,21.38064516129032,7.609677419354839,28.44193548387097,3.5096774193548392,81.41935483870968,397.5,12.82258064516129,25,8,15.399999999999999,34.8258064516129,0,1,8.512175000000001,17,2,17.16741935483871,8,0,0,0,,,,,,,,0.0,0.0,0.0,0.0,76.81438453016801,,,,,
桂林,2020,6,25.2736,110.29,30,26.546666666666667,29.566666666666666,24.209999999999997,5.356666666666667,31.566666666666666,5.02,87.43333333333334,768.0,25.6,30,13,14.393333333333334,41.57666666666667,0,7,7.133781851851852,16,11,14.885,16,0,0,0,,,,,,,,0.0,0.0,0.0,0.0,68.64114899258757,,,,41.294717097772505,
桂林,2020,7,25.2736,110.29,31,27.793548387096774,30.990322580645163,24.87741935483871,6.112903225806452,33.193548387096776,5.4,83.51612903225806,325.9,10.51290322580645,28,3,14.493548387096775,36.60967741935484,0,4,8.89050430107527,21,7,17.721290322580646,23,0,0,0,,,,,,,,0.0,0.0,0.0,0.0,67.5804008949324,,,,38.29788497464742,
桂林,2020,8,25.2736,110.29,31,27.419354838709676,31.14516129032258,24.25483870967742,6.890322580645161,32.464516129032255,5.04516129032258,81.35483870967742,228.1,7.358064516129032,27,2,13.019354838709678,30.193548387096776,0,1,10.954673745519713,29,1,19.695806451612903,29,0,0,0,,,,,,,,0.0,0.0,0.0,0.0,69.96417189582779,,,,39.20824909464335,
桂林,2020,9,25.2736,110.29,30,23.86,27.14,21.17,5.969999999999999,26.73,2.87,82.03333333333333,213.6,7.12,25,3,15.086666666666668,30.11,0,0,6.569698518518519,13,7,13.639999999999999,8,0,0,0,,,,,,,,0.0,0.0,0.0,0.0,77.98470561748793,,,,,
桂林,2020,10,25.2736,110.29,31,18.822580645161292,22.338709677419356,16.193548387096776,6.145161290322581,18.135483870967743,-0.6870967741935483,74.06451612903226,84.89999999999999,2.7387096774193544,14,1,19.806451612903224,37.68387096774194,0,1,7.94286577060932,20,6,13.935483870967742,0,0,0,0,,,,,,,,0.0,0.0,0.0,0.0,79.37354289547447,,,,,
桂林,2020,11,25.2736,110.29,30,16.05,20.173333333333336,13.283333333333333,6.890000000000001,14.186666666666667,-1.8633333333333333,67.43333333333334,23.8,0.7933333333333333,11,0,19.256666666666668,36.736666666666665,0,0,7.425303611111111,19,5,11.621,0,0,0,0,,,,,,,,0.0,0.0,0.0,0.0,75.69485053149369,,,,,
桂林,2020,12,25.2736,110.29,31,8.829032258064515,13.02258064516129,5.787096774193548,7.235483870967743,5.16774193548387,-3.661290322580645,66.90322580645162,43.0,1.3870967741935485,10,0,19.603225806451615,37.10645161290322,0,3,7.19306747311828,22,7,10.784193548387098,0,0,0,0,,,,,,,,0.0,0.0,0.0,0.0,60.367255248963374,,,,,75.62357537780012
桂林,2021,1,25.2736,110.29,31,9.525806451612903,14.561290322580644,5.196774193548387,9.364516129032259,6.064516129032258,-3.4612903225806457,55.645161290322584,18.0,0.5806451612903226,9,0,16.258064516129032,30.98709677419355,0,0,7.192133960573477,18,6,10.852580645161291,0,0,2,0,,,,,,,,0.0,0.0,0.0,0.0,64.10672212942661,,,,,77.13772526827069
桂林,2021,2,25.2736,110.29,28,14.535714285714286,19.50357142857143,10.164285714285715,9.339285714285714,13.328571428571427,-1.207142857142857,76.10714285714286,114.8,4.1,16,2,15.592857142857143,30.071428571428573,0,0,6.428991964285714,13,7,11.626785714285715,0,0,0,0,,,,,,,,0.0,0.0,0.0,0.0,72.3081758928346,,,,,79.07550721452232
桂林,2021,3,25.2736,110.29,31,16.04516129032258,19.809677419354838,13.077419354838709,6.732258064516129,15.780645161290321,-0.26451612903225813,82.87096774193549,274.3,8.848387096774195,29,2,17.003225806451614,34.851612903225806,0,1,4.228092293906809,8,13,10.25,0,0,0,0,,,,,,,,0.0,0.0,0.0,0.0,71.61187113296344,,,,,
桂林,2021,4,25.2736,110.29,30,17.926666666666666,21.55,15.13,6.42,18.196666666666665,0.26999999999999996,84.96666666666667,205.5,6.85,27,0,16.976666666666667,32.47,0,1,3.5362626851851853,5,17,10.29,0,0,0,0,,,,,,,,0.0,0.0,0.0,0.0,75.44221933046552,,,,,
桂林,2021,5,25.2736,110.29,31,23.461290322580645,27.299999999999997,20.30322580645161,6.996774193548388,26.76451612903226,3.303225806451613,86.93548387096774,630.6,20.34193548387097,30,9,15.316129032258065,39.50322580645161,0,7,6.542054121863799,13,7,14.061612903225807,5,0,0,0,,,,,,,,0.0,0.0,0.0,0.0,76.13632927311777,,,,,
桂林,2021,6,25.2736,110.29,30,26.68,30.37,23.32,7.05,31.586666666666666,4.906666666666666,83.0,373.2,12.44,26,5,12.85,30.586666666666666,0,1,9.080929814814816,21,6,18.535666666666668,19,0,0,0,,,,,,,,0.0,0.0,0.0,0.0,70.62159902600388,,,,42.38578524010986,
桂林,2021,7,25.2736,110.29,31,28.787096774193547,32.68709677419355,25.116129032258065,7.570967741935483,33.851612903225806,5.064516129032258,75.74193548387096,154.4,4.980645161290322,26,2,13.693548387096774,30.848387096774193,0,1,11.19718252688172,27,2,21.793548387096774,29,2,0,0,,,,,,,,0.0,0.0,0.0,0.0,68.41323813882205,,,,37.75150977118059,
桂林,2021,8,25.2736,110.29,31,28.312903225806455,31.916129032258063,25.08709677419355,6.829032258064516,33.71290322580645,5.4,79.38709677419355,189.4,6.109677419354839,29,1,12.174193548387098,29.383870967741935,0,0,10.378112634408602,25,0,19.15258064516129,29,3,0,0,,,,,,,,0.0,0.0,0.0,0.0,69.41784445855686,,,,37.091544062535455,
桂林,2021,9,25.2736,110.29,30,28.876666666666665,33.26,25.07,8.19,33.29333333333333,4.416666666666667,69.56666666666666,78.2,2.606666666666667,27,0,11.643333333333334,26.543333333333333,0,0,10.756176203703705,30,0,18.961000000000002,30,5,0,0,,,,,,,,0.0,0.0,0.0,0.0,72.29975408602738,,,,,
桂林,2021,10,25.2736,110.29,31,20.22258064516129,23.677419354838708,17.30322580645161,6.374193548387097,19.67096774193548,-0.5516129032258063,70.45161290322581,203.3,6.558064516129033,19,3,20.116129032258065,37.92580645161291,0,5,6.550763799283154,16,10,12.33548387096774,7,0,0,0,,,,,,,,0.0,0.0,0.0,0.0,77.20056060104761,,,,,
桂林,2021,11,25.2736,110.29,30,14.886666666666667,18.566666666666666,11.639999999999999,6.926666666666667,13.479999999999999,-1.4066666666666667,71.03333333333333,287.0,9.566666666666666,18,5,15.926666666666668,29.5,1,2,5.083858611111111,10,13,9.203666666666667,0,0,0,0,,,,,,,,0.0,0.0,0.0,0.0,72.30523314611514,,,,,
桂林,2021,12,25.2736,110.29,31,11.235483870967743,16.048387096774192,7.448387096774193,8.600000000000001,8.325806451612904,-2.9096774193548387,64.3225806451613,14.899999999999999,0.48064516129032253,8,0,16.683870967741935,31.251612903225805,0,0,6.672315053763441,17,8,10.374193548387098,0,0,2,0,,,,,,,,0.0,0.0,0.0,0.0,66.95607425347167,,,,,77.57003971963253
桂林,2022,1,25.2736,110.29,31,8.635483870967741,11.903225806451612,6.1,5.803225806451613,5.903225806451613,-2.732258064516129,82.06451612903226,207.5,6.693548387096774,25,3,16.770967741935483,30.65806451612903,0,0,2.7367210573476703,4,19,6.4151612903225805,0,0,0,0,,,,,,,,0.0,0.0,0.0,0.0,56.96594759086753,,,,,69.9290864865888
桂林,2022,2,25.2736,110.29,28,6.585714285714286,10.457142857142857,3.682142857142857,6.7749999999999995,3.0928571428571425,-3.492857142857143,80.46428571428571,203.7,7.2749999999999995,20,1,18.939285714285713,34.496428571428574,1,1,3.9871197420634923,9,16,9.19107142857143,0,0,0,0,,,,,,,,0.0,0.0,0.0,0.0,52.88050335389929,,,,,69.12205724776388
桂林,2022,3,25.2736,110.29,31,17.01290322580645,21.190322580645162,12.961290322580645,8.229032258064516,17.0,-0.012903225806451939,81.41935483870968,265.6,8.567741935483872,26,2,16.64516129032258,31.683870967741935,0,1,4.6877210573476695,7,15,11.119032258064516,0,0,0,0,,,,,,,,0.0,0.0,0.0,0.0,75.37664647390346,,,,,
桂林,2022,4,25.2736,110.29,30,18.846666666666668,23.623333333333335,14.983333333333333,8.639999999999999,19.2,0.3533333333333332,76.73333333333333,339.5,11.316666666666666,18,6,15.813333333333333,30.82,0,0,6.43652675925926,12,9,14.921,0,0,0,0,,,,,,,,0.0,0.0,0.0,0.0,78.16636083603007,,,,,
桂林,2022,5,25.2736,110.29,31,21.200000000000003,25.05806451612903,18.17096774193548,6.887096774193548,23.07741935483871,1.8774193548387095,82.74193548387096,510.1,16.45483870967742,26,7,14.13225806451613,27.193548387096776,0,0,4.923535035842294,6,13,13.588709677419354,0,0,0,0,,,,,,,,0.0,0.0,0.0,0.0,79.93796397619609,,,,,
桂林,2022,6,25.2736,110.29,30,25.63,29.240000000000002,23.03666666666667,6.203333333333333,30.39,4.76,87.83333333333333,838.4,27.946666666666665,29,11,14.07,30.773333333333333,0,0,5.780050462962962,11,11,14.610000000000001,10,0,0,0,,,,,,,,0.0,0.0,0.0,0.0,71.43042014531514,,,,44.50891152495248,
桂林,2022,7,25.2736,110.29,31,27.9741935483871,31.887096774193548,24.55483870967742,7.332258064516129,33.15806451612904,5.183870967741935,80.61290322580645,349.9,11.287096774193548,23,5,13.758064516129032,28.641935483870967,0,0,9.745067204301074,21,1,20.460322580645162,29,0,0,0,,,,,,,,0.0,0.0,0.0,0.0,69.18903075958013,,,,37.30903217892821,
桂林,2022,8,25.2736,110.29,31,28.825806451612905,33.1741935483871,25.048387096774192,8.125806451612904,33.89677419354839,5.070967741935483,74.87096774193549,109.3,3.5258064516129033,26,1,13.151612903225805,27.370967741935484,0,0,11.259492562724015,30,1,21.35225806451613,30,5,0,0,,,,,,,,0.0,0.0,0.0,0.0,69.29455517627031,,,,37.57794021763888,
桂林,2022,9,25.2736,110.29,30,28.703333333333333,34.02,24.023333333333333,9.996666666666666,29.976666666666667,1.2733333333333334,50.46666666666667,8.5,0.2833333333333333,4,0,15.53,30.966666666666665,0,0,10.85211212962963,30,0,20.827333333333335,30,5,0,0,,,,,,,,0.0,0.0,0.0,0.0,77.03902933326803,,,,,
桂林,2022,10,25.2736,110.29,31,22.883870967741935,28.112903225806452,18.470967741935485,9.641935483870968,21.061290322580643,-1.8225806451612907,45.225806451612904,2.3,0.07419354838709677,4,0,20.63225806451613,39.71612903225807,1,3,10.118759677419355,29,1,16.98516129032258,10,1,0,0,,,,,,,,0.0,0.0,0.0,0.0,82.21505222983238,,,,,
桂林,2022,11,25.2736,110.29,30,18.96333333333333,23.173333333333336,15.556666666666667,7.616666666666666,18.43,-0.5333333333333331,71.26666666666667,188.6,6.286666666666666,20,3,17.66,32.99333333333333,0,1,5.306311203703704,12,13,9.683,2,0,0,0,,,,,,,,0.0,0.0,0.0,0.0,78.94395589288044,,,,,
桂林,2022,12,25.2736,110.29,31,8.577419354838709,12.803225806451614,5.293548387096774,7.509677419354839,4.567741935483871,-4.009677419354839,59.806451612903224,26.0,0.8387096774193549,8,0,19.051612903225806,34.9741935483871,1,1,6.673795161290323,16,7,10.140322580645162,0,0,0,0,,,,,,,,0.0,0.0,0.0,0.0,60.850492735437186,,,,,76.0045705136724
桂林,2023,1,25.2736,110.29,31,9.899999999999999,14.619354838709677,6.145161290322581,8.474193548387097,6.758064516129032,-3.1419354838709674,62.61290322580645,49.5,1.596774193548387,12,0,17.396774193548385,31.916129032258063,0,2,6.018859318996416,14,10,10.38225806451613,0,0,1,0,36.74596774193548,52.89005376344086,696.864247311828,13.757930107526882,20.201612903225808,65.72446236559139,0.8938172043010753,12.0,0.0,0.0,1.0,63.50865380992202,91.2481301400677,71.83049670896573,8.751869859932292,,79.75279937342667
桂林,2023,2,25.2736,110.29,28,11.010714285714286,15.1,7.857142857142857,7.242857142857143,8.485714285714286,-2.525,75.5,156.4,5.585714285714286,16,0,18.510714285714283,34.38928571428571,0,2,4.657225496031747,9,13,10.3475,0,0,0,0,33.01190476190476,47.48154761904762,693.8824404761905,11.160267857142857,14.268898809523808,59.66815476190476,0.1577380952380952,18.0,0.0,0.0,0.0,63.61536212646339,92.20966313108093,72.19365242784865,7.790336868919061,,78.94981018526072
桂林,2023,3,25.2736,110.29,31,16.10322580645161,21.164516129032258,11.996774193548386,9.167741935483871,15.238709677419354,-0.8645161290322583,75.48387096774194,246.5,7.951612903225806,24,3,16.812903225806455,31.80322580645161,0,1,5.604683243727599,10,9,12.241935483870968,0,0,0,0,35.92580645161291,51.991397849462366,524.8064516129032,15.081317204301074,12.844758064516126,69.627688172043,0.6209677419354839,18.0,0.0,0.0,0.0,75.59060065943925,91.36979014725041,80.3243575057826,8.63020985274959,,
桂林,2023,4,25.2736,110.29,30,19.65666666666667,23.673333333333336,16.116666666666667,7.556666666666667,20.473333333333336,0.8166666666666669,80.2,652.2,21.740000000000002,24,8,17.14,33.31333333333333,0,1,5.8607907407407405,10,9,13.995333333333333,0,0,0,0,26.534444444444443,38.36194444444445,363.02777777777777,11.207916666666668,8.733749999999999,69.22361111111111,1.2986111111111112,22.0,0.0,1.0,0.0,78.68139450047799,92.88912738769503,82.94371436664309,7.110872612304978,,
桂林,2023,5,25.2736,110.29,31,23.33225806451613,27.31935483870968,20.006451612903227,7.312903225806451,25.98709677419355,2.6548387096774193,81.7741935483871,346.3,11.170967741935485,26,5,16.73548387096774,33.40967741935484,0,1,6.915489874551971,13,7,16.067741935483873,9,0,0,0,24.76505376344086,35.80174731182796,320.42069892473114,13.753763440860215,10.07231182795699,70.77688172043011,0.14919354838709678,27.0,0.0,0.0,0.0,77.1655033388033,92.9084683230298,81.88839283407124,7.091531676970207,,
桂林,2023,6,25.2736,110.29,30,26.423333333333336,30.27,23.346666666666668,6.923333333333334,31.233333333333334,4.81,83.76666666666667,501.0,16.7,26,9,13.116666666666667,27.993333333333332,0,0,8.140301851851852,15,3,18.003666666666668,18,0,0,0,20.217083333333335,29.195138888888888,266.1819444444444,12.269166666666667,7.060277777777778,70.08611111111112,0.15416666666666667,30.0,0.0,0.0,0.0,72.3275950138186,93.64362418334228,78.72240376467569,6.35637581665772,42.586207856550395,
桂林,2023,7,25.2736,110.29,31,29.006451612903227,33.05483870967742,25.416129032258063,7.638709677419355,33.79677419354839,4.790322580645161,75.54838709677419,146.5,4.725806451612903,29,1,17.258064516129032,34.099999999999994,0,0,11.085939784946236,27,1,22.071290322580648,30,4,0,0,15.920430107526881,23.463440860215055,213.4986559139785,5.397311827956989,8.213172043010752,80.87768817204302,0.4448924731182795,31.0,0.0,0.0,1.0,68.40843041531977,93.98175970356576,76.08042920179356,6.018240296434246,37.303599540880654,
桂林,2023,8,25.2736,110.29,31,27.712903225806453,31.71935483870968,24.37741935483871,7.3419354838709685,33.03225806451613,5.319354838709677,80.19354838709677,269.7,8.7,27,2,12.94516129032258,27.206451612903226,0,1,10.048171953405017,28,1,20.159354838709675,26,0,0,0,16.528763440860214,23.924462365591395,258.3373655913978,7.462768817204301,6.281048387096774,77.85349462365592,0.11424731182795698,31.0,0.0,0.0,4.0,70.30100547950825,93.95098969446867,77.39600074399637,6.049010305531336,38.831773060216875,
桂林,2023,9,25.2736,110.29,30,26.323333333333334,30.209999999999997,23.203333333333333,7.006666666666666,30.153333333333332,3.83,79.23333333333333,125.3,4.176666666666667,25,2,16.09,30.633333333333333,0,0,9.758914259259258,25,2,18.081,22,0,0,0,15.654444444444444,22.685,310.36527777777775,6.7202777777777785,5.392222222222221,73.34444444444445,0.0125,30.0,0.0,0.0,2.0,74.69402208140725,94.27492951036194,80.56829431009366,5.725070489638061,,
桂林,2023,10,25.2736,110.29,31,22.19677419354839,26.62258064516129,18.693548387096776,7.929032258064516,22.845161290322583,0.6483870967741938,70.06451612903226,39.5,1.2741935483870968,13,0,17.148387096774194,31.567741935483873,0,1,8.63272311827957,22,3,15.013225806451613,6,0,0,0,17.871908602150537,26.3497311827957,376.22849462365593,7.790725806451612,7.590725806451613,72.44220430107528,0.43413978494623656,31.0,0.0,0.0,0.0,84.60850657621123,93.9034547043078,87.3969910146402,6.096545295692199,,
桂林,2023,11,25.2736,110.29,30,16.87333333333333,21.279999999999998,12.96,8.32,16.19666666666667,-0.6766666666666666,73.73333333333333,252.4,8.413333333333334,14,2,16.03666666666667,30.19,0,0,6.959648518518518,16,8,11.272333333333334,0,0,0,0,18.494444444444444,27.262638888888887,425.5,11.823333333333332,12.367916666666668,58.46388888888888,0.37361111111111106,29.0,0.0,0.0,0.0,76.40622637420445,94.18417982501526,81.7396124094477,5.815820174984737,,
桂林,2023,12,25.2736,110.29,31,10.874193548387098,15.654838709677419,6.693548387096774,8.961290322580645,8.432258064516128,-2.4419354838709677,71.16129032258064,101.6,3.2774193548387096,15,1,17.848387096774193,32.21935483870968,2,3,6.094663172043011,17,11,9.852580645161291,0,0,2,0,20.0875,29.705376344086023,496.3346774193548,11.671370967741936,14.106451612903227,53.44892473118279,0.135752688172043,29.0,0.0,0.0,0.0,64.84078427451027,94.15558745257972,73.6352252279311,5.844412547420275,,80.02317546823598
桂林,2024,1,25.2736,110.29,31,10.519354838709678,14.19032258064516,7.729032258064516,6.461290322580646,8.329032258064515,-2.190322580645161,78.87096774193549,275.9,8.899999999999999,26,4,16.53548387096774,31.174193548387095,0,1,3.993889964157706,4,15,7.585483870967742,0,0,3,0,24.308736559139785,35.37822580645161,605.8508064516129,10.399327956989247,11.466801075268815,55.78360215053763,0.1935483870967742,28.0,0.0,0.0,0.0,63.042514867506874,93.56509153265371,72.19928786705091,6.434908467346298,,77.16789601421902
桂林,2024,2,25.2736,110.29,29,8.693103448275862,12.6,5.296551724137931,7.303448275862069,5.748275862068966,-2.9448275862068964,81.06896551724138,259.2,8.937931034482759,23,3,21.63103448275862,39.16206896551724,0,3,2.5163189655172413,4,21,7.47,0,0,3,0,13.667959770114942,20.313362068965517,414.9913793103448,8.002011494252873,7.574281609195403,54.304597701149426,0.2686781609195402,29.0,0.0,0.0,0.0,57.196008617207085,95.2268254232465,68.60525365901891,4.7731745767535,,74.78926988528616
桂林,2024,3,25.2736,110.29,31,16.164516129032258,20.448387096774194,12.609677419354838,7.838709677419355,15.593548387096773,-0.5709677419354837,78.61290322580645,351.79999999999995,11.348387096774193,27,2,17.822580645161292,34.354838709677416,0,0,4.774069713261649,7,14,11.246129032258064,0,0,0,0,21.098252688172042,31.601344086021506,402.18951612903226,8.841263440860214,6.957258064516129,61.780913978494624,1.85752688172043,28.0,0.0,2.0,0.0,73.80171919135971,93.9764204687509,79.85412957457707,6.0235795312490925,,
桂林,2024,4,25.2736,110.29,30,21.666666666666668,25.93,18.62,7.3100000000000005,23.71333333333333,2.0466666666666664,84.9,867.1,28.903333333333332,28,12,18.003333333333334,34.72666666666667,0,1,6.382381111111111,11,7,14.090333333333335,1,0,0,0,21.402638888888887,31.432222222222222,372.33888888888885,7.963055555555555,5.041111111111111,68.40694444444445,0.648611111111111,28.0,0.0,0.0,0.0,78.82948873066354,93.73219602897277,83.3003009201563,6.267803971027244,,
桂林,2024,5,25.2736,110.29,31,23.203225806451613,27.187096774193545,19.67096774193548,7.516129032258065,25.770967741935483,2.5677419354838715,80.54838709677419,373.7,12.05483870967742,24,6,14.793548387096775,28.951612903225808,0,0,7.631295698924731,16,8,17.223225806451612,5,0,0,0,18.42822580645161,27.418413978494623,337.4086021505376,8.1875,5.139381720430107,79.80376344086021,2.056451612903226,31.0,0.0,1.0,2.0,79.15238271357883,93.53150369713485,83.46611900864565,6.468496302865139,,
桂林,2024,6,25.2736,110.29,30,25.71333333333333,29.11,23.18,5.9300000000000015,30.21333333333333,4.5,86.66666666666667,679.5,22.65,27,14,15.57,32.67666666666666,0,0,6.084516574074074,13,10,15.286666666666667,11,0,0,0,12.780555555555557,18.521805555555556,240.875,6.518611111111111,6.965138888888888,67.0625,0.08194444444444444,30.0,0.0,0.0,0.0,72.32055208660546,94.96279483831917,79.11322491211958,5.037205161680839,44.879951844898265,
桂林,2024,7,25.2736,110.29,31,28.72258064516129,32.70322580645161,25.14516129032258,7.558064516129033,33.622580645161285,4.9,77.0,340.3,10.97741935483871,29,3,16.503225806451614,33.81935483870968,0,0,10.52547670250896,26,5,21.14548387096774,28,6,0,0,13.074731182795698,19.581989247311828,190.31720430107526,5.96236559139785,6.284677419354838,73.43279569892472,0.004032258064516129,31.0,0.0,0.0,0.0,67.54524701034737,94.69741902673478,75.69089861526359,5.302580973265214,37.608835651713086,
桂林,2024,8,25.2736,110.29,31,27.68064516129032,31.383870967741935,24.612903225806452,6.7709677419354835,33.23548387096774,5.554838709677419,83.29032258064517,222.7,7.183870967741935,28,2,12.283870967741937,26.916129032258063,0,0,9.92027482078853,23,0,19.384516129032257,25,0,0,0,16.926747311827956,24.40295698924731,283.59946236559136,9.198655913978493,9.714516129032257,75.72043010752688,0.07392473118279569,31.0,0.0,0.0,1.0,69.51096228790635,93.84114368060648,76.8100167057164,6.1588563193935215,38.3780444837193,
桂林,2024,9,25.2736,110.29,30,27.363333333333333,31.283333333333335,24.283333333333335,7.0,30.996666666666666,3.6333333333333333,73.9,82.0,2.7333333333333334,22,0,16.87333333333333,33.71,0,2,9.34956,24,1,17.867666666666665,25,0,0,0,17.232222222222223,24.981527777777778,297.61805555555554,7.132638888888889,5.032916666666667,75.44722222222222,0.0,30.0,0.0,0.0,3.0,74.54896687200952,93.98768020858334,80.38058087298165,6.012319791416657,,
桂林,2024,10,25.2736,110.29,31,21.52258064516129,25.896774193548385,17.92258064516129,7.974193548387096,20.80322580645161,-0.7193548387096773,62.70967741935484,84.60000000000001,2.7290322580645165,9,0,20.116129032258065,38.277419354838706,0,2,8.93768306451613,22,2,15.347741935483871,3,0,0,0,17.751344086021504,26.414381720430107,347.880376344086,5.950403225806451,6.521639784946237,74.64650537634408,0.4368279569892473,31.0,0.0,0.0,0.0,84.5489408893135,93.94452400537097,87.36761582413072,6.055475994629042,,
桂林,2024,11,25.2736,110.29,30,18.60666666666667,23.923333333333336,14.696666666666667,9.226666666666667,16.933333333333334,-1.6733333333333333,59.166666666666664,15.1,0.5033333333333333,2,0,17.240000000000002,37.28,0,1,9.631009907407408,25,0,14.033999999999999,4,0,0,0,24.169027777777778,30.510555555555552,436.42361111111114,9.132222222222223,11.9875,66.68333333333334,0.5013888888888889,24.0,0.0,0.0,1.0,81.19061823122391,93.32200459972142,84.83003414177317,6.677995400278572,,
桂林,2024,12,25.2736,110.29,31,11.02258064516129,16.10967741935484,7.300000000000001,8.80967741935484,7.512903225806451,-3.509677419354839,52.96774193548387,20.1,0.6483870967741936,7,0,15.890322580645162,36.21612903225807,0,2,6.749488799283154,15,6,10.550645161290323,0,0,0,0,39.440322580645166,39.79422043010753,587.9690860215054,11.564784946236559,22.070833333333333,74.07930107526882,0.49462365591397844,12.0,0.0,0.0,0.0,65.88344684435513,90.92353070975511,73.39547200397513,9.076469290244884,,81.48551014260089
桂林,2025,1,25.2736,110.29,31,12.245161290322581,18.15806451612903,7.335483870967742,10.82258064516129,9.135483870967741,-3.109677419354839,49.225806451612904,62.4,2.0129032258064514,7,1,14.187096774193549,32.54838709677419,0,3,7.2575310931899635,20,6,11.883225806451613,0,0,0,0,39.46370967741935,40.29287634408602,582.9905913978495,13.231182795698926,18.513709677419353,77.38037634408602,1.268817204301075,12.0,0.0,0.0,1.0,67.6642117140289,90.73285988387705,74.58480616498335,9.267140116122944,,82.07250293836032
桂林,2025,2,25.2736,110.29,28,9.771428571428572,13.257142857142856,7.242857142857143,6.014285714285714,7.107142857142857,-2.6642857142857146,73.35714285714286,103.3,3.689285714285714,23,0,15.325000000000001,33.64642857142857,0,0,1.8395580357142856,2,22,6.555714285714286,0,0,0,0,27.929910714285715,29.508333333333333,567.3258928571429,9.34077380952381,14.432291666666666,59.22916666666667,2.757440476190476,17.0,0.0,0.0,0.0,60.33787984717675,93.15276127220852,70.18234427468629,6.847238727791484,,77.21008112501765
桂林,2025,3,25.2736,110.29,31,15.03225806451613,20.448387096774194,10.66451612903226,9.783870967741937,13.629032258064516,-1.403225806451613,69.96774193548387,162.5,5.241935483870968,21,2,16.161290322580644,37.696774193548386,0,6,5.862056989247312,12,12,13.011290322580646,3,0,0,0,25.84502688172043,30.63037634408602,429.630376344086,10.084677419354838,7.8590053763440855,80.10349462365592,8.557795698924732,23.0,0.0,8.0,7.0,71.89057674748229,92.51474282893226,78.07782657191727,7.4852571710677545,,
桂林,2025,4,25.2736,110.29,30,21.473333333333336,27.25,16.996666666666666,10.253333333333334,22.773333333333333,1.3,71.9,305.59999999999997,10.186666666666666,18,4,13.629999999999999,32.653333333333336,1,2,7.353372685185184,12,4,16.265333333333334,4,0,0,0,41.56736111111111,53.58069444444445,424.4916666666667,12.900277777777777,6.0304166666666665,87.36805555555556,22.28472222222222,16.0,4.0,13.0,4.0,83.46802760547048,90.21544965432214,85.49225422012597,9.78455034567786,,
桂林,2025,5,25.2736,110.29,31,23.458064516129035,28.251612903225805,19.938709677419357,8.312903225806451,26.293548387096774,2.835483870967742,80.3225806451613,629.1,20.293548387096774,27,10,13.058064516129033,32.54193548387097,0,1,6.628901612903226,13,7,15.639032258064516,9,0,0,0,19.059677419354838,22.635483870967743,331.44354838709677,10.40712365591398,4.266129032258065,80.30645161290323,6.614247311827957,31.0,0.0,8.0,2.0,79.12718370295502,93.4048668451249,83.410488645606,6.595133154875111,,
桂林,2025,6,25.2736,110.29,30,26.596666666666668,31.243333333333332,23.16,8.083333333333334,31.240000000000002,4.6433333333333335,82.33333333333333,424.7,14.156666666666666,28,7,13.22,35.07333333333334,0,2,8.052749629629629,17,5,18.449666666666666,23,0,0,0,14.305694444444445,14.731944444444444,285.40972222222223,9.271944444444443,3.50875,67.7875,0.4930555555555555,30.0,0.0,0.0,0.0,72.08698519314048,94.70214505660904,78.87153315218104,5.297854943390957,41.1325521862798,
桂林,2025,7,25.2736,110.29,31,29.448387096774194,34.622580645161285,25.148387096774194,9.474193548387097,34.86129032258064,5.412903225806452,74.41935483870968,141.6,4.567741935483871,27,1,11.603225806451613,33.61612903225806,0,3,10.939385035842294,26,1,21.910645161290322,31,16,0,0,17.961424731182795,18.2,304.3790322580645,11.195967741935483,4.306854838709677,78.71370967741936,0.1881720430107527,31.0,0.0,0.0,1.0,67.81285785976497,93.64139291331864,75.56141837583108,6.358607086681367,35.529035513738314,
桂林,2025,8,25.2736,110.29,31,27.980645161290322,32.88709677419355,24.177419354838708,8.709677419354838,33.28387096774193,5.3032258064516125,79.25806451612904,354.5,11.435483870967742,29,6,11.358064516129033,31.251612903225805,0,0,9.664589336917564,23,2,19.391935483870967,26,5,0,0,16.11747311827957,16.43911290322581,307.4139784946237,12.109677419354838,3.885887096774194,69.36155913978493,0.239247311827957,31.0,0.0,0.0,0.0,69.45079673188627,94.25777004927903,76.8928887271041,5.7422299507209695,38.33398818281418,
桂林,2025,9,25.2736,110.29,30,27.3,32.236666666666665,23.573333333333334,8.663333333333332,31.303333333333335,4.003333333333334,75.63333333333334,124.8,4.16,24,1,13.466666666666667,34.163333333333334,0,2,8.991785833333333,23,2,17.218999999999998,26,4,0,0,15.346388888888889,15.478333333333333,314.6458333333333,10.741527777777778,4.880138888888889,67.36388888888888,0.004166666666666667,30.0,0.0,0.0,0.0,74.22337981671747,94.48815831614041,80.30281336654436,5.511841683859594,,
桂林,2025,10,25.2736,110.29,31,23.61935483870968,28.40967741935484,19.66774193548387,8.741935483870968,24.783870967741933,1.1645161290322579,66.16129032258064,50.800000000000004,1.638709677419355,16,1,14.970967741935485,37.42903225806452,0,5,9.393574731182795,25,1,15.47709677419355,16,3,0,0,20.76438172043011,20.983064516129033,364.8857526881721,10.855645161290322,9.121102150537634,67.86559139784947,0.08736559139784947,28.0,0.0,0.0,0.0,78.6376867588733,93.74343050097607,83.16940988150412,6.25656949902393,,
桂林,2025,11,25.2736,110.29,30,16.073333333333334,20.886666666666667,12.203333333333335,8.683333333333334,14.186666666666667,-1.8866666666666667,61.5,68.6,2.2866666666666666,9,1,15.443333333333333,35.406666666666666,0,3,6.794030833333333,18,8,11.465333333333332,0,0,0,0,17.76319444444444,18.35222222222222,401.76944444444445,11.603333333333333,11.393611111111111,64.59305555555555,0.8722222222222221,30.0,0.0,0.0,0.0,76.04297634680812,94.1151718531935,81.46463499872374,5.884828146806502,,
桂林,2025,12,25.2736,110.29,31,13.874193548387098,18.858064516129033,9.899999999999999,8.958064516129031,12.041935483870969,-1.832258064516129,65.83870967741936,79.0,2.5483870967741935,12,0,14.100000000000001,31.43548387096774,0,2,7.11954605734767,19,5,10.658064516129032,0,0,0,0,39.20967741935484,39.70147849462366,696.7298387096774,16.422043010752688,19.85994623655914,67.28360215053763,0.6895161290322581,10.0,0.0,0.0,0.0,73.17356710288405,90.9675178789195,78.51175233569468,9.032482121080498,,83.56411934769412
海口,2016,1,20.044,110.1999,31,18.91290322580645,20.68064516129032,17.361290322580647,3.319354838709677,18.583870967741937,-0.3290322580645161,85.25806451612904,155.5,5.016129032258065,22,1,24.712903225806453,39.351612903225806,4,3,4.461226612903226,6,14,8.040000000000001,0,0,0,0,,,,,,,,0.0,0.0,0.0,0.0,76.67384821603925,,,,,77.85776478000959
海口,2016,2,20.044,110.1999,29,17.43793103448276,19.951724137931034,15.437931034482759,4.513793103448276,16.17241379310345,-1.2655172413793105,78.89655172413794,36.0,1.2413793103448276,15,0,24.024137931034485,37.358620689655176,4,2,5.639143199233716,12,13,12.387241379310346,0,0,0,0,,,,,,,,0.0,0.0,0.0,0.0,74.61612146600046,,,,,79.17725213050495
海口,2016,3,20.044,110.1999,31,21.161290322580644,24.112903225806452,18.925806451612903,5.187096774193549,21.86774193548387,0.7064516129032258,82.19354838709677,54.9,1.770967741935484,11,1,23.229032258064517,34.81290322580645,2,2,8.176462813620072,21,5,16.48,0,0,0,0,,,,,,,,0.0,0.0,0.0,0.0,78.92442172566048,,,,,
海口,2016,4,20.044,110.1999,30,26.773333333333333,30.470000000000002,24.383333333333333,6.086666666666667,30.513333333333332,3.7399999999999998,81.4,95.1,3.17,17,0,22.146666666666665,33.96,0,0,11.347892777777778,30,0,22.317999999999998,18,0,0,0,,,,,,,,0.0,0.0,0.0,0.0,71.59535892317572,,,,,
海口,2016,5,20.044,110.1999,31,27.916129032258063,30.68064516129032,25.919354838709676,4.761290322580645,32.8,4.883870967741935,83.35483870967742,105.4,3.4000000000000004,20,1,19.822580645161292,30.541935483870965,0,0,10.836037007168459,26,2,21.259677419354837,20,0,0,0,,,,,,,,0.0,0.0,0.0,0.0,67.3367824906661,,,,,
海口,2016,6,20.044,110.1999,30,29.10666666666667,31.756666666666668,27.256666666666668,4.5,34.75666666666667,5.65,82.26666666666667,106.6,3.5533333333333332,22,0,17.09,27.883333333333333,0,0,10.665842685185186,24,2,21.252333333333333,27,0,0,0,,,,,,,,0.0,0.0,0.0,0.0,65.2181236847286,,,,35.18241768185793,
海口,2016,7,20.044,110.1999,31,29.358064516129033,32.116129032258065,27.32903225806452,4.7870967741935475,34.66129032258065,5.303225806451613,80.0,66.4,2.141935483870968,19,0,20.041935483870965,31.32903225806452,2,1,11.359472849462366,28,1,22.615806451612904,29,0,0,0,,,,,,,,0.0,0.0,0.0,0.0,65.14299594791325,,,,35.56052488886858,
海口,2016,8,20.044,110.1999,31,28.61935483870968,30.906451612903226,26.961290322580645,3.9451612903225812,34.0516129032258,5.432258064516129,83.83870967741936,532.6999999999999,17.18387096774193,27,5,18.812903225806455,31.606451612903225,3,2,8.944359498207884,23,4,17.590645161290322,21,0,0,0,,,,,,,,0.0,0.0,0.0,0.0,65.32555292843792,,,,37.005676944013445,
海口,2016,9,20.044,110.1999,30,27.716666666666665,29.696666666666665,26.273333333333333,3.423333333333334,32.49,4.7733333333333325,84.33333333333333,165.4,5.513333333333334,25,0,18.87,30.94,2,1,8.982458703703704,22,2,16.994,14,0,0,0,,,,,,,,0.0,0.0,0.0,0.0,68.86860086091775,,,,,
海口,2016,10,20.044,110.1999,31,26.52258064516129,28.106451612903225,25.148387096774194,2.958064516129032,29.548387096774192,3.0258064516129037,83.87096774193549,257.8,8.316129032258065,27,2,26.46451612903226,41.82258064516129,10,9,9.115474910394266,23,1,14.699032258064515,1,0,0,0,,,,,,,,0.0,0.0,0.0,0.0,71.79278317219988,,,,,
海口,2016,11,20.044,110.1999,30,23.513333333333332,25.31,22.086666666666666,3.2233333333333336,24.803333333333335,1.2899999999999998,82.7,119.4,3.98,17,1,25.246666666666666,38.97,9,7,7.267388425925926,18,7,11.156666666666666,0,0,0,0,,,,,,,,0.0,0.0,0.0,0.0,76.95013769766405,,,,,
海口,2016,12,20.044,110.1999,31,21.074193548387097,22.44516129032258,19.967741935483872,2.47741935483871,20.603225806451615,-0.470967741935484,77.35483870967742,7.8999999999999995,0.25483870967741934,12,0,25.958064516129035,40.8258064516129,6,2,6.819907437275986,15,6,10.307741935483872,0,0,0,0,,,,,,,,0.0,0.0,0.0,0.0,81.6241596079121,,,,,83.20383281569482
海口,2017,1,20.044,110.1999,31,19.916129032258063,22.0,18.116129032258065,3.883870967741936,20.061290322580643,0.1451612903225812,85.54838709677419,17.6,0.567741935483871,17,0,24.916129032258063,45.096774193548384,6,11,7.072666577060932,18,7,11.370322580645162,0,0,0,0,,,,,,,,0.0,0.0,0.0,0.0,79.35159258244205,,,,,80.83838789169323
海口,2017,2,20.044,110.1999,28,19.09642857142857,21.728571428571428,16.925,4.803571428571429,18.860714285714288,-0.23571428571428577,81.89285714285714,31.6,1.1285714285714286,17,0,22.7,41.46071428571429,2,3,7.179950396825396,16,5,13.024642857142856,0,0,0,0,,,,,,,,0.0,0.0,0.0,0.0,78.00844271617775,,,,,81.28237690053514
海口,2017,3,20.044,110.1999,31,23.10967741935484,26.396774193548385,20.593548387096774,5.8032258064516125,24.838709677419356,1.7290322580645163,83.29032258064517,41.3,1.332258064516129,19,0,23.148387096774194,41.78064516129032,3,5,8.84043100358423,24,3,16.21741935483871,3,0,0,0,,,,,,,,0.0,0.0,0.0,0.0,78.72810884954784,,,,,
海口,2017,4,20.044,110.1999,30,25.133333333333333,28.516666666666666,22.5,6.016666666666667,27.773333333333333,2.64,80.06666666666666,86.1,2.8699999999999997,19,0,21.78666666666667,40.513333333333335,0,2,9.65731675925926,24,4,19.151333333333334,9,1,0,0,,,,,,,,0.0,0.0,0.0,0.0,75.5564527257329,,,,,
海口,2017,5,20.044,110.1999,31,27.009677419354837,29.654838709677417,24.793548387096774,4.861290322580646,31.661290322580644,4.651612903225806,84.7741935483871,159.2,5.135483870967741,28,0,18.612903225806452,36.02903225806452,0,0,10.494485394265233,25,2,19.649032258064516,14,1,0,0,,,,,,,,0.0,0.0,0.0,0.0,69.2426294988239,,,,,
海口,2017,6,20.044,110.1999,30,29.103333333333335,32.27333333333333,26.56,5.713333333333334,34.61,5.506666666666666,81.03333333333333,170.5,5.683333333333334,26,2,18.013333333333332,36.74666666666667,0,2,11.467133333333333,27,0,21.844,28,1,0,0,,,,,,,,0.0,0.0,0.0,0.0,65.16800262965315,,,,35.59205558936517,
海口,2017,7,20.044,110.1999,31,27.874193548387098,30.503225806451614,25.97741935483871,4.525806451612904,32.854838709677416,4.9806451612903215,85.35483870967742,189.6,6.116129032258065,29,0,19.116129032258065,37.52903225806452,1,2,10.490015860215054,26,0,19.44161290322581,18,0,0,0,,,,,,,,0.0,0.0,0.0,0.0,67.46281341780848,,,,40.96799085003951,
海口,2017,8,20.044,110.1999,31,28.69677419354839,31.641935483870967,26.42258064516129,5.219354838709678,34.24193548387097,5.54516129032258,83.38709677419355,180.9,5.835483870967742,28,0,18.625806451612902,36.86451612903225,0,1,10.073171594982078,27,3,20.169999999999998,26,0,0,0,,,,,,,,0.0,0.0,0.0,0.0,65.60421841399734,,,,36.06308690383614,
海口,2017,9,20.044,110.1999,30,28.11,30.513333333333332,26.146666666666665,4.366666666666666,33.78,5.67,86.4,114.89999999999999,3.8299999999999996,27,1,17.346666666666668,33.6,3,3,9.798849444444445,25,2,18.6,23,0,0,0,,,,,,,,0.0,0.0,0.0,0.0,66.63679966838528,,,,,
海口,2017,10,20.044,110.1999,31,25.35483870967742,27.345161290322583,23.664516129032258,3.6806451612903226,28.019354838709678,2.6645161290322585,81.41935483870968,243.29999999999998,7.848387096774193,25,3,23.98709677419355,45.193548387096776,5,8,8.24428476702509,23,4,14.564516129032258,2,0,0,0,,,,,,,,0.0,0.0,0.0,0.0,75.27114183507311,,,,,
海口,2017,11,20.044,110.1999,30,22.94333333333333,24.513333333333332,21.540000000000003,2.9733333333333336,23.85666666666667,0.913333333333333,82.3,131.5,4.383333333333334,17,1,26.040000000000003,46.01,9,11,5.291927407407408,13,13,9.881333333333334,0,0,0,0,,,,,,,,0.0,0.0,0.0,0.0,78.05189777256228,,,,,
海口,2017,12,20.044,110.1999,31,19.270967741935483,20.87741935483871,17.929032258064513,2.948387096774194,18.16774193548387,-1.1032258064516125,75.54838709677419,10.9,0.35161290322580646,15,0,25.41290322580645,45.16451612903226,2,7,6.059310483870968,12,8,10.526129032258064,0,0,0,0,,,,,,,,0.0,0.0,0.0,0.0,79.85948459112716,,,,,81.55814572290394
海口,2018,1,20.044,110.1999,31,18.596774193548388,21.1,16.574193548387097,4.525806451612904,17.96451612903226,-0.6322580645161291,82.38709677419355,27.3,0.8806451612903226,17,0,24.470967741935485,43.6741935483871,5,5,5.1121330645161285,9,13,9.595483870967742,0,0,0,0,,,,,,,,0.0,0.0,0.0,0.0,77.29184349410733,,,,,79.06868374081829
海口,2018,2,20.044,110.1999,28,17.982142857142858,20.385714285714283,15.910714285714286,4.475,17.45714285714286,-0.5249999999999999,79.67857142857143,3.8000000000000003,0.13571428571428573,8,0,22.739285714285717,41.017857142857146,0,3,7.4858544642857145,17,5,13.896785714285715,0,0,0,0,,,,,,,,0.0,0.0,0.0,0.0,76.97701911128992,,,,,81.1823462591169
海口,2018,3,20.044,110.1999,31,22.583870967741937,26.174193548387095,19.625806451612902,6.548387096774194,23.85483870967742,1.270967741935484,79.45161290322581,16.7,0.5387096774193548,15,0,22.648387096774194,41.03225806451613,1,3,9.957151075268818,29,2,17.654838709677417,3,0,0,0,,,,,,,,0.0,0.0,0.0,0.0,79.96391026823076,,,,,
海口,2018,4,20.044,110.1999,30,24.756666666666668,28.46333333333333,21.793333333333333,6.67,27.226666666666667,2.4699999999999998,80.43333333333334,112.1,3.7366666666666664,21,0,21.863333333333333,39.72,1,2,9.505803333333334,23,3,18.106333333333335,9,2,0,0,,,,,,,,0.0,0.0,0.0,0.0,76.30137464894321,,,,,
海口,2018,5,20.044,110.1999,31,28.335483870967742,31.583870967741937,25.467741935483872,6.1161290322580655,33.52258064516129,5.187096774193549,81.54838709677419,72.1,2.325806451612903,26,0,17.299999999999997,32.47741935483871,0,0,12.366262096774195,31,0,23.10741935483871,28,0,0,0,,,,,,,,0.0,0.0,0.0,0.0,66.7643798213736,,,,,
海口,2018,6,20.044,110.1999,30,28.276666666666664,30.9,26.23,4.67,33.406666666666666,5.129999999999999,84.26666666666667,374.4,12.479999999999999,29,4,20.02,38.940000000000005,3,4,9.57632574074074,23,3,18.883333333333333,22,0,0,0,,,,,,,,0.0,0.0,0.0,0.0,66.1843065079495,,,,37.913498332839815,
海口,2018,7,20.044,110.1999,31,28.009677419354837,30.741935483870968,26.009677419354837,4.732258064516129,33.096774193548384,5.087096774193549,85.2258064516129,323.0,10.419354838709678,30,4,20.258064516129032,38.938709677419354,3,5,9.27982948028674,22,4,18.04774193548387,19,0,0,0,,,,,,,,0.0,0.0,0.0,0.0,66.83532307182527,,,,39.408644056715765,
海口,2018,8,20.044,110.1999,31,27.687096774193545,29.85483870967742,25.887096774193548,3.9677419354838706,32.92258064516129,5.235483870967742,87.61290322580645,535.6,17.27741935483871,31,6,19.55483870967742,38.06129032258064,5,6,7.776079838709678,19,7,15.825806451612904,17,0,0,0,,,,,,,,0.0,0.0,0.0,0.0,66.14497104220112,,,,39.05898657110539,
海口,2018,9,20.044,110.1999,30,27.153333333333332,29.71333333333333,24.976666666666667,4.736666666666666,32.223333333333336,5.070000000000001,86.3,168.8,5.626666666666667,28,2,17.25,32.663333333333334,2,2,9.815319074074074,26,3,18.673000000000002,13,0,0,0,,,,,,,,0.0,0.0,0.0,0.0,68.92713180004885,,,,,
海口,2018,10,20.044,110.1999,31,25.387096774193548,28.01290322580645,23.193548387096776,4.819354838709677,28.258064516129032,2.870967741935484,79.93548387096774,54.300000000000004,1.7516129032258065,24,0,19.95483870967742,36.50645161290323,0,1,10.3215229390681,30,0,17.723870967741938,0,0,0,0,,,,,,,,0.0,0.0,0.0,0.0,76.46662820563677,,,,,
海口,2018,11,20.044,110.1999,30,24.016666666666666,26.363333333333333,22.173333333333336,4.19,26.029999999999998,2.0133333333333336,81.86666666666666,54.8,1.8266666666666667,25,0,21.926666666666666,39.93666666666666,0,1,8.678149444444445,21,4,12.635666666666667,0,0,0,0,,,,,,,,0.0,0.0,0.0,0.0,78.94760528840193,,,,,
海口,2018,12,20.044,110.1999,31,20.80322580645161,22.809677419354838,19.11935483870968,3.6903225806451605,21.164516129032258,0.36129032258064536,84.64516129032258,34.1,1.1,26,0,24.561290322580643,43.903225806451616,5,10,5.851030465949822,15,11,9.536451612903226,0,0,0,0,,,,,,,,0.0,0.0,0.0,0.0,76.99023765062324,,,,,80.9299479477865
海口,2019,1,20.044,110.1999,31,19.583870967741937,21.74516129032258,17.76451612903226,3.9806451612903224,19.648387096774194,0.06451612903225812,85.2258064516129,20.4,0.6580645161290322,23,0,23.148387096774194,42.303225806451614,0,2,7.341561469534049,18,5,12.010645161290322,0,0,0,0,,,,,,,,0.0,0.0,0.0,0.0,79.36119495975554,,,,,81.03241622987426
海口,2019,2,20.044,110.1999,28,23.539285714285715,27.282142857142855,20.72142857142857,6.560714285714285,25.325,1.785714285714286,83.0,29.1,1.0392857142857144,16,0,23.13214285714286,41.05714285714286,1,2,9.528171924603175,25,1,16.070357142857144,5,0,0,0,,,,,,,,0.0,0.0,0.0,0.0,79.80461711080063,,,,,86.47062646558608
海口,2019,3,20.044,110.1999,31,24.567741935483873,28.161290322580644,21.845161290322583,6.316129032258065,26.80322580645161,2.235483870967742,82.09677419354838,40.3,1.2999999999999998,20,0,22.61935483870968,40.722580645161294,0,3,9.091926075268818,25,3,16.478709677419353,10,0,0,0,,,,,,,,0.0,0.0,0.0,0.0,77.95301216965336,,,,,
海口,2019,4,20.044,110.1999,30,28.066666666666666,32.236666666666665,24.88,7.356666666666667,31.823333333333334,3.7566666666666664,78.0,41.3,1.3766666666666665,17,0,21.686666666666667,39.56666666666667,0,1,11.171866759259258,30,0,20.98966666666667,21,4,0,0,,,,,,,,0.0,0.0,0.0,0.0,70.31385273234201,,,,,
海口,2019,5,20.044,110.1999,31,27.822580645161292,30.9,25.693548387096776,5.206451612903226,32.99032258064516,5.16774193548387,85.35483870967742,201.5,6.5,27,1,18.529032258064515,35.99354838709677,0,0,9.891704211469534,23,0,19.33516129032258,20,2,0,0,,,,,,,,0.0,0.0,0.0,0.0,67.68187646314404,,,,,
海口,2019,6,20.044,110.1999,30,29.726666666666667,33.11666666666667,27.153333333333332,5.963333333333333,35.70666666666667,5.980000000000001,81.0,115.1,3.8366666666666664,23,0,16.87333333333333,34.21666666666667,0,2,11.115139814814816,27,1,21.526999999999997,28,3,0,0,,,,,,,,0.0,0.0,0.0,0.0,63.819519469315296,,,,33.61872657493456,
海口,2019,7,20.044,110.1999,31,29.625806451612902,32.696774193548386,27.0258064516129,5.670967741935483,35.15161290322581,5.525806451612904,79.35483870967742,174.4,5.625806451612903,26,2,18.870967741935484,37.33548387096774,3,4,11.573628853046596,28,0,22.206129032258065,27,3,0,0,,,,,,,,0.0,0.0,0.0,0.0,64.66370778242259,,,,35.52265556100154,
海口,2019,8,20.044,110.1999,31,28.31935483870968,30.74516129032258,26.361290322580647,4.383870967741935,34.16129032258065,5.841935483870968,86.45161290322581,462.5,14.919354838709678,29,2,17.538709677419355,35.58709677419355,3,3,9.465108960573478,22,1,18.833225806451615,23,0,0,0,,,,,,,,0.0,0.0,0.0,0.0,65.53807143175136,,,,36.211582775467775,
海口,2019,9,20.044,110.1999,30,27.046666666666667,29.363333333333333,24.736666666666668,4.626666666666667,31.773333333333333,4.7266666666666675,84.8,157.9,5.263333333333334,23,2,18.873333333333335,35.8,2,3,9.93162,26,2,19.227333333333334,10,0,0,0,,,,,,,,0.0,0.0,0.0,0.0,69.4368574236993,,,,,
海口,2019,10,20.044,110.1999,31,26.103225806451615,28.85483870967742,23.596774193548388,5.258064516129032,28.958064516129035,2.8548387096774195,78.7741935483871,56.7,1.8290322580645162,24,0,22.129032258064516,40.81935483870968,3,4,10.012159139784947,28,1,16.886129032258065,8,0,0,0,,,,,,,,0.0,0.0,0.0,0.0,75.10773969049608,,,,,
海口,2019,11,20.044,110.1999,30,23.55666666666667,26.196666666666665,21.07,5.126666666666667,24.636666666666667,1.0800000000000005,76.5,21.1,0.7033333333333334,16,0,24.763333333333332,45.35333333333334,3,5,9.759937500000001,27,2,15.237666666666666,0,0,0,0,,,,,,,,0.0,0.0,0.0,0.0,81.81906500037047,,,,,
海口,2019,12,20.044,110.1999,31,20.67096774193548,23.125806451612902,18.641935483870967,4.483870967741935,20.316129032258065,-0.3548387096774191,74.38709677419355,9.299999999999999,0.3,13,0,23.87741935483871,43.76774193548387,2,6,8.638474731182795,23,3,12.753870967741936,0,0,0,0,,,,,,,,0.0,0.0,0.0,0.0,81.53844277441682,,,,,84.50988632668357
海口,2020,1,20.044,110.1999,31,20.758064516129032,23.967741935483872,18.46451612903226,5.503225806451613,21.041935483870965,0.2838709677419353,79.6774193548387,32.9,1.0612903225806452,17,0,23.403225806451612,42.832258064516125,1,3,8.422246146953405,24,2,13.11483870967742,0,0,0,0,,,,,,,,0.0,0.0,0.0,0.0,81.82815173365348,,,,,83.97137178708256
海口,2020,2,20.044,110.1999,29,20.727586206896554,23.803448275862067,18.53793103448276,5.26551724137931,21.117241379310343,0.3896551724137929,82.96551724137932,32.0,1.103448275862069,22,0,24.46206896551724,44.43103448275862,2,6,8.84434233716475,24,2,14.326896551724138,1,0,0,0,,,,,,,,0.0,0.0,0.0,0.0,80.23824014870179,,,,,83.35225164674206
海口,2020,3,20.044,110.1999,31,24.970967741935485,28.83225806451613,22.12258064516129,6.709677419354839,27.080645161290324,2.109677419354839,80.03225806451613,31.3,1.0096774193548388,17,0,23.58709677419355,41.76129032258064,2,4,9.138572043010752,23,2,16.799354838709675,11,0,0,0,,,,,,,,0.0,0.0,0.0,0.0,77.76161562026645,,,,,
海口,2020,4,20.044,110.1999,30,24.436666666666667,27.333333333333332,21.953333333333333,5.379999999999999,26.31,1.8733333333333335,79.76666666666667,65.39999999999999,2.1799999999999997,18,0,23.39,42.09666666666667,3,5,8.34149287037037,21,6,16.658333333333335,7,0,0,0,,,,,,,,0.0,0.0,0.0,0.0,78.16419285331095,,,,,
海口,2020,5,20.044,110.1999,31,29.361290322580647,33.42580645161291,26.177419354838708,7.248387096774193,34.26774193548387,4.906451612903226,76.12903225806451,91.9,2.9645161290322584,19,0,18.94193548387097,38.10645161290322,0,1,11.572516845878136,30,0,22.59516129032258,29,9,0,0,,,,,,,,0.0,0.0,0.0,0.0,66.77974529125862,,,,,
海口,2020,6,20.044,110.1999,30,30.396666666666665,34.71,27.176666666666666,7.533333333333333,34.916666666666664,4.52,72.93333333333334,96.0,3.2,21,1,21.736666666666668,41.519999999999996,0,2,11.84361962962963,29,0,22.779666666666667,30,17,0,0,,,,,,,,0.0,0.0,0.0,0.0,65.61205920828189,,,,35.60998867755934,
海口,2020,7,20.044,110.1999,31,30.84193548387097,34.99354838709677,27.306451612903224,7.687096774193549,35.400000000000006,4.558064516129033,69.48387096774194,53.2,1.7161290322580647,24,0,20.5258064516129,40.141935483870974,1,2,12.352444802867385,30,0,23.898064516129033,30,15,0,0,,,,,,,,0.0,0.0,0.0,0.0,65.54328487624535,,,,35.95959002589762,
海口,2020,8,20.044,110.1999,31,28.219354838709677,31.138709677419353,25.983870967741936,5.154838709677419,33.78387096774193,5.564516129032258,85.09677419354838,212.4,6.851612903225806,28,1,16.34193548387097,32.7,0,0,9.534071684587813,22,1,19.208064516129035,27,0,0,0,,,,,,,,0.0,0.0,0.0,0.0,67.28503661676685,,,,36.10617287424942,
海口,2020,9,20.044,110.1999,30,28.220000000000002,30.88,26.133333333333333,4.746666666666667,33.9,5.680000000000001,85.06666666666666,139.2,4.64,28,0,15.7,31.896666666666665,1,1,9.053075648148148,23,2,17.991333333333333,23,0,0,0,,,,,,,,0.0,0.0,0.0,0.0,67.24921143585193,,,,,
海口,2020,10,20.044,110.1999,31,25.36774193548387,26.870967741935484,24.06451612903226,2.806451612903226,26.593548387096774,1.2258064516129032,80.61290322580645,225.4,7.270967741935484,24,4,32.47741935483871,57.225806451612904,19,20,6.709990949820789,15,7,12.93032258064516,1,0,0,0,,,,,,,,0.0,0.0,0.0,0.0,75.99884526976878,,,,,
海口,2020,11,20.044,110.1999,30,23.34333333333333,24.913333333333334,21.866666666666667,3.046666666666667,24.35,1.0066666666666668,80.26666666666667,29.900000000000002,0.9966666666666667,17,0,26.473333333333336,47.42666666666666,6,12,8.61356509259259,23,3,13.235999999999999,0,0,0,0,,,,,,,,0.0,0.0,0.0,0.0,80.26108241020661,,,,,
海口,2020,12,20.044,110.1999,31,18.874193548387098,20.596774193548388,17.461290322580645,3.135483870967742,17.938709677419357,-0.9354838709677418,77.19354838709677,17.7,0.5709677419354838,15,0,24.261290322580646,43.67741935483871,4,5,6.240621953405018,13,7,10.570322580645161,0,0,0,0,,,,,,,,0.0,0.0,0.0,0.0,79.00165460232442,,,,,81.25551018568898
海口,2021,1,20.044,110.1999,31,16.62258064516129,19.25483870967742,14.167741935483871,5.087096774193548,15.170967741935485,-1.4516129032258063,76.41935483870968,17.0,0.5483870967741935,13,0,23.296774193548387,42.79677419354839,3,5,7.787763440860215,21,5,13.727741935483872,0,0,0,0,,,,,,,,0.0,0.0,0.0,0.0,75.03533451877759,,,,,80.75768309137814
海口,2021,2,20.044,110.1999,28,19.864285714285717,23.36785714285714,16.728571428571428,6.639285714285714,20.607142857142858,0.7428571428571431,84.89285714285714,77.9,2.7821428571428575,10,2,21.842857142857145,41.589285714285715,1,5,9.039997718253968,23,3,16.497857142857143,1,0,0,0,,,,,,,,0.0,0.0,0.0,0.0,79.8742914015628,,,,,82.65380501146356
海口,2021,3,20.044,110.1999,31,24.106451612903225,27.687096774193545,21.31935483870968,6.367741935483871,25.822580645161292,1.7161290322580642,80.12903225806451,23.0,0.7419354838709677,16,0,22.958064516129035,41.4741935483871,2,4,9.196946236559139,24,2,16.206774193548387,6,2,0,0,,,,,,,,0.0,0.0,0.0,0.0,79.23994214512396,,,,,
海口,2021,4,20.044,110.1999,30,26.246666666666666,29.69333333333333,23.6,6.093333333333333,29.43,3.183333333333333,81.06666666666666,86.30000000000001,2.876666666666667,26,0,20.90666666666667,38.5,0,1,9.961023148148147,27,2,18.174,12,1,0,0,,,,,,,,0.0,0.0,0.0,0.0,73.90632662546975,,,,,
海口,2021,5,20.044,110.1999,31,30.083870967741937,34.46774193548387,26.251612903225805,8.216129032258063,34.193548387096776,4.109677419354839,71.29032258064517,27.8,0.8967741935483872,25,0,21.48709677419355,40.00645161290323,0,0,12.477956989247312,30,0,23.216129032258067,28,18,0,0,,,,,,,,0.0,0.0,0.0,0.0,66.8600464682022,,,,,
海口,2021,6,20.044,110.1999,30,30.266666666666666,34.01,27.253333333333334,6.756666666666667,35.07,4.803333333333334,73.13333333333334,111.2,3.7066666666666666,25,1,19.433333333333334,41.18,1,4,11.02318388888889,25,0,21.208333333333332,29,12,0,0,,,,,,,,0.0,0.0,0.0,0.0,66.2378665220224,,,,35.321708945359774,
海口,2021,7,20.044,110.1999,31,29.58709677419355,32.770967741935486,26.86774193548387,5.903225806451613,34.60645161290322,5.019354838709678,77.2258064516129,123.7,3.990322580645161,28,0,19.19677419354839,39.50967741935484,1,4,10.87287858422939,26,2,20.82709677419355,29,4,0,0,,,,,,,,0.0,0.0,0.0,0.0,65.78750132923626,,,,35.78422875989107,
海口,2021,8,20.044,110.1999,31,28.970967741935485,31.929032258064513,26.74516129032258,5.183870967741935,34.09032258064516,5.119354838709677,80.51612903225806,147.1,4.745161290322581,26,0,19.951612903225808,36.07096774193548,1,1,10.18054211469534,26,2,19.82935483870968,29,0,0,0,,,,,,,,0.0,0.0,0.0,0.0,66.52371066292407,,,,35.78179574150938,
海口,2021,9,20.044,110.1999,30,27.77,30.6,25.44,5.16,33.14,5.37,85.26666666666667,123.60000000000001,4.12,29,0,16.486666666666668,34.56333333333334,0,2,10.136504814814815,27,0,18.820666666666668,23,0,0,0,,,,,,,,0.0,0.0,0.0,0.0,68.18909430425968,,,,,
海口,2021,10,20.044,110.1999,31,25.483870967741936,27.57741935483871,23.570967741935487,4.006451612903226,27.593548387096774,2.109677419354839,82.61290322580645,357.8,11.541935483870969,27,4,29.35483870967742,51.438709677419354,10,13,6.785297759856631,16,6,13.109032258064516,6,0,0,0,,,,,,,,0.0,0.0,0.0,0.0,74.61917541669645,,,,,
海口,2021,11,20.044,110.1999,30,22.886666666666667,25.196666666666665,20.96333333333333,4.233333333333333,23.903333333333332,1.0166666666666666,76.9,39.0,1.3,14,0,22.736666666666668,39.81666666666667,2,2,9.72048601851852,28,1,14.814666666666666,0,0,0,0,,,,,,,,0.0,0.0,0.0,0.0,81.57246514898526,,,,,
海口,2021,12,20.044,110.1999,31,19.612903225806452,21.316129032258065,17.951612903225808,3.3645161290322583,18.770967741935483,-0.8419354838709675,77.64516129032258,78.7,2.5387096774193547,18,1,25.967741935483872,45.432258064516134,7,9,7.242075089605735,18,7,11.836129032258064,0,0,0,0,,,,,,,,0.0,0.0,0.0,0.0,79.8397843077327,,,,,82.02883394423547
海口,2022,1,20.044,110.1999,31,19.883870967741935,22.154838709677417,18.17096774193548,3.9838709677419355,20.338709677419356,0.45483870967741985,86.7741935483871,61.0,1.967741935483871,29,0,22.316129032258065,39.39677419354839,1,2,7.010287365591398,18,5,11.526451612903225,0,0,0,0,,,,,,,,0.0,0.0,0.0,0.0,79.73439814962181,,,,,80.75339861124156
海口,2022,2,20.044,110.1999,28,17.946428571428573,20.178571428571427,15.924999999999999,4.253571428571429,17.382142857142856,-0.5642857142857144,85.42857142857143,85.8,3.064285714285714,23,0,23.74285714285714,41.121428571428574,1,2,4.202393948412698,6,15,10.23,0,0,0,0,,,,,,,,0.0,0.0,0.0,0.0,74.5546718213816,,,,,77.14564881016085
海口,2022,3,20.044,110.1999,31,23.23548387096774,26.17096774193548,20.774193548387096,5.396774193548387,25.516129032258064,2.2806451612903227,86.80645161290323,55.1,1.7774193548387098,22,0,22.364516129032257,39.66451612903226,0,2,8.134846684587814,19,2,15.675483870967742,5,0,0,0,,,,,,,,0.0,0.0,0.0,0.0,78.53387700038938,,,,,
海口,2022,4,20.044,110.1999,30,24.11,27.28666666666667,21.266666666666666,6.02,26.52,2.4099999999999997,83.3,95.9,3.1966666666666668,17,0,22.60666666666667,39.95,2,2,9.583900925925926,23,4,19.604,9,0,0,0,,,,,,,,0.0,0.0,0.0,0.0,75.334051403845,,,,,
海口,2022,5,20.044,110.1999,31,25.809677419354838,28.567741935483873,23.82903225806452,4.738709677419355,29.94516129032258,4.135483870967741,86.7741935483871,363.0,11.709677419354838,29,4,18.625806451612902,34.74193548387097,1,1,8.695859139784947,20,3,17.82967741935484,11,0,0,0,,,,,,,,0.0,0.0,0.0,0.0,72.09277413366686,,,,,
海口,2022,6,20.044,110.1999,30,28.873333333333335,32.306666666666665,26.396666666666665,5.91,34.29,5.416666666666667,82.3,159.9,5.33,25,0,19.05,35.18,0,0,10.800486296296297,24,1,22.342,27,0,0,0,,,,,,,,0.0,0.0,0.0,0.0,65.81303879532048,,,,35.90020366432911,
海口,2022,7,20.044,110.1999,31,28.52258064516129,31.258064516129032,26.13225806451613,5.125806451612903,34.061290322580646,5.538709677419355,84.41935483870968,371.8,11.993548387096775,28,5,18.738709677419354,34.65806451612904,2,2,10.831701433691757,26,2,21.697741935483872,29,0,0,0,,,,,,,,0.0,0.0,0.0,0.0,64.86885707543125,,,,35.48488868893005,
海口,2022,8,20.044,110.1999,31,27.91290322580645,30.616129032258065,25.751612903225805,4.864516129032259,33.23870967741936,5.325806451612903,85.2258064516129,407.1,13.13225806451613,27,1,18.18064516129032,34.08709677419355,1,3,9.433369982078853,21,1,19.405161290322578,23,0,0,0,,,,,,,,0.0,0.0,0.0,0.0,67.10688238299736,,,,37.98857496619893,
海口,2022,9,20.044,110.1999,30,27.5,30.02,25.209999999999997,4.8100000000000005,32.27,4.7700000000000005,83.06666666666666,160.0,5.333333333333333,21,1,18.533333333333335,34.92333333333333,2,2,9.60330037037037,24,3,19.44366666666667,17,0,0,0,,,,,,,,0.0,0.0,0.0,0.0,69.27585934804863,,,,,
海口,2022,10,20.044,110.1999,31,25.17096774193548,27.203225806451613,23.11935483870968,4.083870967741936,26.96451612903226,1.7935483870967746,77.0,198.7,6.409677419354838,17,2,25.32903225806452,44.18064516129032,8,8,9.028615860215053,25,4,16.51774193548387,0,0,0,0,,,,,,,,0.0,0.0,0.0,0.0,77.18832979818767,,,,,
海口,2022,11,20.044,110.1999,30,24.453333333333333,26.753333333333334,22.876666666666665,3.876666666666667,27.026666666666664,2.573333333333333,85.2,82.7,2.756666666666667,27,0,22.459999999999997,39.49666666666667,2,3,8.561328888888887,22,3,13.247333333333334,2,0,0,0,,,,,,,,0.0,0.0,0.0,0.0,76.85219497130306,,,,,
海口,2022,12,20.044,110.1999,31,18.406451612903226,20.138709677419353,16.616129032258065,3.52258064516129,16.9,-1.506451612903226,74.54838709677419,23.3,0.7516129032258064,16,0,25.716129032258067,44.4741935483871,3,4,6.506419982078853,16,10,11.634193548387097,0,0,0,0,,,,,,,,0.0,0.0,0.0,0.0,77.77653725420532,,,,,81.28982978254501
海口,2023,1,20.044,110.1999,31,17.538709677419355,19.23225806451613,15.69032258064516,3.5419354838709682,16.729032258064517,-0.8096774193548387,83.06451612903226,78.8,2.541935483870968,21,0,23.01290322580645,40.16451612903226,3,3,4.286213620071685,8,15,9.55258064516129,0,0,0,0,29.772043010752686,47.99731182795699,548.2728494623656,16.848790322580644,17.581854838709678,76.5524193548387,0.26075268817204295,24.0,0.0,0.0,1.0,74.37097503630358,91.48805993758705,79.50610050668863,8.511940062412942,,81.01897236665151
海口,2023,2,20.044,110.1999,28,20.675,23.446428571428573,18.460714285714285,4.985714285714286,21.146428571428572,0.47142857142857075,83.46428571428571,51.2,1.8285714285714287,17,1,23.885714285714283,41.146428571428565,4,3,8.175284424603175,20,3,14.734285714285715,1,0,0,0,24.036309523809525,39.15148809523809,325.0431547619047,12.370535714285714,8.667708333333334,80.14285714285714,0.07589285714285714,23.0,0.0,0.0,9.0,79.27494022638062,92.56907508970468,83.26318068537783,7.430924910295318,,85.21404065175527
海口,2023,3,20.044,110.1999,31,22.948387096774194,26.796774193548387,19.73225806451613,7.064516129032258,24.4741935483871,1.525806451612903,79.96774193548387,27.1,0.8741935483870968,10,0,23.26451612903226,40.99677419354839,2,3,10.42018853046595,26,0,19.028387096774193,4,1,0,0,35.55591397849462,55.174193548387095,323.366935483871,15.384543010752688,7.966397849462366,85.39650537634408,0.1922043010752688,15.0,0.0,0.0,8.0,80.19189525288124,90.85486780419849,83.39078701827641,9.14513219580151,,
海口,2023,4,20.044,110.1999,30,26.490000000000002,30.303333333333335,23.866666666666667,6.436666666666666,29.566666666666666,3.0766666666666667,81.4,53.0,1.7666666666666666,27,0,23.790000000000003,41.94666666666667,2,3,10.054838055555557,26,2,19.11733333333333,17,2,0,0,40.556111111111115,61.13111111111111,358.78611111111115,14.437083333333334,7.262777777777777,79.525,0.16527777777777777,14.0,2.0,0.0,4.0,73.17436711673463,90.60810715744455,78.40448912894762,9.391892842555455,,
海口,2023,5,20.044,110.1999,31,28.316129032258065,31.961290322580645,25.493548387096773,6.467741935483871,33.01935483870968,4.703225806451612,81.83870967741936,105.7,3.4096774193548387,23,0,21.53548387096774,37.935483870967744,1,1,10.61526559139785,25,3,21.638387096774192,23,5,0,0,24.98736559139785,37.90161290322581,273.88440860215053,12.209005376344084,6.748655913978495,79.40322580645162,0.11290322580645161,25.0,0.0,0.0,1.0,66.98058640374957,92.61745676395688,74.67164751181177,7.382543236043122,,
海口,2023,6,20.044,110.1999,30,28.69,31.77,26.41,5.359999999999999,34.46,5.77,83.96666666666667,246.5,8.216666666666667,29,1,17.413333333333334,32.22666666666667,0,0,10.192358796296297,25,2,20.47233333333333,25,0,0,0,18.172361111111112,26.998749999999998,224.675,12.995555555555557,6.275833333333334,68.54444444444445,0.004166666666666667,29.0,0.0,0.0,1.0,65.38413348680767,93.96136597166209,73.95730323226398,6.038634028337921,35.7171877727022,
海口,2023,7,20.044,110.1999,31,29.229032258064517,32.2,26.712903225806453,5.4870967741935495,34.76774193548387,5.538709677419355,81.35483870967742,271.0,8.741935483870968,29,3,20.248387096774195,36.94516129032258,2,2,11.530537992831542,28,1,23.04806451612903,30,0,0,0,13.668010752688172,20.960483870967742,187.99327956989245,6.738037634408602,4.22258064516129,79.53360215053763,0.05510752688172043,31.0,0.0,0.0,2.0,64.16659832162547,94.32207869459484,73.21324243351629,5.677921305405168,34.74893041818415,
海口,2023,8,20.044,110.1999,31,28.48709677419355,31.258064516129032,26.225806451612904,5.032258064516129,34.34516129032258,5.858064516129032,83.70967741935483,218.79999999999998,7.058064516129032,28,1,16.15483870967742,33.16451612903226,1,1,10.143032437275986,26,0,20.559354838709677,25,0,0,0,16.325,24.489650537634407,233.83736559139783,9.598790322580646,5.290322580645161,76.60483870967742,0.8225806451612904,31.0,0.0,0.0,3.0,66.48901019548109,93.95578110459486,74.72904146821521,6.044218895405133,36.296630687417526,
海口,2023,9,20.044,110.1999,30,27.323333333333334,29.84333333333333,25.336666666666666,4.506666666666667,32.663333333333334,5.34,87.4,320.1,10.67,29,3,17.246666666666666,32.52333333333333,1,3,8.068673333333333,18,4,17.145,16,0,0,0,16.640138888888888,25.553333333333335,251.67777777777778,10.180000000000001,5.873055555555555,77.71388888888889,0.0,30.0,0.0,0.0,7.0,68.36522261326768,93.80306346696788,75.99657486937774,6.196936533032111,,
海口,2023,10,20.044,110.1999,31,26.106451612903225,28.0,24.461290322580645,3.5387096774193556,29.322580645161292,3.2161290322580647,84.48387096774194,281.4,9.077419354838709,29,2,24.13225806451613,43.0,7,10,7.090602240143369,13,4,14.059354838709679,4,0,0,0,19.4627688172043,32.99180107526882,319.18145161290323,9.233333333333334,6.815725806451613,97.78897849462366,0.036290322580645164,30.0,0.0,0.0,13.0,73.08739490528085,92.42237504236213,78.88788894640524,7.577624957637859,,
海口,2023,11,20.044,110.1999,30,23.803333333333335,25.993333333333332,21.793333333333333,4.2,25.436666666666667,1.6333333333333333,80.23333333333333,75.1,2.503333333333333,22,1,23.763333333333332,42.123333333333335,4,7,8.651322222222223,22,5,14.056333333333333,0,0,0,0,19.623055555555553,35.80986111111111,282.9625,9.520000000000001,8.971527777777776,86.17638888888888,0.23472222222222222,29.0,0.0,0.0,7.0,78.81641088057862,92.92304793115439,83.04840199575135,7.076952068845617,,
海口,2023,12,20.044,110.1999,31,20.61935483870968,22.85483870967742,18.706451612903226,4.148387096774194,20.725806451612904,0.1064516129032256,80.12903225806451,32.7,1.0548387096774194,20,0,23.806451612903224,41.70645161290323,5,6,6.191588440860215,16,10,10.608387096774194,0,0,0,0,19.491263440860212,34.244758064516134,369.7056451612903,11.52271505376344,10.420967741935485,69.41263440860214,0.05241935483870968,31.0,0.0,0.0,0.0,78.67590891910524,93.5671374231764,83.1432774703266,6.4328625768236,,84.98827095783497
海口,2024,1,20.044,110.1999,31,20.093548387096774,22.76774193548387,17.81935483870968,4.948387096774193,20.016129032258064,-0.07741935483870946,81.29032258064517,31.0,1.0,28,0,23.893548387096775,42.71612903225807,1,5,7.657020250896058,23,6,12.386129032258065,0,0,0,0,19.224059139784945,34.16975806451613,367.9556451612903,8.77768817204301,5.959005376344086,82.74462365591398,0.05779569892473119,30.0,0.0,0.0,4.0,80.48255595690762,93.15760507927266,84.28507069361712,6.842394920727353,,85.0950193091906
海口,2024,2,20.044,110.1999,29,21.7448275862069,25.24137931034483,18.96896551724138,6.272413793103448,22.413793103448278,0.6689655172413793,81.72413793103448,20.7,0.7137931034482758,16,0,23.603448275862068,41.51379310344828,2,3,7.149759578544061,18,6,14.079310344827586,4,0,0,0,15.844252873563219,26.399425287356323,317.4080459770115,10.090948275862068,5.302442528735632,68.69971264367815,0.3850574712643678,29.0,0.0,0.0,3.0,79.7516813307527,94.26155092640406,84.1046422094481,5.738449073595939,,86.15861627951219
海口,2024,3,20.044,110.1999,31,23.719354838709677,27.200000000000003,20.996774193548386,6.203225806451614,25.39032258064516,1.6709677419354838,81.54838709677419,46.300000000000004,1.4935483870967743,20,0,24.293548387096774,41.958064516129035,4,5,7.787273207885304,19,4,15.689032258064517,8,0,0,0,19.371774193548386,31.24005376344086,327.84005376344084,10.022311827956988,4.594086021505376,74.84005376344085,0.4489247311827957,31.0,0.0,0.0,2.0,77.55675657056089,93.56375799373205,82.35885699751223,6.4362420062679435,,
海口,2024,4,20.044,110.1999,30,29.126666666666665,33.86666666666667,25.766666666666666,8.1,32.526666666666664,3.3999999999999995,74.0,64.5,2.15,15,0,25.926666666666666,45.419999999999995,6,11,11.367538333333334,29,0,21.706,26,11,0,0,18.77388888888889,29.02,245.42916666666667,6.44013888888889,3.3230555555555554,80.65833333333333,0.3611111111111111,28.0,0.0,0.0,2.0,68.93949935745073,93.64581737136413,76.35139476162475,6.354182628635863,,
海口,2024,5,20.044,110.1999,31,27.44516129032258,30.212903225806453,25.43548387096774,4.77741935483871,32.5,5.054838709677419,85.90322580645162,344.4,11.109677419354838,30,3,19.200000000000003,36.512903225806454,0,1,9.02076164874552,20,2,18.082580645161293,19,0,0,0,18.678763440860212,29.09583333333333,270.22983870967744,8.805779569892474,4.560618279569892,90.0752688172043,0.3602150537634408,29.0,0.0,0.0,10.0,68.45018899733847,93.02971421373572,75.82404656225764,6.970285786264283,,
海口,2024,6,20.044,110.1999,30,29.026666666666664,32.276666666666664,26.683333333333334,5.593333333333334,34.723333333333336,5.696666666666666,83.33333333333333,251.29999999999998,8.376666666666667,27,3,18.186666666666667,34.54333333333333,0,0,10.597220648148149,23,1,21.297,26,0,0,0,14.630555555555556,21.972638888888888,214.24444444444444,7.847916666666666,4.304305555555556,75.14166666666667,0.09305555555555554,30.0,0.0,0.0,1.0,65.03675424265852,94.3482451090704,73.83020150258207,5.651754890929598,35.18607302887863,
海口,2024,7,20.044,110.1999,31,28.874193548387098,32.05806451612903,26.567741935483873,5.490322580645161,33.9741935483871,5.1000000000000005,81.38709677419355,195.9,6.319354838709677,30,1,20.364516129032257,37.60322580645161,1,2,10.752677956989247,26,0,21.104193548387098,29,0,0,0,10.460887096774192,16.2505376344086,169.58602150537632,6.188978494623656,3.585349462365591,68.11827956989247,0.06854838709677419,31.0,0.0,0.0,1.0,66.36712522695188,95.30638615864886,75.04890350646097,4.693613841351139,36.098066443320185,
海口,2024,8,20.044,110.1999,31,28.990322580645163,32.167741935483875,26.419354838709676,5.748387096774193,35.061290322580646,6.070967741935484,82.2258064516129,158.0,5.096774193548387,28,0,15.48709677419355,32.119354838709675,0,0,10.56179641577061,26,1,21.70258064516129,29,0,0,0,17.093413978494624,25.89206989247312,232.9274193548387,9.970698924731183,5.303763440860215,78.9502688172043,0.2782258064516129,31.0,0.0,0.0,2.0,65.555361718133,93.73186850870442,74.00831375530443,6.268131491295568,34.287308810925666,
海口,2024,9,20.044,110.1999,30,27.64333333333333,30.026666666666664,25.41,4.616666666666666,32.736666666666665,5.093333333333334,86.46666666666667,444.0,14.8,29,5,23.043333333333333,43.263333333333335,5,5,8.015864537037038,21,7,17.159333333333333,14,0,0,0,19.273194444444446,29.475555555555555,258.3736111111111,10.673055555555555,5.865972222222222,87.4111111111111,0.10972222222222223,30.0,0.0,0.0,7.0,66.23026405880645,92.99296332557466,74.25907383883691,7.007036674425334,,
海口,2024,10,20.044,110.1999,31,25.970967741935485,28.203225806451613,23.916129032258063,4.287096774193548,28.438709677419357,2.467741935483871,78.41935483870968,240.1,7.745161290322581,22,3,25.574193548387097,45.096774193548384,5,7,8.929463799283154,23,3,16.43967741935484,2,0,0,0,20.403225806451612,33.84852150537634,305.6545698924731,8.725537634408603,7.55739247311828,105.17204301075269,0.0793010752688172,30.0,0.0,0.0,18.0,75.11390316613254,91.98524156188385,80.17530468485795,8.01475843811615,,
海口,2024,11,20.044,110.1999,30,23.470000000000002,25.203333333333333,21.85,3.353333333333333,24.626666666666665,1.1566666666666663,78.46666666666667,91.0,3.033333333333333,18,2,23.83,44.080000000000005,4,10,7.993287037037037,21,5,13.800999999999998,0,0,0,0,22.600833333333334,30.36527777777778,361.7,9.74513888888889,11.5725,91.82361111111112,0.07916666666666666,28.0,0.0,0.0,11.0,80.3106832716262,92.29490615878787,83.9059501377747,7.705093841212128,,
海口,2024,12,20.044,110.1999,31,19.596774193548388,21.719354838709677,17.919354838709676,3.8,18.60967741935484,-0.9870967741935484,72.74193548387096,3.6,0.11612903225806452,9,0,23.822580645161292,45.0,2,5,6.923278315412186,18,8,11.830645161290322,0,0,0,0,28.44502688172043,30.585752688172043,445.13709677419354,7.964112903225806,16.136559139784946,99.95161290322581,0.09408602150537634,24.0,0.0,0.0,15.0,80.59717214406768,91.26000827777068,83.79602298417858,8.739991722229334,,85.3668184944066
海口,2025,1,20.044,110.1999,31,18.061290322580643,21.019354838709678,15.358064516129033,5.661290322580645,16.948387096774194,-1.1129032258064515,73.25806451612904,12.7,0.4096774193548387,11,0,22.648387096774194,44.11612903225806,0,6,8.822531272401433,26,3,15.074193548387097,0,0,0,0,28.35793010752688,30.789381720430107,426.0013440860215,9.866666666666667,13.997849462365592,106.25,0.41397849462365593,22.0,0.0,0.0,22.0,78.68964072761482,90.91563102106402,82.35743781564958,9.084368978935991,,85.26833299627495
海口,2025,2,20.044,110.1999,28,19.314285714285713,21.928571428571427,17.41785714285714,4.510714285714286,18.99642857142857,-0.31785714285714295,82.64285714285714,15.3,0.5464285714285715,15,0,23.467857142857145,44.80714285714286,1,7,5.545874404761904,8,8,12.162857142857144,0,0,0,0,21.494642857142857,24.40357142857143,366.41517857142856,8.825148809523808,6.8374999999999995,90.85863095238095,0.6011904761904762,28.0,0.0,0.0,7.0,79.72454531049743,92.64434727230993,83.60048589904117,7.3556527276900665,,83.21932282457247
海口,2025,3,20.044,110.1999,31,21.603225806451615,25.061290322580643,18.59032258064516,6.470967741935484,22.503225806451614,0.9,80.09677419354838,30.900000000000002,0.9967741935483871,17,0,22.483870967741936,41.696774193548386,3,6,7.414910752688172,20,9,15.866774193548387,6,0,0,0,24.88991935483871,27.473387096774193,337.52016129032256,9.645698924731182,7.27768817204301,90.2244623655914,2.053763440860215,26.0,0.0,1.0,10.0,77.68418305525502,92.28330023318999,82.06391820863551,7.71669976681001,,
海口,2025,4,20.044,110.1999,30,25.60666666666667,29.833333333333332,22.033333333333335,7.8,28.023333333333333,2.4166666666666665,73.3,83.3,2.7766666666666664,15,1,20.436666666666667,39.72,1,4,10.435919351851851,25,1,20.026333333333334,17,2,0,0,27.49277777777778,32.30611111111111,356.56388888888887,10.48263888888889,6.340416666666667,97.58055555555555,6.419444444444445,24.0,0.0,5.0,12.0,76.6725017187997,91.55817912708316,81.13820494128474,8.44182087291683,,
海口,2025,5,20.044,110.1999,31,27.677419354838708,31.02258064516129,25.1,5.922580645161291,32.403225806451616,4.725806451612903,82.2258064516129,252.9,8.158064516129032,29,3,18.870967741935484,36.37419354838709,0,3,11.128656272401434,27,1,21.42225806451613,22,1,0,0,17.371774193548386,19.052016129032257,309.3024193548387,8.851075268817205,5.593548387096774,90.9502688172043,0.6881720430107526,31.0,0.0,0.0,10.0,68.3634352801412,93.18088080416331,75.80866893734782,6.819119195836693,,
海口,2025,6,20.044,110.1999,30,28.63,31.953333333333333,26.076666666666664,5.876666666666666,33.76,5.129999999999999,82.93333333333334,328.5,10.95,29,4,20.126666666666665,38.88,4,4,10.058157407407407,22,3,20.607000000000003,27,0,0,0,12.944305555555555,14.150138888888888,258.7805555555555,7.130416666666666,5.320972222222222,81.54027777777779,0.3152777777777778,30.0,0.0,0.0,4.0,66.04902992069886,94.27243279175492,74.51605078201568,5.727567208245083,36.116725272554696,
海口,2025,7,20.044,110.1999,31,28.22258064516129,30.996774193548386,26.006451612903227,4.990322580645161,33.89677419354839,5.674193548387097,85.83870967741936,341.2,11.006451612903225,29,3,16.90967741935484,33.79354838709677,2,2,9.986518996415771,25,3,19.861612903225808,24,0,0,0,13.872849462365592,15.368548387096775,289.05645161290323,7.902822580645162,6.588440860215054,79.46236559139786,0.9368279569892474,31.0,0.0,0.0,2.0,65.75517056128695,94.17834081567331,74.28212163760284,5.821659184326696,36.862197817909376,
海口,2025,8,20.044,110.1999,31,28.22258064516129,31.261290322580646,25.845161290322583,5.416129032258064,33.00645161290323,4.783870967741935,83.09677419354838,211.7,6.829032258064516,31,1,20.958064516129035,40.89354838709678,4,6,8.713341577060932,21,4,18.67774193548387,22,0,0,0,12.128897849462366,13.884408602150538,237.6021505376344,7.305376344086022,4.854838709677419,71.00403225806451,0.8225806451612904,31.0,0.0,0.0,0.0,67.71094663330295,94.88849664345378,75.86421163634819,5.111503356546227,38.66288064199634,
海口,2025,9,20.044,110.1999,30,27.34333333333333,30.163333333333334,25.05,5.113333333333333,32.29666666666667,4.953333333333332,86.7,306.6,10.22,29,3,19.17,37.69666666666667,3,6,8.924700740740741,21,2,17.407666666666668,18,0,0,0,12.889027777777779,14.30861111111111,286.4861111111111,8.675694444444444,5.25,68.29305555555555,0.0013888888888888868,30.0,0.0,0.0,0.0,68.63752030012098,94.82098985712497,76.49256116722218,5.179010142875023,,
海口,2025,10,20.044,110.1999,31,25.970967741935485,28.44516129032258,23.9741935483871,4.470967741935484,28.9,2.9290322580645163,82.80645161290323,341.1,11.003225806451614,29,2,24.796774193548387,46.68064516129032,7,10,7.355608512544802,19,8,14.130645161290323,10,0,0,0,15.003091397849461,16.6619623655914,291.7889784946237,8.27997311827957,7.540188172043011,76.31317204301074,0.0,31.0,0.0,0.0,6.0,72.53952308686529,94.17044209738567,79.0287987900214,5.829557902614333,,
海口,2025,11,20.044,110.1999,30,22.653333333333332,24.64,20.923333333333336,3.716666666666667,22.923333333333336,0.2700000000000001,73.76666666666667,74.9,2.496666666666667,16,1,24.60666666666667,45.70333333333333,4,10,7.721322685185185,18,4,13.245333333333333,1,0,0,0,20.342777777777776,22.049722222222222,351.68194444444447,7.951944444444445,13.426527777777778,95.19861111111112,0.41944444444444445,30.0,0.0,0.0,13.0,81.70154948747816,92.52058179865435,84.94725918083101,7.47941820134566,,
海口,2025,12,20.044,110.1999,31,21.316129032258065,23.822580645161292,19.41290322580645,4.409677419354838,21.712903225806453,0.3967741935483871,79.61290322580645,21.9,0.7064516129032258,15,0,22.825806451612905,43.15806451612904,1,6,8.286991129032257,21,3,12.523548387096774,0,0,0,0,23.350537634408603,25.539516129032258,401.1236559139785,8.118145161290322,12.543548387096775,98.41263440860214,0.05510752688172043,30.0,0.0,0.0,15.0,83.14220654731747,91.98785254065879,85.79590034531985,8.012147459341206,,86.32672292938621
深圳,2016,1,22.5431,114.0579,31,14.941935483870967,17.370967741935484,12.706451612903225,4.664516129032258,13.719354838709679,-1.2225806451612902,81.29032258064517,228.4,7.367741935483871,23,3,18.716129032258067,38.13548387096775,2,4,4.263360931899642,9,17,7.5200000000000005,0,0,0,0,,,,,,,,0.0,0.0,0.0,0.0,70.07492575477939,,,,,75.74435676217016
深圳,2016,2,22.5431,114.0579,29,14.479310344827585,17.95862068965517,11.60689655172414,6.3517241379310345,12.682758620689656,-1.7965517241379312,73.96551724137932,38.6,1.3310344827586207,16,0,18.182758620689654,36.91379310344828,0,2,5.968576245210728,14,10,11.683793103448275,0,0,0,0,,,,,,,,0.0,0.0,0.0,0.0,71.00973788725418,,,,,78.6976840724884
深圳,2016,3,22.5431,114.0579,31,18.116129032258065,21.483870967741936,15.3,6.183870967741936,18.325806451612905,0.20967741935483872,83.96774193548387,167.9,5.416129032258064,19,3,17.15806451612903,35.696774193548386,0,2,6.171039336917564,13,9,12.92,0,0,0,0,,,,,,,,0.0,0.0,0.0,0.0,76.70817501620978,,,,,
深圳,2016,4,22.5431,114.0579,30,24.293333333333333,27.183333333333334,22.233333333333334,4.95,27.796666666666667,3.503333333333333,89.76666666666667,222.2,7.406666666666666,23,4,19.08,40.07,0,4,7.988175555555555,18,1,15.658999999999999,0,0,0,0,,,,,,,,0.0,0.0,0.0,0.0,76.03378958059716,,,,,
深圳,2016,5,22.5431,114.0579,31,26.299999999999997,29.09032258064516,24.125806451612902,4.964516129032258,30.816129032258065,4.516129032258065,87.12903225806451,269.8,8.703225806451613,25,1,17.393548387096775,36.693548387096776,0,2,9.988293548387096,25,3,18.998387096774195,12,0,0,0,,,,,,,,0.0,0.0,0.0,0.0,70.28741187212363,,,,,
深圳,2016,6,22.5431,114.0579,30,28.28666666666667,30.886666666666667,26.376666666666665,4.51,34.53333333333333,6.246666666666668,88.63333333333334,306.5,10.216666666666667,29,4,15.47,33.666666666666664,0,0,8.881024074074075,20,5,18.055,22,0,0,0,,,,,,,,0.0,0.0,0.0,0.0,64.08649184883548,,,,35.28101403630033,
深圳,2016,7,22.5431,114.0579,31,28.864516129032257,31.64516129032258,26.716129032258067,4.929032258064516,35.067741935483866,6.203225806451612,86.06451612903226,160.7,5.183870967741935,28,1,15.635483870967741,33.99677419354839,0,0,11.235529121863799,28,2,21.078709677419358,26,0,0,0,,,,,,,,0.0,0.0,0.0,0.0,63.588106333978345,,,,35.05358380174095,
深圳,2016,8,22.5431,114.0579,31,28.10967741935484,30.98709677419355,26.164516129032258,4.82258064516129,34.2,6.090322580645161,87.74193548387096,404.8,13.058064516129033,27,3,13.82258064516129,32.11290322580645,1,3,9.093023297491039,23,4,17.46161290322581,23,0,0,0,,,,,,,,0.0,0.0,0.0,0.0,65.6324222946555,,,,36.02405882948239,
深圳,2016,9,22.5431,114.0579,30,27.15666666666667,29.883333333333333,25.13,4.753333333333333,32.15,4.993333333333333,84.16666666666667,255.4,8.513333333333334,22,3,14.323333333333332,30.68,0,1,8.40759462962963,20,3,16.316,13,0,0,0,,,,,,,,0.0,0.0,0.0,0.0,70.22163474660175,,,,,
深圳,2016,10,22.5431,114.0579,31,25.693548387096776,28.69677419354839,23.43548387096774,5.2612903225806456,29.348387096774193,3.654838709677419,83.83870967741936,225.9,7.287096774193548,22,3,17.006451612903227,36.79677419354839,2,3,8.410780197132617,23,5,14.116451612903226,9,0,0,0,,,,,,,,0.0,0.0,0.0,0.0,74.13182143303071,,,,,
深圳,2016,11,22.5431,114.0579,30,20.553333333333335,23.77,17.903333333333332,5.866666666666666,21.36,0.8066666666666671,80.43333333333334,134.6,4.486666666666666,14,1,17.736666666666668,36.18333333333333,0,3,7.702104074074074,22,5,12.157,0,0,0,0,,,,,,,,0.0,0.0,0.0,0.0,78.11972885377571,,,,,
深圳,2016,12,22.5431,114.0579,31,17.906451612903226,21.26451612903226,15.070967741935483,6.193548387096774,16.938709677419357,-0.967741935483871,70.7741935483871,7.199999999999999,0.23225806451612901,3,0,17.516129032258064,36.76451612903226,1,1,8.69664005376344,22,0,12.168709677419356,0,0,0,0,,,,,,,,0.0,0.0,0.0,0.0,80.70099136688349,,,,,84.52645856572498
深圳,2017,1,22.5431,114.0579,31,17.129032258064516,21.312903225806455,14.029032258064515,7.283870967741936,16.23548387096774,-0.8935483870967743,73.25806451612904,9.3,0.30000000000000004,14,0,15.693548387096774,31.22258064516129,0,0,8.175034677419355,20,4,12.231935483870968,0,0,0,0,,,,,,,,0.0,0.0,0.0,0.0,78.63050211545402,,,,,83.16936975655172
深圳,2017,2,22.5431,114.0579,28,15.953571428571427,20.55,12.460714285714285,8.089285714285714,14.514285714285714,-1.4392857142857143,70.39285714285714,37.1,1.325,13,0,17.2,34.357142857142854,0,1,7.958648214285715,18,4,14.300714285714287,0,0,0,0,,,,,,,,0.0,0.0,0.0,0.0,76.37579065024237,,,,,82.35937673656215
深圳,2017,3,22.5431,114.0579,31,19.16774193548387,22.761290322580646,16.280645161290323,6.480645161290322,19.20967741935484,0.041935483870968106,79.25806451612904,67.3,2.170967741935484,22,1,19.141935483870967,37.38709677419355,0,0,6.639576971326164,15,9,13.38225806451613,0,0,0,0,,,,,,,,0.0,0.0,0.0,0.0,80.26942760460476,,,,,
深圳,2017,4,22.5431,114.0579,30,22.063333333333333,25.69,19.14,6.55,24.09,2.0266666666666664,83.16666666666667,97.0,3.2333333333333334,22,0,17.136666666666667,34.306666666666665,0,1,8.363095648148148,18,4,17.133666666666667,1,0,0,0,,,,,,,,0.0,0.0,0.0,0.0,79.0355579646649,,,,,
深圳,2017,5,22.5431,114.0579,31,24.93548387096774,28.08709677419355,22.641935483870967,5.44516129032258,28.661290322580644,3.725806451612903,84.2258064516129,127.5,4.112903225806452,24,0,14.46774193548387,30.348387096774193,0,0,8.391945430107526,19,7,17.02548387096774,4,0,0,0,,,,,,,,0.0,0.0,0.0,0.0,75.477459988868,,,,,
深圳,2017,6,22.5431,114.0579,30,27.473333333333336,30.016666666666666,25.64333333333333,4.373333333333333,32.85,5.376666666666667,88.13333333333334,513.1999999999999,17.106666666666666,30,4,18.226666666666667,38.91,2,4,8.808800740740741,19,6,17.493333333333332,17,0,0,0,,,,,,,,0.0,0.0,0.0,0.0,66.0083033378631,,,,39.55661745323487,
深圳,2017,7,22.5431,114.0579,31,27.23548387096774,30.106451612903225,25.325806451612905,4.780645161290322,32.49677419354838,5.261290322580645,87.61290322580645,202.9,6.54516129032258,31,0,16.335483870967742,35.983870967741936,0,0,9.666219802867383,23,3,18.13032258064516,15,0,0,0,,,,,,,,0.0,0.0,0.0,0.0,67.70332844861069,,,,41.938950366564626,
深圳,2017,8,22.5431,114.0579,31,28.019354838709678,30.89032258064516,25.93548387096774,4.9548387096774205,33.58064516129032,5.561290322580645,85.51612903225806,249.50000000000003,8.048387096774194,30,3,16.87741935483871,36.351612903225806,2,2,10.124961290322581,26,4,18.739677419354837,25,1,0,0,,,,,,,,0.0,0.0,0.0,0.0,65.9763285010219,,,,37.294810429374174,
深圳,2017,9,22.5431,114.0579,30,27.573333333333334,30.65,25.42,5.23,33.166666666666664,5.593333333333334,85.73333333333333,174.2,5.806666666666667,27,1,12.78,28.003333333333334,0,0,9.650514074074074,24,2,16.712,23,0,0,0,,,,,,,,0.0,0.0,0.0,0.0,68.49082557397887,,,,,
深圳,2017,10,22.5431,114.0579,31,23.93548387096774,27.73548387096774,21.032258064516128,6.703225806451612,25.932258064516127,1.9967741935483871,74.90322580645162,105.19999999999999,3.3935483870967738,13,2,17.483870967741936,35.53548387096774,1,2,9.559506093189963,26,2,16.92774193548387,10,0,0,0,,,,,,,,0.0,0.0,0.0,0.0,80.21856323532435,,,,,
深圳,2017,11,22.5431,114.0579,30,20.293333333333333,23.98,17.553333333333335,6.426666666666667,20.516666666666666,0.22333333333333308,73.23333333333333,19.2,0.64,15,0,16.103333333333335,32.03666666666667,0,0,7.064468981481482,16,7,11.343666666666667,1,0,0,0,,,,,,,,0.0,0.0,0.0,0.0,83.10443602600822,,,,,
深圳,2017,12,22.5431,114.0579,31,16.174193548387095,20.54516129032258,12.558064516129033,7.9870967741935495,13.71290322580645,-2.4612903225806453,56.87096774193548,0.8,0.025806451612903226,3,0,18.04516129032258,35.03548387096774,0,0,8.57774005376344,22,3,12.699677419354838,0,0,0,0,,,,,,,,0.0,0.0,0.0,0.0,77.26872736964398,,,,,83.90409351896406
深圳,2018,1,22.5431,114.0579,31,14.561290322580644,18.103225806451615,11.558064516129033,6.54516129032258,12.661290322580646,-1.8999999999999997,71.51612903225806,42.9,1.3838709677419354,11,0,18.067741935483873,35.34838709677419,0,1,6.636158512544803,17,9,10.74741935483871,0,0,0,0,,,,,,,,0.0,0.0,0.0,0.0,71.59082545981248,,,,,79.56891898358835
深圳,2018,2,22.5431,114.0579,28,15.242857142857144,19.960714285714285,11.589285714285714,8.371428571428572,13.660714285714286,-1.5821428571428573,66.46428571428571,8.2,0.2928571428571428,10,0,16.782142857142855,33.1,0,1,8.426019444444444,21,2,14.267857142857142,0,0,0,0,,,,,,,,0.0,0.0,0.0,0.0,75.15409688891634,,,,,82.27240568970332
深圳,2018,3,22.5431,114.0579,31,19.9741935483871,24.651612903225807,16.47741935483871,8.174193548387096,20.24516129032258,0.270967741935484,74.7741935483871,30.6,0.9870967741935485,18,0,16.52258064516129,34.11290322580645,0,0,9.101237724014336,25,4,16.707741935483874,0,0,0,0,,,,,,,,0.0,0.0,0.0,0.0,82.20876255837528,,,,,
深圳,2018,4,22.5431,114.0579,30,22.546666666666667,26.993333333333332,19.366666666666667,7.626666666666666,24.27,1.7233333333333334,77.83333333333333,103.0,3.433333333333333,21,1,16.053333333333335,32.71,0,1,7.9155240740740735,21,6,15.736333333333333,3,0,0,0,,,,,,,,0.0,0.0,0.0,0.0,80.41817472058074,,,,,
深圳,2018,5,22.5431,114.0579,31,26.67096774193548,29.96451612903226,24.22258064516129,5.741935483870968,31.190322580645162,4.519354838709678,84.12903225806451,179.7,5.796774193548386,26,1,16.474193548387095,34.28709677419355,0,1,10.724581362007168,26,2,19.80838709677419,18,0,0,0,,,,,,,,0.0,0.0,0.0,0.0,70.37684966407842,,,,,
深圳,2018,6,22.5431,114.0579,30,26.96333333333333,29.586666666666666,24.959999999999997,4.626666666666667,31.813333333333333,4.85,85.93333333333334,428.8,14.293333333333333,29,5,16.943333333333335,34.986666666666665,0,0,8.77442361111111,21,6,17.288999999999998,14,0,0,0,,,,,,,,0.0,0.0,0.0,0.0,68.6210073629836,,,,42.804125081786125,
深圳,2018,7,22.5431,114.0579,31,27.43548387096774,30.106451612903225,25.52258064516129,4.583870967741936,32.667741935483875,5.232258064516129,87.12903225806451,178.0,5.741935483870968,31,0,17.39677419354839,36.432258064516134,0,3,10.095208422939068,26,3,18.411612903225805,19,0,0,0,,,,,,,,0.0,0.0,0.0,0.0,67.3864282707041,,,,40.6129995127104,
深圳,2018,8,22.5431,114.0579,31,27.05483870967742,29.561290322580643,25.280645161290323,4.280645161290323,32.60645161290322,5.551612903225807,89.2258064516129,524.1,16.906451612903226,31,6,13.961290322580645,30.54516129032258,0,0,6.0144337813620075,10,9,13.966129032258063,14,0,0,0,,,,,,,,0.0,0.0,0.0,0.0,68.26672222825646,,,,39.72853744060673,
深圳,2018,9,22.5431,114.0579,30,26.34,29.466666666666665,23.94333333333333,5.5233333333333325,30.923333333333336,4.583333333333333,85.0,325.0,10.833333333333334,26,1,15.28,33.586666666666666,2,2,9.233011666666666,23,2,16.686333333333334,12,0,0,0,,,,,,,,0.0,0.0,0.0,0.0,71.71265189388275,,,,,
深圳,2018,10,22.5431,114.0579,31,22.919354838709676,26.493548387096773,19.967741935483872,6.525806451612904,24.596774193548388,1.6774193548387102,74.83870967741936,70.9,2.2870967741935484,14,1,14.438709677419356,29.116129032258065,0,0,9.144624551971326,24,2,15.630967741935484,0,0,0,0,,,,,,,,0.0,0.0,0.0,0.0,83.98722861493701,,,,,
深圳,2018,11,22.5431,114.0579,30,21.303333333333335,24.923333333333336,18.386666666666667,6.536666666666666,22.253333333333334,0.9500000000000001,77.23333333333333,58.8,1.96,18,0,16.42,31.89,0,0,7.352238981481482,16,5,11.706333333333333,0,0,0,0,,,,,,,,0.0,0.0,0.0,0.0,83.91863419569722,,,,,
深圳,2018,12,22.5431,114.0579,31,16.206451612903226,19.970967741935485,13.087096774193547,6.883870967741935,15.296774193548387,-0.9096774193548391,76.96774193548387,22.3,0.7193548387096774,15,0,16.683870967741935,32.46774193548387,0,0,7.422907974910395,21,5,11.057419354838709,0,0,0,0,,,,,,,,0.0,0.0,0.0,0.0,75.09406116647473,,,,,81.04667388461512
深圳,2019,1,22.5431,114.0579,31,16.238709677419354,20.729032258064517,12.506451612903225,8.22258064516129,15.274193548387096,-0.9645161290322579,74.12903225806451,20.1,0.6483870967741936,16,0,15.670967741935485,30.43548387096774,0,0,7.773838082437275,18,3,12.269354838709678,0,0,0,0,,,,,,,,0.0,0.0,0.0,0.0,77.24699847351465,,,,,82.07148943988685
深圳,2019,2,22.5431,114.0579,28,19.36785714285714,23.582142857142856,16.16785714285714,7.414285714285714,19.789285714285715,0.4214285714285716,82.17857142857143,59.4,2.1214285714285714,23,0,18.010714285714286,34.964285714285715,1,1,7.925899107142857,16,3,13.021785714285715,0,0,0,0,,,,,,,,0.0,0.0,0.0,0.0,81.09513016036166,,,,,82.59060901428249
深圳,2019,3,22.5431,114.0579,31,19.809677419354838,23.4,17.0,6.4,20.793548387096774,0.9838709677419359,86.09677419354838,207.8,6.703225806451614,25,3,17.758064516129032,35.516129032258064,0,2,7.232842025089606,19,7,13.696129032258064,0,0,0,0,,,,,,,,0.0,0.0,0.0,0.0,79.17103042744479,,,,,
深圳,2019,4,22.5431,114.0579,30,23.64333333333333,26.966666666666665,21.226666666666667,5.739999999999999,26.626666666666665,2.9833333333333334,87.66666666666667,205.2,6.84,25,1,18.59333333333333,37.67666666666666,0,3,8.021490648148148,17,3,15.551333333333334,1,0,0,0,,,,,,,,0.0,0.0,0.0,0.0,77.36833266646376,,,,,
深圳,2019,5,22.5431,114.0579,31,24.480645161290322,27.161290322580644,22.503225806451614,4.658064516129032,28.06451612903226,3.583870967741935,88.19354838709677,344.6,11.116129032258065,29,2,16.641935483870967,33.432258064516134,0,0,6.595759498207885,14,6,14.580322580645161,3,0,0,0,,,,,,,,0.0,0.0,0.0,0.0,75.31726066107912,,,,,
深圳,2019,6,22.5431,114.0579,30,27.37,29.953333333333333,25.48,4.473333333333334,32.809999999999995,5.44,88.7,280.4,9.346666666666666,29,4,17.256666666666668,36.86666666666667,0,0,8.60067287037037,19,4,17.011333333333333,16,0,0,0,,,,,,,,0.0,0.0,0.0,0.0,67.06590145977344,,,,40.04570580933157,
深圳,2019,7,22.5431,114.0579,31,27.919354838709676,30.361290322580647,26.103225806451615,4.258064516129032,33.60967741935484,5.690322580645161,87.96774193548387,193.6,6.245161290322581,31,1,17.25483870967742,35.880645161290325,1,3,9.767359050179211,24,5,17.88741935483871,22,0,0,0,,,,,,,,0.0,0.0,0.0,0.0,65.5164712048843,,,,37.70704147802286,
深圳,2019,8,22.5431,114.0579,31,27.73225806451613,30.48709677419355,25.519354838709678,4.967741935483871,33.432258064516134,5.699999999999999,88.03225806451613,375.9,12.125806451612902,30,3,15.077419354838709,33.91290322580645,0,1,8.86251541218638,21,5,16.957741935483874,21,0,0,0,,,,,,,,0.0,0.0,0.0,0.0,66.33790141754528,,,,37.79863456691309,
深圳,2019,9,22.5431,114.0579,30,26.753333333333334,30.483333333333334,23.65666666666667,6.826666666666667,31.173333333333336,4.42,79.9,131.2,4.373333333333333,24,0,13.243333333333334,30.48,0,1,10.227404166666668,26,2,18.942666666666664,22,0,0,0,,,,,,,,0.0,0.0,0.0,0.0,72.76860453430449,,,,,
深圳,2019,10,22.5431,114.0579,31,25.061290322580643,29.17096774193548,21.90967741935484,7.261290322580645,27.66774193548387,2.6064516129032262,73.41935483870968,60.4,1.9483870967741934,17,1,13.758064516129032,29.067741935483873,0,0,9.870555645161291,27,1,16.486129032258063,8,0,0,0,,,,,,,,0.0,0.0,0.0,0.0,80.16500325374768,,,,,
深圳,2019,11,22.5431,114.0579,30,21.6,27.083333333333332,17.2,9.883333333333333,21.353333333333335,-0.2466666666666665,61.93333333333333,0.0,0.0,0,0,15.163333333333332,30.753333333333334,0,0,10.143830185185184,30,0,16.503,3,0,0,0,,,,,,,,0.0,0.0,0.0,0.0,87.46970838972764,,,,,
深圳,2019,12,22.5431,114.0579,31,17.799999999999997,22.83225806451613,13.841935483870968,8.990322580645161,16.351612903225806,-1.4483870967741936,61.806451612903224,12.3,0.3967741935483871,8,0,16.50967741935484,32.81290322580645,0,0,8.60628198924731,23,2,13.146129032258065,0,0,0,0,,,,,,,,0.0,0.0,0.0,0.0,79.72974775626656,,,,,84.26799272791087
深圳,2020,1,22.5431,114.0579,31,17.05806451612903,21.858064516129033,13.51290322580645,8.345161290322581,16.074193548387097,-0.9838709677419359,72.2258064516129,24.8,0.8,11,0,16.793548387096774,32.71290322580645,0,0,9.288522849462366,26,1,13.612580645161291,0,0,0,0,,,,,,,,0.0,0.0,0.0,0.0,78.20665781939786,,,,,83.75651990536879
深圳,2020,2,22.5431,114.0579,29,17.224137931034484,21.682758620689654,13.917241379310346,7.76551724137931,16.620689655172413,-0.603448275862069,76.44827586206897,51.6,1.7793103448275862,13,0,16.55862068965517,33.0103448275862,0,1,8.867442337164752,20,0,14.622068965517242,0,0,0,0,,,,,,,,0.0,0.0,0.0,0.0,78.26656622784932,,,,,82.89232183542066
深圳,2020,3,22.5431,114.0579,31,20.73548387096774,24.73548387096774,17.76451612903226,6.970967741935484,21.693548387096776,0.9580645161290321,82.41935483870968,69.8,2.2516129032258063,24,0,18.138709677419353,35.86774193548387,1,2,7.435168369175627,17,4,13.920645161290324,0,0,0,0,,,,,,,,0.0,0.0,0.0,0.0,82.30308541976146,,,,,
深圳,2020,4,22.5431,114.0579,30,20.756666666666668,24.673333333333336,17.529999999999998,7.1433333333333335,21.816666666666666,1.0599999999999998,78.56666666666666,69.3,2.31,17,0,15.84,31.83,0,0,8.120058703703704,18,6,17.363666666666667,0,0,0,0,,,,,,,,0.0,0.0,0.0,0.0,81.7311479651032,,,,,
深圳,2020,5,22.5431,114.0579,31,26.46451612903226,29.864516129032257,24.061290322580643,5.8032258064516125,31.116129032258065,4.651612903225807,86.61290322580645,345.3,11.138709677419355,27,4,16.570967741935487,35.41935483870968,0,1,8.952872580645161,23,4,17.199354838709677,13,0,0,0,,,,,,,,0.0,0.0,0.0,0.0,70.59618524948249,,,,,
深圳,2020,6,22.5431,114.0579,30,27.696666666666665,30.433333333333334,25.86,4.573333333333334,33.03666666666667,5.34,86.6,248.40000000000003,8.280000000000001,29,2,18.4,37.943333333333335,0,0,10.216351944444446,25,3,19.084666666666667,23,0,0,0,,,,,,,,0.0,0.0,0.0,0.0,66.05905890705007,,,,38.443419050930395,
深圳,2020,7,22.5431,114.0579,31,28.970967741935485,32.31935483870968,26.758064516129032,5.5612903225806445,34.096774193548384,5.125806451612903,79.96774193548387,76.7,2.4741935483870967,28,0,18.080645161290324,37.667741935483875,0,1,11.725611917562723,28,1,21.127096774193546,28,1,0,0,,,,,,,,0.0,0.0,0.0,0.0,66.09194846203042,,,,37.16478511625085,
深圳,2020,8,22.5431,114.0579,31,27.29032258064516,30.06451612903226,25.31935483870968,4.745161290322581,32.832258064516125,5.541935483870968,87.87096774193549,373.4,12.04516129032258,31,5,14.383870967741935,31.05483870967742,1,2,8.953188620071684,21,7,16.63,19,0,0,0,,,,,,,,0.0,0.0,0.0,0.0,67.32705350618998,,,,39.59765799094858,
深圳,2020,9,22.5431,114.0579,30,26.62,29.243333333333332,24.743333333333332,4.5,31.876666666666665,5.256666666666666,88.9,367.6,12.253333333333334,30,4,13.443333333333333,28.36,0,0,7.777702222222222,20,4,13.809333333333333,8,0,0,0,,,,,,,,0.0,0.0,0.0,0.0,69.94749954183973,,,,,
深圳,2020,10,22.5431,114.0579,31,23.361290322580647,26.94193548387097,20.467741935483872,6.474193548387097,24.738709677419354,1.3774193548387095,74.80645161290323,119.2,3.8451612903225807,11,2,18.003225806451614,35.858064516129026,1,1,8.715467293906809,23,4,15.351612903225806,0,0,0,0,,,,,,,,0.0,0.0,0.0,0.0,83.2298438278609,,,,,
深圳,2020,11,22.5431,114.0579,30,21.69,26.02,18.259999999999998,7.760000000000001,22.026666666666664,0.3366666666666662,69.16666666666667,12.3,0.41000000000000003,10,0,16.003333333333334,32.63,0,0,8.79578537037037,24,2,14.387,2,0,0,0,,,,,,,,0.0,0.0,0.0,0.0,85.79701085044131,,,,,
深圳,2020,12,22.5431,114.0579,31,16.125806451612902,20.9,12.025806451612903,8.874193548387098,14.0,-2.1258064516129034,61.74193548387097,5.300000000000001,0.1709677419354839,7,0,18.038709677419355,35.145161290322584,0,1,8.701562007168457,23,2,13.233548387096775,0,0,0,0,,,,,,,,0.0,0.0,0.0,0.0,78.02691953520213,,,,,84.25140735392047
深圳,2021,1,22.5431,114.0579,31,14.670967741935485,19.787096774193547,10.441935483870967,9.345161290322581,12.14516129032258,-2.525806451612903,55.45161290322581,1.2,0.03870967741935484,2,0,16.996774193548386,33.512903225806454,0,0,9.658634677419355,26,1,14.67741935483871,0,0,0,0,,,,,,,,0.0,0.0,0.0,0.0,73.37957514967398,,,,,82.99119895888275
深圳,2021,2,22.5431,114.0579,28,18.27857142857143,23.5,14.392857142857142,9.107142857142858,17.95714285714286,-0.3214285714285718,74.92857142857143,50.6,1.8071428571428572,7,1,16.77857142857143,33.71071428571428,0,1,9.459672222222222,24,2,16.646071428571428,0,0,0,0,,,,,,,,0.0,0.0,0.0,0.0,80.35574474217842,,,,,84.5305820544983
深圳,2021,3,22.5431,114.0579,31,20.864516129032257,24.874193548387098,17.861290322580647,7.012903225806451,21.81935483870968,0.9548387096774194,79.12903225806451,32.5,1.0483870967741935,19,0,16.39677419354839,33.08387096774193,0,0,8.951691756272401,24,3,15.926451612903225,0,0,0,0,,,,,,,,0.0,0.0,0.0,0.0,81.76420907062847,,,,,
深圳,2021,4,22.5431,114.0579,30,23.28666666666667,27.086666666666666,20.546666666666667,6.54,25.209999999999997,1.9233333333333333,78.4,77.2,2.5733333333333333,22,1,16.59,33.88333333333333,0,0,8.15278537037037,18,4,16.366666666666667,3,0,0,0,,,,,,,,0.0,0.0,0.0,0.0,82.10068049145902,,,,,
深圳,2021,5,22.5431,114.0579,31,27.46451612903226,30.858064516129033,24.919354838709676,5.938709677419355,32.11290322580645,4.648387096774194,82.45161290322581,147.7,4.764516129032257,26,2,18.070967741935487,37.038709677419355,0,0,10.734939157706092,27,1,19.78322580645161,24,0,0,0,,,,,,,,0.0,0.0,0.0,0.0,69.51183200749912,,,,,
深圳,2021,6,22.5431,114.0579,30,27.290000000000003,29.720000000000002,25.453333333333333,4.266666666666667,32.54,5.25,87.8,323.1,10.770000000000001,30,4,17.056666666666665,35.95,0,0,8.135522777777778,18,7,16.192,15,0,0,0,,,,,,,,0.0,0.0,0.0,0.0,67.17092600014891,,,,40.69834014365748,
深圳,2021,7,22.5431,114.0579,31,28.138709677419353,31.07741935483871,25.951612903225808,5.125806451612903,33.906451612903226,5.767741935483872,85.6774193548387,189.4,6.109677419354839,31,0,14.612903225806452,30.796774193548387,0,0,10.029902598566308,24,3,19.034193548387094,26,0,0,0,,,,,,,,0.0,0.0,0.0,0.0,66.06989523749922,,,,36.514543165539386,
深圳,2021,8,22.5431,114.0579,31,27.24516129032258,29.861290322580647,25.425806451612903,4.435483870967742,32.94516129032258,5.7,88.90322580645162,344.2,11.103225806451613,31,4,13.93225806451613,30.23548387096774,0,0,8.20588064516129,17,5,16.02032258064516,15,0,0,0,,,,,,,,0.0,0.0,0.0,0.0,68.00995441693429,,,,40.199045329280246,
深圳,2021,9,22.5431,114.0579,30,27.80666666666667,31.10666666666667,25.333333333333332,5.773333333333334,33.67,5.863333333333332,85.56666666666666,98.6,3.2866666666666666,29,0,12.103333333333333,27.293333333333333,0,0,10.544713055555555,27,0,17.834666666666667,27,0,0,0,,,,,,,,0.0,0.0,0.0,0.0,68.10987625370085,,,,,
深圳,2021,10,22.5431,114.0579,31,23.703225806451613,26.825806451612905,21.106451612903225,5.719354838709678,25.85483870967742,2.1516129032258067,80.61290322580645,339.9,10.964516129032257,20,4,18.667741935483868,37.49677419354839,2,6,7.320172580645162,21,6,13.236129032258065,6,0,0,0,,,,,,,,0.0,0.0,0.0,0.0,77.89589488314988,,,,,
深圳,2021,11,22.5431,114.0579,30,20.459999999999997,25.09333333333333,16.543333333333333,8.55,20.176666666666666,-0.28333333333333344,63.9,9.2,0.30666666666666664,10,0,15.33,30.496666666666666,0,0,9.083095555555555,25,1,14.818000000000001,0,0,0,0,,,,,,,,0.0,0.0,0.0,0.0,84.07102330049085,,,,,
深圳,2021,12,22.5431,114.0579,31,16.55483870967742,21.02258064516129,12.670967741935485,8.351612903225808,14.961290322580645,-1.5935483870967742,65.83870967741936,46.6,1.5032258064516129,9,0,16.493548387096773,31.84193548387097,0,0,7.841267831541218,21,5,12.527096774193549,0,0,0,0,,,,,,,,0.0,0.0,0.0,0.0,76.74611722697779,,,,,82.1805297287198
深圳,2022,1,22.5431,114.0579,31,16.412903225806453,20.822580645161292,12.90967741935484,7.912903225806452,15.66451612903226,-0.7483870967741936,76.61290322580645,29.599999999999998,0.9548387096774192,13,0,14.903225806451612,28.858064516129033,0,0,8.166652956989248,20,3,12.728709677419355,0,0,0,0,,,,,,,,0.0,0.0,0.0,0.0,77.06749771969581,,,,,82.03306324376597
深圳,2022,2,22.5431,114.0579,28,13.282142857142857,17.035714285714285,10.357142857142858,6.678571428571429,11.592857142857143,-1.6892857142857145,81.89285714285714,161.3,5.760714285714286,16,2,18.071428571428573,33.72142857142857,0,0,4.9745229166666665,8,11,11.004285714285714,0,0,0,0,,,,,,,,0.0,0.0,0.0,0.0,67.6810878813135,,,,,75.17633423006068
深圳,2022,3,22.5431,114.0579,31,20.322580645161292,24.551612903225806,17.15806451612903,7.393548387096774,21.46451612903226,1.1419354838709677,82.70967741935483,177.5,5.725806451612903,20,2,16.87741935483871,32.593548387096774,0,0,7.960725089605735,20,6,15.739032258064515,0,0,0,0,,,,,,,,0.0,0.0,0.0,0.0,79.88298640630777,,,,,
深圳,2022,4,22.5431,114.0579,30,22.209999999999997,26.67,18.94333333333333,7.7266666666666675,23.91,1.7,77.7,48.0,1.6,19,0,15.596666666666666,30.653333333333332,0,0,9.156221666666665,21,4,19.147666666666666,4,0,0,0,,,,,,,,0.0,0.0,0.0,0.0,80.11691441913884,,,,,
深圳,2022,5,22.5431,114.0579,31,23.574193548387097,26.812903225806455,21.251612903225805,5.561290322580645,26.538709677419355,2.9645161290322584,84.87096774193549,393.3,12.687096774193549,24,7,15.86774193548387,30.816129032258065,0,0,6.776675089605734,14,9,15.995806451612903,2,0,0,0,,,,,,,,0.0,0.0,0.0,0.0,76.41989477565224,,,,,
深圳,2022,6,22.5431,114.0579,30,26.759999999999998,29.346666666666668,24.903333333333332,4.443333333333333,31.573333333333334,4.8133333333333335,87.63333333333334,295.7,9.856666666666666,30,4,18.436666666666667,36.693333333333335,0,0,6.615644907407407,14,10,16.567,10,0,0,0,,,,,,,,0.0,0.0,0.0,0.0,69.34847184981226,,,,43.2080408052941,
深圳,2022,7,22.5431,114.0579,31,28.532258064516128,31.81935483870968,26.0258064516129,5.7935483870967746,34.0516129032258,5.519354838709678,83.06451612903226,239.7,7.732258064516128,26,3,15.929032258064517,32.65806451612903,2,3,10.314778136200717,24,2,20.971612903225807,25,3,0,0,,,,,,,,0.0,0.0,0.0,0.0,65.98101331351714,,,,36.987277818224214,
深圳,2022,8,22.5431,114.0579,31,27.338709677419356,30.37741935483871,25.148387096774194,5.229032258064516,32.73225806451613,5.393548387096775,86.41935483870968,318.4,10.270967741935483,31,3,15.574193548387097,31.5,1,4,9.365408691756272,22,4,17.959032258064518,18,0,0,0,,,,,,,,0.0,0.0,0.0,0.0,68.2172722147691,,,,40.50279475531663,
深圳,2022,9,22.5431,114.0579,30,27.709999999999997,31.886666666666667,24.416666666666668,7.47,31.68,3.97,74.5,67.2,2.24,18,0,15.596666666666666,31.34,0,0,10.428298333333334,27,1,19.974666666666668,28,0,0,0,,,,,,,,0.0,0.0,0.0,0.0,72.84043303783618,,,,,
深圳,2022,10,22.5431,114.0579,31,24.654838709677417,29.14516129032258,21.06451612903226,8.080645161290322,25.383870967741935,0.7290322580645163,63.38709677419355,40.5,1.3064516129032258,11,0,18.761290322580646,36.20645161290323,0,3,9.95724471326165,27,1,17.735806451612902,13,0,0,0,,,,,,,,0.0,0.0,0.0,0.0,82.2324511174217,,,,,
深圳,2022,11,22.5431,114.0579,30,21.990000000000002,24.95,19.78666666666667,5.163333333333332,23.993333333333332,2.0033333333333334,86.26666666666667,208.39999999999998,6.946666666666666,21,2,16.779999999999998,31.726666666666667,1,1,5.3456828703703705,13,12,9.722000000000001,0,0,0,0,,,,,,,,0.0,0.0,0.0,0.0,79.87063375671066,,,,,
深圳,2022,12,22.5431,114.0579,31,13.258064516129032,17.274193548387096,9.899999999999999,7.374193548387097,10.76774193548387,-2.490322580645161,67.70967741935483,26.099999999999998,0.8419354838709677,9,0,17.083870967741937,32.96774193548387,0,1,7.45678646953405,18,6,12.071290322580644,0,0,0,0,,,,,,,,0.0,0.0,0.0,0.0,70.16507323840747,,,,,79.97926073276383
深圳,2023,1,22.5431,114.0579,31,14.887096774193548,18.938709677419357,11.516129032258064,7.422580645161291,13.12258064516129,-1.764516129032258,68.51612903225806,41.7,1.3451612903225807,16,0,16.951612903225808,32.13548387096775,1,1,6.70702141577061,17,8,11.673870967741935,0,0,0,0,44.428225806451614,65.45806451612903,1153.377688172043,75.55510752688173,150.60282258064515,31.848118279569892,0.3225806451612903,8.0,3.0,0.0,0.0,73.40150394203518,86.24920502143266,77.25581426585443,13.750794978567347,,81.77963264820728
深圳,2023,2,22.5431,114.0579,28,17.942857142857143,23.035714285714285,14.203571428571427,8.832142857142857,17.225,-0.7178571428571429,72.14285714285714,15.2,0.5428571428571428,12,0,17.075,32.16428571428572,0,0,9.141452281746032,22,2,15.926785714285714,0,0,0,0,43.976636904761904,67.82202380952381,871.1324404761905,79.01845238095238,163.06056547619048,44.13095238095239,0.049107142857142856,16.0,4.0,0.0,0.0,80.14522948112095,85.54760600956502,81.76594243965417,14.45239399043498,,84.82868007229452
深圳,2023,3,22.5431,114.0579,31,20.296774193548387,24.799999999999997,17.112903225806452,7.687096774193548,20.5258064516129,0.22903225806451646,74.25806451612904,70.2,2.264516129032258,17,0,17.625806451612902,33.774193548387096,0,0,7.63099247311828,18,6,14.904516129032258,0,0,0,0,37.98521505376343,59.50456989247312,677.2647849462365,79.22284946236559,172.7926075268817,43.05779569892473,0.7620967741935484,18.0,1.0,0.0,0.0,82.92668846607023,86.2945010960521,83.93703225506479,13.705498903947902,,
深圳,2023,4,22.5431,114.0579,30,22.69333333333333,26.19,20.08,6.11,24.926666666666666,2.2333333333333334,84.83333333333333,149.5,4.983333333333333,25,2,18.026666666666664,34.16,0,1,8.004405277777778,18,3,16.498666666666665,2,0,0,0,37.961666666666666,58.71333333333334,619.9125,71.98,147.125,49.511111111111106,0.45416666666666666,19.0,3.0,0.0,1.0,80.2721086749301,86.84477093408054,82.24390735267524,13.155229065919457,,
深圳,2023,5,22.5431,114.0579,31,25.425806451612903,28.748387096774195,22.903225806451612,5.84516129032258,29.35483870967742,3.9290322580645163,84.93548387096774,133.0,4.290322580645161,28,1,16.416129032258063,31.9741935483871,0,1,8.825608243727597,20,5,18.205161290322582,13,2,0,0,30.84758064516129,47.2880376344086,571.0268817204302,73.0241935483871,155.55268817204302,45.942204301075265,0.11424731182795698,24.0,1.0,0.0,1.0,73.57069870279712,87.70474682437798,77.81091313927136,12.29525317562203,,
深圳,2023,6,22.5431,114.0579,30,27.276666666666664,30.383333333333333,24.966666666666665,5.416666666666667,32.736666666666665,5.46,86.93333333333334,277.3,9.243333333333334,30,2,14.783333333333333,30.376666666666665,0,0,9.120316574074074,22,5,18.180999999999997,21,0,0,0,21.645833333333332,33.36625,437.18333333333334,53.068333333333335,122.73277777777777,33.65833333333333,0.0,28.0,0.0,0.0,1.0,68.2282635548629,91.06113111690894,75.07812382347672,8.938868883091057,39.17192822538888,
深圳,2023,7,22.5431,114.0579,31,28.40967741935484,31.738709677419354,25.729032258064517,6.009677419354839,33.84193548387096,5.4322580645161285,82.45161290322581,218.1,7.035483870967742,30,4,16.048387096774192,31.56451612903226,1,2,11.027828136200716,26,2,21.066451612903226,25,1,0,0,19.90255376344086,31.299731182795696,259.09274193548384,48.461155913978494,51.293279569892476,32.075268817204304,0.020161290322580645,27.0,0.0,0.0,0.0,66.34701425626463,92.94067871624254,74.325113594258,7.059321283757459,37.831082686386125,
深圳,2023,8,22.5431,114.0579,31,27.66774193548387,31.190322580645162,25.135483870967743,6.05483870967742,33.277419354838706,5.6096774193548375,85.51612903225806,237.8,7.670967741935484,29,1,14.470967741935485,29.248387096774195,0,0,9.397870250896057,21,0,18.309032258064516,29,0,0,0,21.437365591397853,32.91948924731182,310.84005376344084,57.053897849462366,56.74865591397849,35.52150537634408,0.668010752688172,31.0,0.0,0.0,0.0,68.80121023231109,92.0266037347447,75.76882828304119,7.973396265255295,36.28699379882779,
深圳,2023,9,22.5431,114.0579,30,26.64333333333333,29.779999999999998,24.44333333333333,5.336666666666668,31.653333333333332,5.010000000000001,87.93333333333334,485.5,16.183333333333334,28,5,16.053333333333335,32.02333333333333,2,2,7.551062685185185,18,7,14.937333333333333,18,0,0,0,24.083055555555557,36.481944444444444,358.34166666666664,60.8975,57.313472222222224,29.868055555555554,0.0,24.0,0.0,0.0,0.0,69.33849529149246,91.75411716888229,76.06318185470941,8.245882831117711,,
深圳,2023,10,22.5431,114.0579,31,24.04516129032258,27.46451612903226,21.296774193548387,6.16774193548387,26.629032258064516,2.583870967741935,82.03225806451613,216.9,6.996774193548387,19,3,16.570967741935487,30.932258064516127,2,2,7.415660931899642,20,7,13.766129032258064,6,0,0,0,28.986559139784948,44.45994623655914,487.3763440860215,62.126612903225805,46.881182795698926,48.83736559139785,0.1908602150537634,24.0,0.0,0.0,0.0,78.72365264770465,90.24163002175486,82.17904585991973,9.758369978245137,,
深圳,2023,11,22.5431,114.0579,30,21.36,25.996666666666666,17.546666666666667,8.45,22.073333333333334,0.7133333333333328,72.46666666666667,7.300000000000001,0.24333333333333335,8,0,15.45,29.896666666666665,0,0,9.428749074074073,26,0,15.139666666666667,1,0,0,0,31.980416666666663,49.4225,550.5111111111111,60.569583333333334,55.39416666666667,38.96805555555556,0.4,21.0,1.0,0.0,0.0,83.53163769804873,90.24622623669742,85.54601425964333,9.753773763302565,,
深圳,2023,12,22.5431,114.0579,31,17.37741935483871,22.425806451612903,13.219354838709679,9.206451612903225,16.148387096774194,-1.229032258064516,64.83870967741936,5.0,0.16129032258064516,10,0,16.700000000000003,31.09032258064516,0,1,8.180878046594982,22,2,12.53225806451613,0,0,0,0,31.343817204301075,46.910752688172046,601.1505376344087,54.65994623655914,59.50362903225806,25.547043010752684,0.08064516129032258,18.0,0.0,0.0,0.0,79.10014766845916,91.17689339890454,82.72317138759277,8.823106601095464,,86.29948669676097
深圳,2024,1,22.5431,114.0579,31,16.29032258064516,21.316129032258065,12.370967741935484,8.94516129032258,14.812903225806451,-1.4774193548387096,68.80645161290323,13.0,0.41935483870967744,8,0,16.606451612903225,30.88064516129032,0,0,8.642799193548388,24,2,12.795483870967743,0,0,0,0,30.45524193548387,47.65860215053763,556.4059139784946,54.36827956989247,48.46680107526882,39.63306451612903,0.06451612903225806,22.0,0.0,0.0,0.0,77.7639789130852,90.80872753386615,81.67740349931947,9.191272466133862,,85.45962718545779
深圳,2024,2,22.5431,114.0579,29,18.141379310344828,23.06551724137931,14.544827586206896,8.520689655172413,17.82758620689655,-0.31379310344827627,76.17241379310344,12.6,0.43448275862068964,15,0,17.117241379310343,31.951724137931034,0,0,6.951990325670499,17,7,13.386896551724139,0,0,0,0,24.260632183908044,38.12686781609195,471.1264367816092,49.43635057471265,41.16091954022989,31.63649425287356,0.34339080459770116,26.0,0.0,0.0,0.0,78.94144265074398,92.37297718101108,82.9709030098241,7.627022818988928,,84.96424026003703
深圳,2024,3,22.5431,114.0579,31,19.64516129032258,23.374193548387098,16.67096774193548,6.703225806451612,20.138709677419353,0.4935483870967741,80.48387096774194,79.5,2.564516129032258,23,0,18.748387096774195,34.70967741935484,0,0,6.374952240143369,15,10,13.791935483870969,1,0,0,0,28.890456989247312,46.54086021505376,425.39650537634407,51.803763440860216,41.25752688172043,39.05510752688172,2.111559139784946,22.0,0.0,1.0,0.0,78.10137577078625,91.3750987530554,82.083492665467,8.624901246944603,,
深圳,2024,4,22.5431,114.0579,30,24.69333333333333,28.336666666666666,22.02,6.316666666666666,28.136666666666667,3.4433333333333334,87.63333333333334,525.6,17.52,27,7,20.39333333333333,38.559999999999995,0,2,7.812308055555556,17,4,15.498333333333333,3,0,0,0,21.035694444444445,34.01888888888889,263.0597222222222,50.234722222222224,40.966944444444444,27.608333333333334,0.8763888888888888,26.0,0.0,0.0,0.0,74.98485731684538,93.09455566353708,80.41776682085289,6.905444336462918,,
深圳,2024,5,22.5431,114.0579,31,24.59032258064516,27.903225806451612,22.23548387096774,5.66774193548387,27.97741935483871,3.3870967741935485,86.19354838709677,415.3,13.396774193548387,27,8,17.51290322580645,32.84193548387097,0,0,6.8120750896057345,13,7,15.700967741935484,1,0,0,0,24.111424731182794,38.73413978494623,352.5295698924731,58.82822580645161,51.74166666666667,47.64784946236559,0.842741935483871,27.0,0.0,0.0,1.0,76.16131521590587,91.05647844136581,80.62986418354384,8.943521558634197,,
深圳,2024,6,22.5431,114.0579,30,27.116666666666667,29.933333333333334,25.029999999999998,4.903333333333333,32.06333333333333,4.946666666666667,87.83333333333333,279.90000000000003,9.330000000000002,30,3,18.883333333333333,36.59666666666667,0,1,8.211971574074074,17,5,17.534,16,0,0,0,15.146666666666667,24.507916666666667,223.11111111111111,45.098333333333336,38.84875,32.24027777777778,0.0027777777777777766,30.0,0.0,0.0,0.0,68.77888890949066,93.89304835407317,76.31313674286541,6.106951645926829,41.17078033107528,
深圳,2024,7,22.5431,114.0579,31,28.280645161290323,31.53548387096774,25.98709677419355,5.548387096774194,33.70322580645161,5.422580645161291,84.2258064516129,216.4,6.980645161290322,31,2,17.08709677419355,33.877419354838715,0,0,10.56292670250896,26,3,20.09161290322581,26,1,0,0,13.43024193548387,21.93494623655914,190.64247311827955,39.2236559139785,40.975940860215054,29.302419354838708,0.033602150537634407,31.0,0.0,0.0,0.0,65.93792139039955,94.52702552135283,74.51465262968553,5.472974478647164,37.195955482308115,
深圳,2024,8,22.5431,114.0579,31,27.903225806451612,30.88064516129032,25.84193548387097,5.038709677419355,33.851612903225806,5.948387096774193,87.51612903225806,377.8,12.187096774193549,28,6,13.941935483870967,28.4,0,0,8.1678020609319,19,6,17.298709677419353,21,0,0,0,25.873521505376342,39.438306451612895,342.9610215053763,60.6393817204301,53.99986559139785,36.00403225806452,0.18279569892473116,25.0,0.0,0.0,0.0,66.28021602299302,91.32662434680842,73.79413852013764,8.673375653191588,36.831472568824694,
深圳,2024,9,22.5431,114.0579,30,27.0,30.67,24.40666666666667,6.263333333333334,32.266666666666666,5.266666666666667,87.0,333.1,11.103333333333333,29,4,14.533333333333333,29.96333333333333,2,2,8.888003425925925,23,4,17.1,22,0,0,0,31.805694444444445,47.558194444444446,428.3958333333333,71.04222222222224,67.07625,43.65694444444444,0.027777777777777776,19.0,1.0,0.0,0.0,69.27019128894764,89.44828672775377,75.32361992058946,10.551713272246245,,
深圳,2024,10,22.5431,114.0579,31,25.38064516129032,29.664516129032258,21.822580645161292,7.841935483870968,26.783870967741933,1.403225806451613,66.25806451612904,6.3,0.2032258064516129,9,0,17.799999999999997,33.97741935483871,0,0,9.629448387096774,27,2,17.043548387096774,15,0,0,0,26.598655913978494,40.648790322580645,445.04166666666663,52.33158602150538,42.404973118279564,55.618279569892465,0.10483870967741936,28.0,0.0,0.0,0.0,82.0405636514315,90.79987649971824,84.66835750591751,9.200123500281757,,
深圳,2024,11,22.5431,114.0579,30,21.133333333333333,25.06,18.14,6.92,21.48,0.3466666666666665,71.3,171.9,5.73,15,4,15.723333333333333,33.85,0,1,7.532061111111111,20,5,12.799666666666667,3,0,0,0,30.180555555555554,35.42944444444445,597.4708333333333,51.374861111111116,42.62569444444444,34.84305555555555,0.05277777777777778,22.0,0.0,0.0,0.0,81.46108273636202,91.43169012689006,84.45226495352043,8.568309873109937,,
深圳,2024,12,22.5431,114.0579,31,15.85483870967742,20.41290322580645,11.961290322580645,8.451612903225806,14.041935483870969,-1.8129032258064512,60.96774193548387,0.8,0.025806451612903226,4,0,13.787096774193548,31.63225806451613,0,0,8.905689068100358,25,2,13.350322580645162,0,0,0,0,52.42674731182796,52.80403225806452,769.8010752688172,58.81639784946237,55.35618279569893,46.78360215053763,0.14112903225806453,3.0,2.0,0.0,0.0,77.5699093166904,87.71520212706818,80.61349715980371,12.284797872931826,,85.10120097391514
深圳,2025,1,22.5431,114.0579,31,15.212903225806452,20.009677419354837,11.33548387096774,8.674193548387096,12.987096774193548,-2.2258064516129035,58.61290322580645,23.5,0.7580645161290323,8,0,14.290322580645162,33.29354838709677,0,0,9.374539157706092,25,2,14.739354838709678,0,0,0,0,44.19637096774194,45.10389784946236,641.9583333333333,58.46747311827957,43.744354838709675,53.4005376344086,0.4422043010752688,13.0,3.0,0.0,0.0,75.54738629821325,88.62182515040772,79.4697179538716,11.378174849592293,,85.19534743547284
深圳,2025,2,22.5431,114.0579,28,16.053571428571427,20.896428571428572,12.485714285714286,8.410714285714286,15.078571428571427,-0.9749999999999998,73.21428571428571,23.8,0.85,12,0,13.964285714285714,32.292857142857144,0,0,7.443031150793651,15,3,14.056071428571428,0,0,0,0,37.76517857142857,38.964285714285715,539.8675595238095,50.510714285714286,35.59434523809524,49.404761904761905,1.2321428571428572,16.0,1.0,0.0,0.0,76.89805190604568,90.15344885540932,80.87467099085475,9.846551144590688,,83.91141581616918
深圳,2025,3,22.5431,114.0579,31,18.970967741935485,24.0,14.980645161290322,9.019354838709678,19.06451612903226,0.09354838709677443,73.41935483870968,72.1,2.325806451612903,20,0,14.516129032258064,36.44193548387097,0,1,7.540061379928315,19,7,15.854516129032259,0,0,0,0,35.36236559139785,38.402419354838706,495.44354838709677,59.799596774193546,35.795833333333334,39.744623655913976,3.0698924731182795,18.0,0.0,3.0,0.0,79.73848557187127,90.43301017546285,82.94684295294874,9.566989824537144,,
深圳,2025,4,22.5431,114.0579,30,22.529999999999998,27.023333333333333,19.046666666666667,7.9766666666666675,24.470000000000002,1.9399999999999997,78.03333333333333,187.4,6.246666666666667,19,3,14.6,35.986666666666665,0,2,8.732341203703703,21,3,17.968666666666667,4,0,0,0,40.344166666666666,47.30736111111111,461.66111111111115,61.203472222222224,35.08152777777777,48.36666666666667,8.881944444444445,15.0,3.0,7.0,1.0,79.78467375498647,89.37958725582907,82.66314780523925,10.620412744170945,,
深圳,2025,5,22.5431,114.0579,31,25.809677419354838,29.703225806451613,22.948387096774194,6.754838709677419,29.616129032258065,3.806451612903226,80.41935483870968,174.2,5.619354838709677,26,1,13.929032258064517,35.019354838709674,0,1,8.168020967741935,18,3,17.91548387096774,14,0,0,0,29.01290322580645,31.838978494623657,438.69220430107526,52.07217741935484,35.9856182795699,49.19758064516129,1.9583333333333335,22.0,0.0,2.0,0.0,75.91164351705618,91.11232641082357,80.47184838518639,8.88767358917643,,
深圳,2025,6,22.5431,114.0579,30,27.173333333333336,30.476666666666667,24.83,5.6466666666666665,32.306666666666665,5.133333333333334,86.1,286.7,9.556666666666667,28,1,14.81,36.71333333333334,0,4,9.133045462962963,22,3,18.65666666666667,19,0,0,0,19.066111111111113,21.124027777777776,321.0222222222222,44.929722222222225,30.033194444444444,33.09166666666667,0.15555555555555553,29.0,0.0,0.0,0.0,68.74376228684383,93.57594966285569,76.19341849964738,6.424050337144305,40.70251277910814,
深圳,2025,7,22.5431,114.0579,31,27.983870967741936,31.480645161290322,25.574193548387097,5.906451612903225,33.79354838709677,5.809677419354839,86.19354838709677,375.5,12.112903225806452,31,3,14.041935483870969,34.774193548387096,1,1,8.50995636200717,18,5,18.044838709677418,25,0,0,0,34.86733870967742,36.30766129032258,508.377688172043,57.33548387096774,46.2255376344086,57.79435483870968,0.5604838709677419,17.0,0.0,0.0,1.0,66.7409311738602,89.56518778181758,73.5882081562474,10.434812218182422,36.00833485470592,
深圳,2025,8,22.5431,114.0579,31,27.287096774193547,30.62258064516129,24.858064516129033,5.764516129032257,32.48064516129032,5.193548387096774,85.6774193548387,312.9,10.093548387096773,31,4,14.64516129032258,36.593548387096774,0,5,8.090663172043012,20,8,17.12451612903226,21,0,0,0,27.006720430107524,29.281182795698925,370.8790322580645,47.88561827956989,35.78790322580645,33.25403225806452,0.6209677419354839,24.0,1.0,0.0,0.0,68.13713046978019,92.4003968089377,75.41611037152744,7.599603191062301,39.45623681466573,
深圳,2025,9,22.5431,114.0579,30,27.39333333333333,31.283333333333335,24.513333333333332,6.77,32.123333333333335,4.73,82.73333333333333,326.9,10.896666666666667,29,3,16.066666666666666,38.513333333333335,2,5,8.940362499999999,23,4,16.961333333333332,21,3,0,0,26.07736111111111,27.60347222222222,432.2680555555555,45.81319444444444,34.71819444444444,32.09444444444444,0.0,23.0,0.0,0.0,0.0,69.72388799659755,92.63354561735348,76.59678528282433,7.366454382646527,,
深圳,2025,10,22.5431,114.0579,31,25.561290322580643,29.774193548387096,22.53548387096774,7.238709677419355,28.532258064516128,2.970967741935484,75.45161290322581,60.4,1.9483870967741934,26,0,14.203225806451613,35.45483870967742,0,5,8.672482616487455,22,4,15.369354838709677,17,1,0,0,36.57674731182796,37.49865591397849,479.79569892473114,54.22459677419355,40.70322580645161,37.192204301075265,0.0,13.0,0.0,0.0,0.0,76.57175809707219,90.67012923027758,80.8012694370338,9.32987076972243,,
深圳,2025,11,22.5431,114.0579,30,20.773333333333333,25.09333333333333,17.316666666666666,7.776666666666667,20.173333333333336,-0.6000000000000003,59.6,7.8999999999999995,0.2633333333333333,10,0,14.903333333333334,35.5,0,2,7.044213981481481,17,6,12.753333333333334,2,0,0,0,34.51402777777778,35.1475,549.8791666666667,54.59527777777778,43.76430555555555,43.49305555555555,0.4694444444444444,17.0,0.0,0.0,0.0,83.84673972240248,90.4537167407555,85.82883282790839,9.546283259244499,,
深圳,2025,12,22.5431,114.0579,31,18.86774193548387,23.461290322580645,15.261290322580646,8.2,18.6,-0.2677419354838713,69.48387096774194,20.1,0.6483870967741936,10,0,12.709677419354838,31.019354838709678,0,0,8.222068010752688,22,3,12.348387096774195,0,0,0,0,58.045698924731184,58.68373655913978,753.6733870967741,68.38897849462366,62.18467741935484,38.810483870967744,0.14381720430107525,6.0,7.0,0.0,0.0,83.76162127735421,86.90292558280417,84.70401256898919,13.097074417195824,,86.13926470936458
苏州,2016,1,31.2989,120.5853,31,3.7774193548387096,6.780645161290322,0.9258064516129032,5.854838709677419,-0.2903225806451613,-4.067741935483871,74.38709677419355,91.3,2.9451612903225803,17,0,19.016129032258064,30.148387096774194,3,2,5.338269713261648,13,12,8.270645161290322,0,0,13,3,,,,,,,,0.0,0.0,0.0,0.0,51.72923173918215,,,,,63.40369904524436
苏州,2016,2,31.2989,120.5853,29,6.324137931034483,11.213793103448275,1.9137931034482758,9.299999999999999,2.5448275862068965,-3.779310344827586,68.6896551724138,24.1,0.8310344827586207,7,0,19.80344827586207,31.448275862068964,2,2,8.721596455938696,23,3,14.738965517241379,0,0,9,0,,,,,,,,0.0,0.0,0.0,0.0,57.198705601002096,,,,,71.37252003408219
苏州,2016,3,31.2989,120.5853,31,10.903225806451612,15.435483870967742,6.877419354838709,8.558064516129033,8.04516129032258,-2.858064516129032,72.25806451612904,55.7,1.7967741935483872,14,1,19.980645161290322,32.512903225806454,2,2,7.596199731182796,19,5,14.985806451612904,0,0,1,0,,,,,,,,0.0,0.0,0.0,0.0,64.56926960610876,,,,,
苏州,2016,4,31.2989,120.5853,30,16.643333333333334,20.81,13.163333333333332,7.6466666666666665,15.516666666666667,-1.1266666666666667,79.0,239.4,7.98,16,2,22.37,37.06333333333334,1,1,6.5478266666666665,16,10,15.659,0,0,0,0,,,,,,,,0.0,0.0,0.0,0.0,73.9145421934705,,,,,
苏州,2016,5,31.2989,120.5853,31,20.351612903225806,23.76774193548387,17.187096774193545,6.580645161290323,20.796774193548387,0.4451612903225805,80.12903225806451,342.9,11.061290322580644,20,6,20.532258064516128,34.38709677419355,1,1,6.495071863799284,12,11,15.291935483870969,0,0,0,0,,,,,,,,0.0,0.0,0.0,0.0,79.55357459017048,,,,,
苏州,2016,6,31.2989,120.5853,30,24.28666666666667,27.273333333333333,21.55666666666667,5.716666666666667,27.196666666666665,2.9099999999999997,84.9,411.3,13.71,23,8,19.426666666666666,33.85333333333333,0,0,6.636836759259259,13,10,13.798666666666666,8,0,0,0,,,,,,,,0.0,0.0,0.0,0.0,75.56867947988124,,,,51.708259145609624,
苏州,2016,7,31.2989,120.5853,31,29.387096774193548,32.61290322580645,26.870967741935484,5.741935483870968,34.92258064516129,5.5354838709677425,81.38709677419355,163.20000000000002,5.264516129032258,19,2,18.08709677419355,31.48709677419355,0,0,9.532901254480286,22,5,19.09903225806452,26,9,0,0,,,,,,,,0.0,0.0,0.0,0.0,64.87390187133308,,,,34.92391011100121,
苏州,2016,8,31.2989,120.5853,31,28.97741935483871,32.6,25.94516129032258,6.65483870967742,33.13870967741936,4.161290322580645,74.06451612903226,25.5,0.8225806451612904,15,0,18.625806451612902,30.89032258064516,0,0,11.283247580645162,30,1,20.230967741935483,27,2,0,0,,,,,,,,0.0,0.0,0.0,0.0,69.36972737336743,,,,39.648896992579296,
苏州,2016,9,31.2989,120.5853,30,24.220000000000002,27.709999999999997,21.283333333333335,6.426666666666666,26.14,1.9199999999999997,78.33333333333333,198.5,6.616666666666666,13,3,19.040000000000003,31.5,3,3,7.19039925925926,18,10,13.351333333333335,7,0,0,0,,,,,,,,0.0,0.0,0.0,0.0,79.22951596359282,,,,,
苏州,2016,10,31.2989,120.5853,31,20.009677419354837,22.425806451612903,17.980645161290322,4.44516129032258,20.38064516129032,0.3709677419354837,82.3225806451613,166.4,5.367741935483871,23,2,20.151612903225807,32.987096774193546,2,1,3.711530734767025,7,15,7.293870967741935,0,0,0,0,,,,,,,,0.0,0.0,0.0,0.0,78.98983831343656,,,,,
苏州,2016,11,31.2989,120.5853,30,12.639999999999999,16.14,9.626666666666667,6.513333333333334,10.72,-1.9199999999999997,79.46666666666667,96.3,3.21,16,0,19.45,30.663333333333334,3,2,5.6572034259259265,12,10,8.709333333333332,0,0,0,0,,,,,,,,0.0,0.0,0.0,0.0,66.83856002214065,,,,,
苏州,2016,12,31.2989,120.5853,31,8.496774193548386,11.961290322580645,5.422580645161291,6.538709677419354,5.390322580645161,-3.106451612903226,76.74193548387096,70.0,2.2580645161290325,9,0,19.07741935483871,31.083870967741937,2,1,6.808259498207885,19,7,8.797419354838711,0,0,2,0,,,,,,,,0.0,0.0,0.0,0.0,58.9575339905417,,,,,73.13696330918658
苏州,2017,1,31.2989,120.5853,31,5.996774193548387,9.983870967741936,2.4096774193548387,7.574193548387097,2.6645161290322585,-3.332258064516129,74.6774193548387,50.800000000000004,1.638709677419355,11,0,15.85483870967742,32.33548387096774,0,0,6.6191768817204295,16,8,9.624516129032259,0,0,8,0,,,,,,,,0.0,0.0,0.0,0.0,55.49859934928427,,,,,69.52037826929923
苏州,2017,2,31.2989,120.5853,28,6.107142857142857,11.096428571428572,1.635714285714286,9.460714285714285,2.5357142857142856,-3.5714285714285716,68.92857142857143,30.6,1.092857142857143,10,0,16.54285714285714,33.32857142857143,1,1,7.238637599206349,18,8,12.651071428571429,0,0,8,0,,,,,,,,0.0,0.0,0.0,0.0,56.066951680629735,,,,,70.88177379984474
苏州,2017,3,31.2989,120.5853,31,9.806451612903226,14.251612903225807,5.609677419354839,8.641935483870967,6.912903225806452,-2.893548387096774,70.09677419354838,77.6,2.5032258064516126,18,0,17.700000000000003,35.18709677419355,0,3,6.9262500000000005,17,9,14.45290322580645,0,0,0,0,,,,,,,,0.0,0.0,0.0,0.0,62.41697774282663,,,,,
苏州,2017,4,31.2989,120.5853,30,16.743333333333332,21.733333333333334,11.916666666666666,9.816666666666666,15.610000000000001,-1.1333333333333335,70.1,98.4,3.2800000000000002,16,1,18.043333333333333,36.4,1,2,8.584904722222223,19,5,19.236333333333334,0,0,0,0,,,,,,,,0.0,0.0,0.0,0.0,76.87588694807148,,,,,
苏州,2017,5,31.2989,120.5853,31,21.11935483870968,25.816129032258065,16.596774193548388,9.219354838709679,21.567741935483873,0.44838709677419314,73.54838709677419,85.6,2.761290322580645,13,1,18.229032258064517,35.82258064516129,1,3,9.01755188172043,19,5,19.983870967741936,5,0,0,0,,,,,,,,0.0,0.0,0.0,0.0,82.59763082463294,,,,,
苏州,2017,6,31.2989,120.5853,30,23.636666666666667,27.516666666666666,20.236666666666668,7.28,26.066666666666666,2.4300000000000006,79.9,140.3,4.676666666666667,19,1,15.92,33.31333333333333,0,2,7.63650388888889,17,8,17.056,5,0,0,0,,,,,,,,0.0,0.0,0.0,0.0,79.81662638848671,,,,56.296331430534835,
苏州,2017,7,31.2989,120.5853,31,30.241935483870968,34.306451612903224,26.822580645161292,7.483870967741935,35.806451612903224,5.564516129032257,75.09677419354838,74.4,2.4000000000000004,20,0,14.693548387096774,31.496774193548386,0,2,10.134675,23,2,20.26451612903226,31,12,0,0,,,,,,,,0.0,0.0,0.0,0.0,66.01004001310703,,,,33.254629099890856,
苏州,2017,8,31.2989,120.5853,31,28.96451612903226,32.36129032258064,26.293548387096774,6.0677419354838715,34.016129032258064,5.051612903225807,78.16129032258064,88.9,2.8677419354838714,28,0,16.019354838709678,35.122580645161285,0,2,8.350699641577062,21,6,16.75548387096774,24,6,0,0,,,,,,,,0.0,0.0,0.0,0.0,67.91381055337013,,,,37.15370424159378,
苏州,2017,9,31.2989,120.5853,30,23.9,27.11,21.12,5.989999999999999,26.236666666666668,2.3366666666666664,79.93333333333334,189.1,6.303333333333333,23,1,16.326666666666668,33.833333333333336,0,1,5.667506111111111,10,11,11.556666666666667,4,0,0,0,,,,,,,,0.0,0.0,0.0,0.0,79.25640209849938,,,,,
苏州,2017,10,31.2989,120.5853,31,18.116129032258065,21.593548387096774,15.141935483870967,6.451612903225806,17.638709677419353,-0.47741935483870956,76.74193548387096,54.6,1.761290322580645,16,0,17.851612903225806,35.61612903225806,0,2,5.672145519713262,15,10,9.87741935483871,1,0,0,0,,,,,,,,0.0,0.0,0.0,0.0,77.20084212723992,,,,,
苏州,2017,11,31.2989,120.5853,30,12.683333333333334,16.95,9.136666666666665,7.8133333333333335,10.656666666666666,-2.0266666666666664,72.56666666666666,39.5,1.3166666666666667,12,0,15.433333333333334,31.720000000000002,1,1,6.398186481481482,15,7,9.615,0,0,0,0,,,,,,,,0.0,0.0,0.0,0.0,69.13987073921058,,,,,
苏州,2017,12,31.2989,120.5853,31,5.748387096774193,10.264516129032257,1.7483870967741935,8.516129032258064,2.193548387096774,-3.5548387096774197,67.93548387096774,25.3,0.8161290322580645,6,0,14.667741935483871,29.625806451612902,0,1,7.233685394265232,20,6,9.341290322580644,0,0,12,0,,,,,,,,0.0,0.0,0.0,0.0,56.4055681628566,,,,,69.86766091254177
苏州,2018,1,31.2989,120.5853,31,2.925806451612903,6.6,-0.41612903225806447,7.016129032258065,-0.9709677419354839,-3.896774193548387,77.3225806451613,104.2,3.361290322580645,17,1,16.416129032258063,32.36451612903225,0,1,4.878404390681004,11,14,7.853548387096774,0,0,18,5,,,,,,,,0.0,0.0,0.0,0.0,50.806251078501,,,,,59.88948899390315
苏州,2018,2,31.2989,120.5853,28,4.4714285714285715,9.271428571428572,0.053571428571428506,9.217857142857143,0.7714285714285715,-3.7,70.92857142857143,53.8,1.9214285714285713,10,0,16.764285714285712,33.375,1,2,6.479086408730159,16,9,11.770714285714286,0,0,13,7,,,,,,,,0.0,0.0,0.0,0.0,54.29311066654896,,,,,64.39230387766514
苏州,2018,3,31.2989,120.5853,31,11.587096774193547,16.903225806451612,6.819354838709677,10.083870967741936,9.474193548387097,-2.1129032258064515,77.74193548387096,90.2,2.9096774193548387,14,1,17.593548387096774,34.42903225806452,0,3,7.198177867383513,18,8,14.109032258064516,0,0,1,0,,,,,,,,0.0,0.0,0.0,0.0,64.60632411045401,,,,,
苏州,2018,4,31.2989,120.5853,30,16.89,22.209999999999997,12.033333333333333,10.176666666666668,15.95,-0.9399999999999998,71.6,89.1,2.9699999999999998,12,1,17.86,34.79333333333333,0,1,8.311186203703704,21,7,17.14333333333333,0,0,0,0,,,,,,,,0.0,0.0,0.0,0.0,76.02177481597509,,,,,
苏州,2018,5,31.2989,120.5853,31,22.061290322580643,26.164516129032258,18.14516129032258,8.019354838709678,23.567741935483873,1.506451612903226,77.70967741935483,127.4,4.109677419354839,20,1,16.73548387096774,35.0516129032258,0,0,6.488611559139785,16,12,15.912580645161292,5,0,0,0,,,,,,,,0.0,0.0,0.0,0.0,79.9304540998511,,,,,
苏州,2018,6,31.2989,120.5853,30,24.613333333333333,28.873333333333335,20.716666666666665,8.156666666666668,27.31,2.6966666666666668,77.8,102.0,3.4,15,1,15.376666666666667,31.73,0,0,8.354194074074075,19,6,18.571666666666665,11,0,0,0,,,,,,,,0.0,0.0,0.0,0.0,78.83684701002258,,,,52.95623101262231,
苏州,2018,7,31.2989,120.5853,31,28.348387096774193,32.012903225806454,25.506451612903227,6.506451612903226,33.519354838709674,5.170967741935484,83.41935483870968,170.79999999999998,5.509677419354838,23,1,17.761290322580646,35.851612903225806,2,4,10.063608870967743,23,3,20.029677419354837,25,1,0,0,,,,,,,,0.0,0.0,0.0,0.0,67.0097831603957,,,,37.69286532796235,
苏州,2018,8,31.2989,120.5853,31,28.32903225806452,31.68064516129032,25.66774193548387,6.012903225806451,33.11290322580645,4.783870967741935,82.09677419354838,162.0,5.225806451612903,25,2,19.358064516129033,38.900000000000006,2,8,9.928658243727599,25,3,18.593548387096774,26,0,0,0,,,,,,,,0.0,0.0,0.0,0.0,67.42342945244442,,,,38.11277008435867,
苏州,2018,9,31.2989,120.5853,30,24.46333333333333,28.073333333333334,21.353333333333335,6.720000000000001,27.523333333333333,3.0600000000000005,79.66666666666667,137.4,4.58,22,2,13.860000000000001,29.92,0,0,8.61280037037037,18,2,15.304666666666666,10,0,0,0,,,,,,,,0.0,0.0,0.0,0.0,79.40615145878019,,,,,
苏州,2018,10,31.2989,120.5853,31,17.700000000000003,22.30322580645161,13.54516129032258,8.758064516129032,16.580645161290324,-1.1193548387096774,66.90322580645162,17.3,0.5580645161290323,9,0,16.45806451612903,33.76451612903226,1,1,8.322662455197133,23,2,13.790000000000001,0,0,0,0,,,,,,,,0.0,0.0,0.0,0.0,81.36135875113872,,,,,
苏州,2018,11,31.2989,120.5853,30,13.226666666666667,17.45,9.713333333333333,7.736666666666666,11.716666666666667,-1.5100000000000002,80.76666666666667,110.2,3.6733333333333333,12,1,15.466666666666667,31.02,0,2,5.558428148148148,10,10,8.995333333333333,0,0,0,0,,,,,,,,0.0,0.0,0.0,0.0,68.46995707234274,,,,,
苏州,2018,12,31.2989,120.5853,31,6.964516129032258,10.399999999999999,3.616129032258064,6.783870967741936,3.8,-3.164516129032258,76.2258064516129,116.0,3.7419354838709675,22,0,16.461290322580645,32.65483870967742,0,0,4.435483691756272,10,14,6.744516129032258,0,0,9,0,,,,,,,,0.0,0.0,0.0,0.0,56.7989079186324,,,,,67.82802681260843
苏州,2019,1,31.2989,120.5853,31,4.870967741935484,8.52258064516129,1.6096774193548387,6.912903225806452,1.4903225806451614,-3.3806451612903223,77.51612903225806,62.2,2.0064516129032257,16,0,14.738709677419354,29.45483870967742,0,1,4.768153853046595,11,14,7.650967741935484,0,0,11,0,,,,,,,,0.0,0.0,0.0,0.0,52.12121335866728,,,,,65.84752707684616
苏州,2019,2,31.2989,120.5853,28,5.617857142857143,9.292857142857143,2.1928571428571426,7.1000000000000005,2.2464285714285714,-3.3714285714285714,79.82142857142857,127.8,4.564285714285714,18,0,16.025,31.889285714285712,0,1,3.900769543650793,7,15,7.978214285714286,0,0,4,0,,,,,,,,0.0,0.0,0.0,0.0,52.043983964872936,,,,,67.4141941910669
苏州,2019,3,31.2989,120.5853,31,10.993548387096775,16.070967741935483,6.641935483870968,9.429032258064517,8.516129032258064,-2.47741935483871,72.83870967741936,50.0,1.6129032258064515,14,0,17.593548387096774,35.274193548387096,0,2,7.138800806451612,15,6,14.289032258064518,0,0,0,0,,,,,,,,0.0,0.0,0.0,0.0,65.32000306994708,,,,,
苏州,2019,4,31.2989,120.5853,30,16.33,21.426666666666666,11.773333333333333,9.653333333333334,15.653333333333334,-0.6766666666666666,76.83333333333333,62.4,2.08,13,0,17.38,34.623333333333335,1,3,7.201576574074074,16,6,16.046333333333333,0,0,0,0,,,,,,,,0.0,0.0,0.0,0.0,75.31562424230687,,,,,
苏州,2019,5,31.2989,120.5853,31,20.200000000000003,25.361290322580647,15.23225806451613,10.129032258064516,20.070967741935487,-0.12903225806451613,67.54838709677419,94.8,3.0580645161290323,12,1,16.48709677419355,33.58064516129032,0,1,8.530631989247311,20,4,19.52,2,0,0,0,,,,,,,,0.0,0.0,0.0,0.0,84.13453140134202,,,,,
苏州,2019,6,31.2989,120.5853,30,23.646666666666665,27.96333333333333,19.886666666666667,8.076666666666666,25.95,2.3033333333333332,79.7,237.20000000000002,7.906666666666667,14,4,16.21333333333333,32.906666666666666,0,1,7.542218703703704,14,7,17.348,7,0,0,0,,,,,,,,0.0,0.0,0.0,0.0,80.73538769868782,,,,55.7758502988208,
苏州,2019,7,31.2989,120.5853,31,26.948387096774194,30.299999999999997,23.951612903225808,6.348387096774194,31.700000000000003,4.751612903225807,83.54838709677419,184.6,5.95483870967742,25,2,14.848387096774195,30.093548387096774,0,0,9.798546415770609,26,4,18.49225806451613,16,2,0,0,,,,,,,,0.0,0.0,0.0,0.0,70.54614148809151,,,,43.745207648288336,
苏州,2019,8,31.2989,120.5853,31,27.57741935483871,30.80322580645161,24.700000000000003,6.103225806451612,32.23548387096774,4.658064516129032,82.41935483870968,210.6,6.793548387096774,24,2,17.074193548387097,35.34516129032258,3,3,10.313393548387095,26,2,18.98032258064516,21,0,0,0,,,,,,,,0.0,0.0,0.0,0.0,69.34310104893339,,,,41.490437610533526,
苏州,2019,9,31.2989,120.5853,30,23.376666666666665,27.21333333333333,19.983333333333334,7.23,25.666666666666668,2.2899999999999996,79.86666666666666,219.9,7.33,13,3,15.566666666666666,31.316666666666666,1,2,9.585929629629629,23,3,16.186333333333334,2,0,0,0,,,,,,,,0.0,0.0,0.0,0.0,80.38563187343915,,,,,
苏州,2019,10,31.2989,120.5853,31,18.883870967741935,23.261290322580646,14.98709677419355,8.274193548387096,18.970967741935485,0.08709677419354836,75.09677419354838,39.699999999999996,1.2806451612903225,11,1,14.72258064516129,30.529032258064515,0,2,7.568229390681004,16,3,12.459999999999999,0,0,0,0,,,,,,,,0.0,0.0,0.0,0.0,81.20044483956856,,,,,
苏州,2019,11,31.2989,120.5853,30,13.66,18.653333333333332,9.186666666666667,9.466666666666667,11.65,-2.0100000000000002,69.46666666666667,24.4,0.8133333333333332,12,0,16.51,33.21666666666667,0,3,6.473417962962963,14,6,9.853,0,0,0,0,,,,,,,,0.0,0.0,0.0,0.0,71.64107954218579,,,,,
苏州,2019,12,31.2989,120.5853,31,7.838709677419355,12.306451612903226,3.832258064516129,8.474193548387097,4.770967741935484,-3.0677419354838706,75.35483870967742,67.2,2.167741935483871,12,0,16.15806451612903,32.464516129032255,0,1,6.350313888888889,18,9,8.792903225806452,0,0,5,0,,,,,,,,0.0,0.0,0.0,0.0,57.829020782405145,,,,,71.87462127598909
苏州,2020,1,31.2989,120.5853,31,6.183870967741935,9.035483870967743,3.5258064516129033,5.509677419354839,2.9645161290322584,-3.2193548387096773,81.45161290322581,145.2,4.683870967741935,18,0,17.19677419354839,34.648387096774194,1,3,3.7515185483870965,7,17,6.364193548387097,0,0,2,0,,,,,,,,0.0,0.0,0.0,0.0,52.41008560711008,,,,,68.17420459277082
苏州,2020,2,31.2989,120.5853,29,8.124137931034483,13.082758620689654,3.617241379310345,9.46551724137931,5.172413793103448,-2.9517241379310346,76.34482758620689,51.6,1.7793103448275862,13,0,17.010344827586206,34.13793103448276,1,2,6.503495210727969,15,7,11.298620689655174,0,0,5,0,,,,,,,,0.0,0.0,0.0,0.0,58.280535457164596,,,,,71.688698426432
苏州,2020,3,31.2989,120.5853,31,11.725806451612904,16.30322580645161,7.506451612903225,8.796774193548387,9.370967741935484,-2.3548387096774195,73.93548387096774,119.3,3.8483870967741933,18,1,17.635483870967743,35.41935483870968,0,1,7.001437724014337,14,8,13.730967741935483,0,0,0,0,,,,,,,,0.0,0.0,0.0,0.0,65.96514493505165,,,,,
苏州,2020,4,31.2989,120.5853,30,14.520000000000001,19.98,9.376666666666667,10.603333333333333,12.603333333333333,-1.9166666666666667,67.6,45.7,1.5233333333333334,13,0,17.666666666666668,35.18,0,2,9.05171398148148,23,4,19.125,1,0,0,0,,,,,,,,0.0,0.0,0.0,0.0,72.76396480884493,,,,,
苏州,2020,5,31.2989,120.5853,31,22.212903225806453,26.94193548387097,17.677419354838708,9.264516129032257,23.23225806451613,1.0193548387096774,73.90322580645162,106.0,3.4193548387096775,19,0,17.60967741935484,36.53225806451613,0,1,8.4164688172043,21,5,18.436774193548384,4,0,0,0,,,,,,,,0.0,0.0,0.0,0.0,83.45538596273794,,,,,
苏州,2020,6,31.2989,120.5853,30,25.23,28.63,21.983333333333334,6.646666666666666,29.083333333333332,3.8533333333333335,85.16666666666667,263.2,8.773333333333333,23,3,15.483333333333333,34.14333333333333,0,2,6.2535592592592595,13,10,15.256333333333334,6,0,0,0,,,,,,,,0.0,0.0,0.0,0.0,74.70485049132091,,,,49.219800858273366,
苏州,2020,7,31.2989,120.5853,31,25.94516129032258,29.070967741935487,23.35483870967742,5.716129032258064,30.429032258064513,4.483870967741935,87.29032258064517,430.40000000000003,13.883870967741936,28,6,15.796774193548387,35.4483870967742,1,2,5.485266039426524,12,12,13.966774193548387,10,0,0,0,,,,,,,,0.0,0.0,0.0,0.0,71.81218486589935,,,,44.78088494267607,
苏州,2020,8,31.2989,120.5853,31,29.38064516129032,33.24516129032258,26.164516129032258,7.080645161290322,34.380645161290325,5.0,77.0,220.8,7.122580645161291,17,2,17.01290322580645,34.8,1,2,10.349184229390682,25,2,20.776129032258062,29,6,0,0,,,,,,,,0.0,0.0,0.0,0.0,67.21850662063963,,,,35.96083941616917,
苏州,2020,9,31.2989,120.5853,30,23.16,26.976666666666667,19.78666666666667,7.1899999999999995,25.426666666666666,2.266666666666666,78.86666666666666,137.3,4.576666666666667,20,1,13.406666666666666,28.423333333333336,0,0,8.055623148148149,19,5,15.41,8,0,0,0,,,,,,,,0.0,0.0,0.0,0.0,81.37588694843902,,,,,
苏州,2020,10,31.2989,120.5853,31,17.541935483870965,21.651612903225807,13.703225806451613,7.948387096774193,16.990322580645163,-0.551612903225806,74.16129032258064,56.4,1.8193548387096774,7,1,14.551612903225807,30.241935483870968,0,0,7.924376433691756,20,5,12.91,0,0,0,0,,,,,,,,0.0,0.0,0.0,0.0,79.25040716923405,,,,,
苏州,2020,11,31.2989,120.5853,30,14.066666666666666,18.15,10.6,7.55,12.313333333333333,-1.7533333333333334,74.06666666666666,51.0,1.7,14,0,15.743333333333334,32.28333333333333,0,0,6.546807685185185,17,8,9.697666666666667,0,0,0,0,,,,,,,,0.0,0.0,0.0,0.0,71.22151499508844,,,,,
苏州,2020,12,31.2989,120.5853,31,5.577419354838709,9.874193548387098,1.7806451612903227,8.093548387096774,2.109677419354839,-3.467741935483871,70.3225806451613,14.5,0.46774193548387094,12,0,15.26774193548387,30.812903225806455,1,2,6.739192652329749,17,8,8.945483870967742,0,0,10,2,,,,,,,,0.0,0.0,0.0,0.0,56.44673422511373,,,,,68.96537454272551
苏州,2021,1,31.2989,120.5853,31,4.480645161290322,9.761290322580646,0.19032258064516133,9.570967741935483,0.6096774193548387,-3.870967741935484,64.7741935483871,17.7,0.5709677419354838,10,0,16.654838709677417,33.70967741935484,0,1,7.193328853046595,18,5,10.402258064516127,0,0,16,5,,,,,,,,0.0,0.0,0.0,0.0,55.786171633344196,,,,,65.4947077747532
苏州,2021,2,31.2989,120.5853,28,9.307142857142859,14.396428571428572,5.292857142857143,9.10357142857143,6.378571428571428,-2.9285714285714284,73.89285714285714,56.7,2.025,10,0,17.360714285714288,35.503571428571426,1,1,6.671507936507936,16,7,11.65,0,0,1,0,,,,,,,,0.0,0.0,0.0,0.0,60.53707630619125,,,,,74.75920810408711
苏州,2021,3,31.2989,120.5853,31,11.603225806451613,15.951612903225806,7.47741935483871,8.474193548387097,9.370967741935484,-2.232258064516129,77.61290322580645,85.60000000000001,2.7612903225806456,21,0,17.283870967741933,34.61612903225806,0,0,5.631240770609319,14,13,12.703225806451613,0,0,0,0,,,,,,,,0.0,0.0,0.0,0.0,64.32437229926263,,,,,
苏州,2021,4,31.2989,120.5853,30,15.976666666666667,20.57,11.753333333333334,8.816666666666666,14.74,-1.236666666666667,72.43333333333334,61.9,2.0633333333333335,16,0,17.226666666666667,35.29666666666667,0,1,7.1302662037037035,16,9,16.202666666666666,1,0,0,0,,,,,,,,0.0,0.0,0.0,0.0,75.21834134837428,,,,,
苏州,2021,5,31.2989,120.5853,31,21.73548387096774,26.206451612903226,17.47741935483871,8.729032258064517,22.74516129032258,1.0096774193548383,75.09677419354838,216.9,6.996774193548387,13,4,18.016129032258064,36.65483870967742,0,4,7.560477598566308,19,8,17.98548387096774,5,0,0,0,,,,,,,,0.0,0.0,0.0,0.0,81.61485386025639,,,,,
苏州,2021,6,31.2989,120.5853,30,24.790000000000003,28.933333333333334,21.203333333333333,7.7299999999999995,27.913333333333334,3.123333333333334,81.4,154.4,5.1466666666666665,20,0,15.963333333333335,32.57,0,0,7.536296018518518,15,6,17.43,11,0,0,0,,,,,,,,0.0,0.0,0.0,0.0,77.28446115797902,,,,50.88074719437229,
苏州,2021,7,31.2989,120.5853,31,28.135483870967743,31.44193548387097,25.561290322580643,5.880645161290323,32.648387096774194,4.512903225806451,82.29032258064517,383.5,12.370967741935484,24,4,20.154838709677417,41.854838709677416,4,7,8.256395519713262,19,7,18.00258064516129,25,1,0,0,,,,,,,,0.0,0.0,0.0,0.0,67.91042758898463,,,,38.07559629525623,
苏州,2021,8,31.2989,120.5853,31,27.18064516129032,30.358064516129033,24.62258064516129,5.735483870967743,32.31290322580645,5.132258064516129,85.51612903225806,311.2,10.038709677419355,25,3,14.19032258064516,30.08709677419355,0,0,9.061610035842294,24,4,17.593225806451613,21,0,0,0,,,,,,,,0.0,0.0,0.0,0.0,69.42735927610225,,,,40.31544338206161,
苏州,2021,9,31.2989,120.5853,30,25.383333333333333,29.163333333333334,22.290000000000003,6.873333333333333,28.77,3.386666666666667,82.0,91.4,3.046666666666667,18,1,16.083333333333332,33.24,1,3,9.783646018518517,23,2,16.852999999999998,11,0,0,0,,,,,,,,0.0,0.0,0.0,0.0,75.88627235061968,,,,,
苏州,2021,10,31.2989,120.5853,31,19.451612903225808,23.60967741935484,15.935483870967742,7.674193548387097,19.91290322580645,0.46129032258064556,77.80645161290323,102.8,3.3161290322580643,14,0,16.29032258064516,32.78709677419355,3,4,7.7741208781362,20,5,12.765806451612903,3,0,0,0,,,,,,,,0.0,0.0,0.0,0.0,76.31369523278116,,,,,
苏州,2021,11,31.2989,120.5853,30,12.423333333333334,17.383333333333333,8.216666666666667,9.166666666666666,10.243333333333334,-2.1799999999999997,71.66666666666667,64.6,2.1533333333333333,12,0,17.17,33.89,3,4,7.787850925925926,18,2,11.395000000000001,0,0,0,0,,,,,,,,0.0,0.0,0.0,0.0,68.98802601601423,,,,,
苏州,2021,12,31.2989,120.5853,31,6.22258064516129,11.55483870967742,1.7096774193548387,9.845161290322581,2.835483870967742,-3.3870967741935485,68.7741935483871,8.6,0.27741935483870966,5,0,14.53225806451613,28.88064516129032,0,1,7.569657616487456,20,5,10.005161290322581,0,0,10,0,,,,,,,,0.0,0.0,0.0,0.0,57.76634975128651,,,,,70.82607434908249
苏州,2022,1,31.2989,120.5853,31,5.17741935483871,9.083870967741936,1.5129032258064516,7.570967741935483,1.770967741935484,-3.4064516129032256,76.83870967741936,84.89999999999999,2.7387096774193544,14,0,15.019354838709678,29.35483870967742,0,0,4.7335111111111114,10,13,8.02483870967742,0,0,9,0,,,,,,,,0.0,0.0,0.0,0.0,52.99731570170106,,,,,66.87973575283283
苏州,2022,2,31.2989,120.5853,28,4.328571428571428,8.264285714285714,0.567857142857143,7.696428571428571,0.7714285714285714,-3.557142857142857,74.75,60.5,2.1607142857142856,15,0,15.439285714285715,30.25357142857143,0,0,4.559071130952381,9,14,9.687142857142858,0,0,12,0,,,,,,,,0.0,0.0,0.0,0.0,52.07155389030452,,,,,64.83029997676941
苏州,2022,3,31.2989,120.5853,31,12.558064516129033,17.835483870967742,8.006451612903227,9.829032258064515,10.429032258064517,-2.129032258064516,74.48387096774194,160.1,5.164516129032258,13,4,18.851612903225806,36.41935483870968,0,2,7.115733781362007,19,9,14.311935483870968,0,0,0,0,,,,,,,,0.0,0.0,0.0,0.0,67.08441572844606,,,,,
苏州,2022,4,31.2989,120.5853,30,16.333333333333332,21.68,11.393333333333334,10.286666666666667,15.316666666666666,-1.0166666666666666,72.13333333333334,123.2,4.1066666666666665,11,1,16.54,31.40666666666667,0,1,7.73434962962963,16,7,17.395666666666667,2,0,0,0,,,,,,,,0.0,0.0,0.0,0.0,76.19994030930957,,,,,
苏州,2022,5,31.2989,120.5853,31,19.690322580645162,24.548387096774192,15.345161290322581,9.203225806451613,19.761290322580646,0.0709677419354839,71.83870967741936,45.599999999999994,1.4709677419354836,14,0,15.080645161290322,29.567741935483873,0,0,8.028808154121863,20,5,18.781290322580645,0,0,0,0,,,,,,,,0.0,0.0,0.0,0.0,83.4273265574818,,,,,
苏州,2022,6,31.2989,120.5853,30,25.776666666666664,29.64333333333333,22.153333333333332,7.489999999999999,29.083333333333332,3.306666666666666,79.63333333333334,150.0,5.0,18,2,17.28666666666667,34.223333333333336,0,1,8.350118703703703,19,6,18.717333333333332,13,0,0,0,,,,,,,,0.0,0.0,0.0,0.0,75.08922993731623,,,,48.79610241035274,
苏州,2022,7,31.2989,120.5853,31,30.216129032258067,34.53548387096774,26.451612903225808,8.083870967741934,35.5258064516129,5.309677419354839,74.7741935483871,121.5,3.9193548387096775,24,1,16.58709677419355,34.63870967741936,0,1,10.997468458781363,28,1,21.70193548387097,31,14,0,0,,,,,,,,0.0,0.0,0.0,0.0,65.94890369431565,,,,34.100351765129496,
苏州,2022,8,31.2989,120.5853,31,31.141935483870967,35.8,27.316129032258065,8.483870967741936,36.00322580645161,4.861290322580645,67.87096774193549,54.0,1.7419354838709677,15,0,15.593548387096776,31.4,0,0,9.957846326164875,24,1,20.03451612903226,29,22,0,0,,,,,,,,0.0,0.0,0.0,0.0,67.35151011623704,,,,34.45790828440253,
苏州,2022,9,31.2989,120.5853,30,23.206666666666667,27.073333333333334,19.80666666666667,7.266666666666667,24.896666666666665,1.6899999999999997,77.53333333333333,183.70000000000002,6.123333333333334,20,2,17.736666666666668,34.806666666666665,2,3,7.502871388888889,16,6,14.444333333333333,3,0,0,0,,,,,,,,0.0,0.0,0.0,0.0,81.74470349661466,,,,,
苏州,2022,10,31.2989,120.5853,31,17.651612903225807,22.161290322580644,13.67741935483871,8.483870967741936,16.91290322580645,-0.7387096774193546,72.19354838709677,45.300000000000004,1.4612903225806453,12,0,16.429032258064517,32.32258064516129,0,1,7.436376254480287,21,7,12.819032258064516,3,1,0,0,,,,,,,,0.0,0.0,0.0,0.0,76.28130293908866,,,,,
苏州,2022,11,31.2989,120.5853,30,14.973333333333333,19.236666666666668,11.31,7.926666666666666,13.933333333333334,-1.04,80.23333333333333,89.2,2.9733333333333336,17,0,16.403333333333332,31.836666666666666,0,2,5.769940740740741,12,10,8.990333333333332,0,0,0,0,,,,,,,,0.0,0.0,0.0,0.0,72.28390392591523,,,,,
苏州,2022,12,31.2989,120.5853,31,4.416129032258064,8.329032258064515,0.6451612903225806,7.683870967741935,0.6516129032258065,-3.764516129032258,68.2258064516129,32.8,1.058064516129032,12,0,16.09032258064516,31.387096774193548,1,2,6.333454032258064,16,7,8.701935483870967,0,0,14,0,,,,,,,,0.0,0.0,0.0,0.0,54.50250550105833,,,,,66.9998616178372
苏州,2023,1,31.2989,120.5853,31,4.877419354838709,10.0,0.23870967741935487,9.761290322580646,1.2838709677419353,-3.5935483870967744,69.80645161290323,50.4,1.6258064516129032,9,0,16.77741935483871,32.65806451612903,1,2,7.463214964157706,22,7,10.561290322580644,0,0,16,2,63.18427419354839,94.39354838709677,1351.4596774193549,69.11465053763442,74.60309139784945,19.423387096774192,4.131720430107527,7.0,10.0,5.0,0.0,55.219222488210406,86.08627927320084,64.47933952370754,13.913720726799157,,71.38831110765778
苏州,2023,2,31.2989,120.5853,28,6.514285714285714,10.914285714285715,2.657142857142857,8.257142857142856,3.1750000000000003,-3.3392857142857144,74.67857142857143,69.89999999999999,2.496428571428571,14,0,16.489285714285714,32.48571428571429,0,1,5.64176746031746,9,8,10.772857142857143,0,0,6,0,42.76741071428571,65.41428571428571,947.2633928571429,60.26547619047619,61.98898809523809,23.75595238095238,0.6726190476190476,12.0,2.0,0.0,0.0,55.87637025455648,89.26902778899658,65.89416751488851,10.730972211003417,,74.65793145776424
苏州,2023,3,31.2989,120.5853,31,11.880645161290323,17.248387096774195,7.190322580645161,10.058064516129033,9.358064516129033,-2.52258064516129,68.3225806451613,51.9,1.6741935483870967,14,0,16.36774193548387,31.970967741935485,0,2,6.296164157706094,15,10,13.55516129032258,0,0,0,0,51.74180107526882,78.44381720430107,857.5067204301075,65.2915322580645,65.70793010752688,30.079301075268816,5.502688172043011,9.0,3.0,5.0,0.0,67.31667518846777,87.68624689590933,73.42754670070023,12.31375310409066,,
苏州,2023,4,31.2989,120.5853,30,16.813333333333333,21.85666666666667,12.16,9.696666666666665,15.333333333333334,-1.4799999999999998,68.8,42.6,1.4200000000000002,15,0,19.3,37.25,2,2,7.8256695370370375,18,5,16.878666666666668,1,0,0,0,45.51,69.41388888888888,687.2888888888889,59.275555555555556,61.658750000000005,41.78055555555556,8.406944444444443,9.0,1.0,9.0,0.0,77.12223782090253,88.36062862877742,80.493755063265,11.63937137122259,,
苏州,2023,5,31.2989,120.5853,31,21.66774193548387,26.780645161290323,16.967741935483872,9.812903225806451,22.154838709677417,0.4870967741935483,69.96774193548387,96.4,3.109677419354839,20,0,17.980645161290322,35.66451612903226,1,2,7.647130286738352,17,6,18.107096774193547,8,0,0,0,40.59462365591398,59.57983870967742,562.1209677419355,56.81182795698925,58.64717741935484,49.53360215053764,2.0268817204301075,14.0,1.0,2.0,0.0,81.81229402060455,88.88715843786882,83.93475334578383,11.112841562131186,,
苏州,2023,6,31.2989,120.5853,30,25.37,29.746666666666666,21.65666666666667,8.09,28.34333333333333,2.9733333333333336,77.6,237.2,7.906666666666666,21,4,17.083333333333332,34.24333333333333,1,1,6.886080833333334,16,9,16.743666666666666,16,0,0,0,52.94583333333333,76.68875,791.7847222222223,68.20722222222223,74.37277777777778,52.290277777777774,1.475,10.0,5.0,1.0,3.0,76.7953960996745,86.28140704546651,79.64119938341211,13.718592954533483,48.44124033529947,
苏州,2023,7,31.2989,120.5853,31,28.470967741935485,31.84193548387097,26.006451612903227,5.835483870967742,33.932258064516134,5.461290322580646,84.0,308.8,9.961290322580645,26,5,17.0258064516129,34.07741935483871,2,2,7.242637186379929,14,8,16.815483870967743,27,2,0,0,33.1989247311828,48.748521505376345,571.5819892473119,33.06975806451613,25.64986559139785,87.97311827956989,0.3239247311827957,17.0,0.0,0.0,16.0,67.11728746331904,89.60983363921787,73.8650513160887,10.39016636078213,34.65473632944932,
苏州,2023,8,31.2989,120.5853,31,27.551612903225806,31.238709677419354,24.358064516129033,6.880645161290322,32.483870967741936,4.932258064516129,81.90322580645162,168.4,5.432258064516129,25,2,14.625806451612902,29.748387096774195,0,0,9.826655286738351,24,3,19.889032258064514,26,0,0,0,36.707392473118276,57.59220430107527,990.6182795698925,58.46411290322581,45.443010752688174,59.1760752688172,3.2580645161290325,18.0,0.0,4.0,4.0,69.6270068225973,88.54701686651141,75.30300983577153,11.452983133488587,39.4315774425014,
苏州,2023,9,31.2989,120.5853,30,24.823333333333334,28.209999999999997,21.876666666666665,6.333333333333333,28.526666666666664,3.7033333333333336,84.66666666666667,177.70000000000002,5.923333333333334,23,1,13.563333333333333,26.35666666666667,0,0,7.3618534259259265,18,9,14.519,9,0,0,0,38.31611111111111,58.71472222222222,1150.2930555555554,65.25430555555555,49.63736111111111,39.959722222222226,0.5083333333333333,16.0,1.0,0.0,0.0,75.45402130510605,88.75573446906614,79.44453525429408,11.244265530933859,,
苏州,2023,10,31.2989,120.5853,31,19.019354838709678,23.55483870967742,15.05483870967742,8.5,19.229032258064517,0.20967741935483866,76.35483870967742,14.6,0.47096774193548385,7,0,14.064516129032258,27.574193548387097,0,0,7.622237634408602,19,5,13.354516129032259,0,0,0,0,43.85927419354839,70.00551075268817,1078.2916666666665,63.5875,45.87903225806452,29.58467741935484,3.514784946236559,14.0,4.0,3.0,0.0,83.19220314985036,88.79499811357606,84.87304163896806,11.205001886423954,,
苏州,2023,11,31.2989,120.5853,30,12.926666666666668,17.916666666666668,8.673333333333334,9.243333333333334,10.67,-2.256666666666667,68.73333333333333,29.9,0.9966666666666666,8,0,17.276666666666664,33.03666666666667,0,2,8.266193888888889,23,3,11.844333333333333,0,0,0,0,39.354305555555555,59.703472222222224,872.4833333333333,51.71694444444445,37.11819444444445,20.380555555555553,2.883333333333333,16.0,2.0,3.0,0.0,69.95457054865655,90.75488590297888,76.19466515495324,9.245114097021117,,
苏州,2023,12,31.2989,120.5853,31,5.529032258064516,10.52258064516129,1.5193548387096774,9.003225806451614,2.07741935483871,-3.4516129032258065,69.16129032258064,41.2,1.3290322580645162,9,0,15.480645161290322,30.203225806451613,0,1,6.909941397849463,18,6,9.25741935483871,0,0,12,3,60.67903225806452,89.89758064516128,1417.127688172043,57.29341397849462,57.494758064516134,13.790322580645162,0.9287634408602151,9.0,11.0,0.0,0.0,57.37768252691993,87.4895681628424,66.41124821769667,12.510431837157586,,72.63600079070049
苏州,2024,1,31.2989,120.5853,31,4.706451612903226,9.625806451612902,0.5258064516129032,9.100000000000001,1.1161290322580644,-3.5903225806451613,73.61290322580645,39.6,1.2774193548387098,11,0,15.793548387096775,31.73548387096774,0,0,7.092047580645161,17,6,10.076129032258065,0,0,14,1,64.55416666666667,95.86612903225806,1369.1827956989246,55.47741935483871,51.425134408602155,16.522849462365592,0.9247311827956989,9.0,12.0,0.0,0.0,53.97941899424521,87.14502029964191,63.92909938586421,12.854979700358092,,71.60279423593194
苏州,2024,2,31.2989,120.5853,29,5.717241379310345,9.855172413793104,2.013793103448276,7.841379310344828,2.1965517241379313,-3.5206896551724136,78.27586206896552,113.39999999999999,3.9103448275862065,17,0,17.92413793103448,34.9,0,2,4.4553131226053635,10,14,9.109655172413794,0,0,12,0,36.77729885057472,56.54942528735632,689.3333333333334,42.71652298850575,24.59971264367816,29.691091954022987,1.8922413793103448,17.0,3.0,2.0,0.0,53.21613314627376,91.43098204723832,64.68058781656313,8.569017952761675,,71.44015794461146
苏州,2024,3,31.2989,120.5853,31,11.270967741935483,16.783870967741933,6.348387096774194,10.435483870967742,8.96774193548387,-2.303225806451613,74.58064516129032,47.5,1.532258064516129,13,0,18.248387096774195,35.34838709677419,0,1,7.470751523297491,16,4,14.73967741935484,0,0,2,0,45.184543010752684,72.20940860215055,1074.9260752688174,53.1106182795699,38.525,32.013440860215056,8.666666666666668,4.0,1.0,10.0,0.0,65.33295789687932,89.1669101366482,72.48314356881,10.833089863351804,,
苏州,2024,4,31.2989,120.5853,30,16.673333333333332,21.013333333333332,13.016666666666667,7.996666666666667,16.103333333333335,-0.5700000000000001,79.93333333333334,155.9,5.196666666666667,22,2,17.436666666666667,33.36666666666667,0,0,5.40351212962963,8,10,13.915333333333333,0,0,0,0,40.83694444444445,64.08722222222222,1286.0013888888889,61.55027777777777,46.14458333333333,32.63333333333333,8.266666666666667,11.0,1.0,9.0,0.0,76.0698771322497,88.90493086289185,79.92039325144233,11.095069137108158,,
苏州,2024,5,31.2989,120.5853,31,20.148387096774194,25.129032258064516,15.761290322580646,9.36774193548387,20.45483870967742,0.306451612903226,74.29032258064517,61.9,1.9967741935483871,14,0,17.11935483870968,33.24193548387097,1,1,8.520439784946236,21,6,19.85483870967742,1,0,0,0,38.881048387096776,59.73548387096774,828.0094086021505,50.48454301075269,33.34569892473118,58.26209677419355,4.915322580645161,16.0,1.0,3.0,1.0,82.10902062350267,89.11262044985881,84.2101005714095,10.887379550141185,,
苏州,2024,6,31.2989,120.5853,30,24.03666666666667,27.740000000000002,20.7,7.04,26.796666666666667,2.76,81.4,329.4,10.979999999999999,20,3,16.183333333333334,31.62333333333333,0,0,5.650033055555555,12,10,14.667333333333334,5,0,0,0,34.41875,51.365138888888886,856.1805555555555,49.278055555555554,33.90902777777778,62.96111111111111,2.129166666666667,18.0,0.0,0.0,3.0,78.47702179870038,89.44995721745869,81.76890242432786,10.550042782541315,53.63433950260519,
苏州,2024,7,31.2989,120.5853,31,29.925806451612903,33.58064516129032,26.822580645161292,6.758064516129032,35.10967741935484,5.183870967741935,77.29032258064517,142.7,4.603225806451612,14,3,18.6,36.71612903225807,2,4,8.845583781362008,20,5,19.590967741935486,28,14,0,0,30.10604838709677,44.43400537634408,411.7069892473118,30.526478494623657,17.283467741935485,95.61155913978494,0.021505376344086016,23.0,0.0,0.0,16.0,65.81705301320022,90.01278197278108,73.07577170107449,9.98721802721891,34.15848118422816,
苏州,2024,8,31.2989,120.5853,31,30.68064516129032,35.04838709677419,26.970967741935485,8.07741935483871,36.42258064516129,5.741935483870968,73.2258064516129,95.5,3.0806451612903225,20,0,14.396774193548387,29.351612903225806,0,0,11.335758691756272,28,0,21.906451612903226,31,15,0,0,49.29838709677419,73.00349462365593,1100.8629032258063,54.30470430107526,44.64932795698925,82.81317204301075,0.25806451612903225,7.0,4.0,0.0,10.0,65.38398354053102,86.10003047372479,71.59879762048915,13.899969526275223,33.0836759612376,
苏州,2024,9,31.2989,120.5853,30,26.94,30.526666666666664,23.90666666666667,6.62,30.59333333333333,3.6533333333333333,78.33333333333333,221.0,7.366666666666666,23,2,18.490000000000002,35.28666666666666,1,3,8.620434444444443,21,6,15.991333333333333,17,0,0,0,34.96138888888889,54.79083333333333,1078.1944444444443,56.16652777777778,44.020694444444445,34.9125,0.4625,15.0,0.0,0.0,1.0,72.71429683842656,89.99956824560225,77.89987826057927,10.00043175439774,,
苏州,2024,10,31.2989,120.5853,31,18.822580645161292,22.438709677419357,15.55483870967742,6.883870967741935,18.86774193548387,0.045161290322580885,79.03225806451613,126.6,4.083870967741936,19,1,17.654838709677417,33.99354838709677,0,1,5.835073207885305,13,10,11.100645161290323,0,0,0,0,30.136021505376345,48.48051075268817,654.8185483870968,57.177150537634404,29.684543010752687,29.940860215053764,2.504032258064516,22.0,1.0,1.0,0.0,79.46734892344492,91.38031472962487,83.04123866529889,8.61968527037512,,
苏州,2024,11,31.2989,120.5853,30,13.97,17.85,10.776666666666667,7.073333333333333,12.473333333333333,-1.4966666666666668,74.46666666666667,118.7,3.9566666666666666,9,1,15.676666666666668,34.233333333333334,1,4,6.691381388888889,17,7,10.139999999999999,0,0,0,0,36.88444444444444,47.72402777777778,794.2055555555556,53.87444444444444,40.492222222222225,27.23472222222222,3.4625,16.0,2.0,4.0,0.0,71.42954371943456,90.71591244108276,77.21545433592902,9.28408755891723,,
苏州,2024,12,31.2989,120.5853,31,6.038709677419354,10.187096774193549,2.6516129032258067,7.535483870967742,2.987096774193548,-3.051612903225806,70.61290322580645,17.1,0.5516129032258065,5,0,11.667741935483871,27.825806451612905,0,0,7.60705770609319,20,4,9.86774193548387,0,0,6,0,71.70900537634408,75.29489247311828,1054.5430107526881,59.13481182795699,65.57567204301075,20.5255376344086,2.6196236559139785,1.0,11.0,2.0,0.0,57.58858022459462,86.38191659143735,66.22658113464743,13.618083408562661,,76.2161623451121
苏州,2025,1,31.2989,120.5853,31,5.735483870967743,10.470967741935485,1.6838709677419357,8.787096774193548,2.1645161290322585,-3.5709677419354837,60.483870967741936,10.7,0.34516129032258064,6,0,13.22258064516129,31.30322580645161,0,0,7.963325268817205,24,5,11.175161290322581,0,0,9,0,75.76586021505376,78.85833333333332,1038.5120967741937,60.94583333333334,64.64072580645161,24.533602150537632,2.6989247311827955,7.0,13.0,2.0,0.0,57.4970854099615,85.68686111936056,65.9540181227812,14.313138880639437,,75.58418970823526
苏州,2025,2,31.2989,120.5853,28,5.7,9.946428571428571,1.8035714285714286,8.142857142857142,2.3964285714285714,-3.3035714285714284,67.0,19.8,0.7071428571428572,12,0,14.189285714285715,33.457142857142856,0,1,6.685714781746031,15,7,12.198214285714286,0,0,7,1,60.752678571428575,66.17261904761905,792.0252976190476,48.46354166666667,49.949107142857144,35.59077380952381,6.706845238095238,3.0,7.0,8.0,0.0,56.786870886218985,87.86829663472132,66.11129861076968,12.131703365278678,,75.07279453185276
苏州,2025,3,31.2989,120.5853,31,12.196774193548388,17.083870967741937,7.796774193548386,9.28709677419355,9.825806451612904,-2.370967741935484,65.6774193548387,61.8,1.993548387096774,14,0,15.674193548387096,37.270967741935486,0,3,7.1800181003584225,18,10,14.479354838709678,1,0,0,0,48.3858870967742,60.006048387096776,645.2594086021505,45.222311827956986,37.192204301075265,59.225806451612904,18.61021505376344,7.0,1.0,17.0,1.0,66.96519514566043,88.48816578401005,73.42208633716531,11.511834215989953,,
苏州,2025,4,31.2989,120.5853,30,19.166666666666668,25.259999999999998,13.373333333333333,11.886666666666667,17.896666666666665,-1.2699999999999998,57.4,31.1,1.0366666666666666,9,0,16.46333333333333,39.65333333333333,1,3,9.774865740740742,26,2,19.970666666666666,5,0,0,0,47.26569444444444,59.110416666666666,569.0666666666667,42.158750000000005,35.65347222222223,82.84166666666667,20.74027777777778,10.0,2.0,22.0,9.0,82.15689680857285,87.70268214564379,83.82063240969413,12.29731785435621,,
苏州,2025,5,31.2989,120.5853,31,22.258064516129032,27.364516129032257,17.835483870967742,9.529032258064516,22.725806451612904,0.46774193548387083,67.38709677419355,132.7,4.280645161290322,13,2,17.074193548387097,40.41290322580645,1,5,9.112260304659499,22,2,20.164193548387097,8,0,0,0,37.7236559139785,48.02258064516129,548.7016129032259,38.49637096774194,34.28548387096774,92.51344086021506,18.260752688172044,15.0,0.0,14.0,12.0,83.9862029733153,88.52657804587959,85.34831549508458,11.473421954120404,,
苏州,2025,6,31.2989,120.5853,30,25.1,28.709999999999997,22.033333333333335,6.676666666666666,28.8,3.7,83.13333333333334,274.9,9.163333333333332,23,4,13.723333333333333,32.013333333333335,0,1,6.188758148148149,13,11,15.786,13,0,0,0,33.34097222222222,36.868611111111115,644.3541666666666,44.049166666666665,41.61194444444445,82.53333333333333,6.201388888888888,20.0,0.0,8.0,11.0,74.42323967452266,89.10569948763941,78.82797761845768,10.894300512360582,47.717594530713704,
苏州,2025,7,31.2989,120.5853,31,29.82903225806452,34.190322580645166,26.38064516129032,7.8096774193548395,34.229032258064514,4.4,73.06451612903226,165.0,5.32258064516129,23,1,18.567741935483873,45.73225806451613,1,10,11.179608960573477,28,1,21.453548387096777,30,12,0,0,25.58561827956989,27.11572580645161,416.6290322580645,32.72459677419355,34.956854838709674,63.06182795698924,0.396505376344086,25.0,0.0,0.0,8.0,67.00662948489388,91.844028635884,74.4578492301909,8.155971364116006,36.87042211411101,
苏州,2025,8,31.2989,120.5853,31,30.90967741935484,35.33870967741935,27.283870967741933,8.05483870967742,36.45161290322581,5.541935483870968,71.74193548387096,81.5,2.629032258064516,22,1,12.812903225806451,34.37419354838709,0,0,10.795209408602151,28,1,21.106451612903225,31,18,0,0,34.54287634408602,35.03924731182796,430.51612903225805,31.948521505376345,35.46034946236559,102.53225806451613,0.12768817204301075,20.0,1.0,0.0,17.0,65.46290768941807,88.96295266187548,72.51292118115529,11.037047338124532,33.05948766449522,
苏州,2025,9,31.2989,120.5853,30,27.38,31.6,24.513333333333332,7.086666666666667,32.31666666666667,4.936666666666667,80.5,129.5,4.316666666666666,26,0,12.236666666666668,30.756666666666664,0,1,9.008522777777777,21,2,16.199666666666666,24,3,0,0,42.16319444444444,43.51472222222222,614.973611111111,57.63013888888889,54.249861111111116,61.61527777777778,0.46388888888888885,8.0,0.0,0.0,7.0,71.89760020985277,88.32822638125599,76.82678806127373,11.671773618744016,,
苏州,2025,10,31.2989,120.5853,31,21.5,25.299999999999997,18.56451612903226,6.735483870967742,23.07741935483871,1.5774193548387094,77.35483870967742,41.5,1.3387096774193548,16,0,13.561290322580644,32.7,0,2,6.952274372759857,18,6,12.211612903225806,7,0,0,0,36.00322580645161,38.15013440860215,632.2782258064516,55.35456989247312,46.395564516129035,41.655913978494624,0.9153225806451613,12.0,0.0,0.0,0.0,76.20239207676693,90.19957231629851,80.4015461486264,9.800427683701491,,
苏州,2025,11,31.2989,120.5853,30,13.0,17.376666666666665,9.253333333333334,8.123333333333333,11.186666666666667,-1.8133333333333335,68.3,15.799999999999999,0.5266666666666666,6,0,12.376666666666667,29.31,0,2,7.278525092592592,21,7,10.945666666666666,0,0,0,0,57.634861111111114,63.573750000000004,888.4625,61.06486111111111,55.56805555555556,25.140277777777776,7.3,10.0,7.0,8.0,0.0,70.29783042532583,87.89072521717772,75.57569886288138,12.109274782822292,,
苏州,2025,12,31.2989,120.5853,31,8.77741935483871,13.458064516129031,4.77741935483871,8.680645161290323,5.767741935483872,-3.009677419354839,66.41935483870968,11.4,0.36774193548387096,5,0,13.641935483870968,32.325806451612905,0,1,7.973054390681003,21,4,10.068064516129033,0,0,1,0,63.40846774193548,66.29690860215052,1054.5,58.17271505376343,63.479435483870965,22.922043010752684,1.8602150537634408,7.0,10.0,1.0,0.0,62.7467435385694,87.26846897508248,70.10326116952331,12.731531024917526,,79.97276741588684
西安,2016,1,34.3416,108.9398,31,0.6387096774193549,5.635483870967741,-3.3870967741935485,9.02258064516129,-2.97741935483871,-3.616129032258064,54.903225806451616,6.4,0.2064516129032258,4,0,8.53225806451613,23.567741935483873,0,1,8.683877150537635,23,1,10.732903225806453,0,0,27,7,,,,,,,,0.0,0.0,0.0,0.0,54.402041148959434,,,,,60.89670533820885
西安,2016,2,34.3416,108.9398,29,3.5344827586206895,9.875862068965516,-2.0241379310344825,11.9,-0.04827586206896553,-3.5827586206896553,47.724137931034484,15.0,0.5172413793103449,5,0,9.83448275862069,27.272413793103446,0,0,9.058002681992336,23,2,14.41793103448276,0,0,21,7,,,,,,,,0.0,0.0,0.0,0.0,55.638380762203894,,,,,64.76271419537917
西安,2016,3,34.3416,108.9398,31,10.906451612903227,17.04516129032258,5.151612903225806,11.893548387096773,8.17741935483871,-2.7290322580645165,48.0,10.1,0.3258064516129032,12,0,9.654838709677419,26.725806451612904,0,0,8.622419802867384,21,3,15.740645161290322,0,0,2,0,,,,,,,,0.0,0.0,0.0,0.0,67.1063810462322,,,,,
西安,2016,4,34.3416,108.9398,30,16.703333333333333,22.84333333333333,10.826666666666666,12.016666666666667,15.556666666666667,-1.146666666666667,58.13333333333333,57.8,1.9266666666666665,16,0,10.020000000000001,26.276666666666664,0,1,8.920533611111113,20,4,17.792666666666666,1,0,0,0,,,,,,,,0.0,0.0,0.0,0.0,80.222729438542,,,,,
西安,2016,5,34.3416,108.9398,31,19.738709677419354,25.54516129032258,13.925806451612903,11.619354838709677,18.848387096774193,-0.8903225806451613,52.096774193548384,49.199999999999996,1.5870967741935482,11,0,10.435483870967742,27.748387096774195,0,0,9.256587186379928,20,4,19.08258064516129,5,0,0,0,,,,,,,,0.0,0.0,0.0,0.0,83.12064283369078,,,,,
西安,2016,6,34.3416,108.9398,30,25.533333333333335,31.44333333333333,19.496666666666666,11.946666666666665,27.063333333333333,1.5300000000000002,57.43333333333333,112.9,3.7633333333333336,7,1,9.216666666666667,24.0,0,0,10.888999444444444,26,3,22.300666666666665,20,8,0,0,,,,,,,,0.0,0.0,0.0,0.0,79.65243238461731,,,,54.70192261663742,
西安,2016,7,34.3416,108.9398,31,27.06451612903226,32.22258064516129,22.138709677419353,10.083870967741936,30.25483870967742,3.190322580645161,66.29032258064517,127.2,4.103225806451613,18,2,9.72258064516129,27.048387096774192,0,0,11.402765591397849,27,2,21.029354838709676,27,3,0,0,,,,,,,,0.0,0.0,0.0,0.0,76.25979745667958,,,,46.33980711877792,
西安,2016,8,34.3416,108.9398,31,28.55483870967742,33.41612903225807,23.738709677419354,9.67741935483871,31.44516129032258,2.890322580645162,58.74193548387097,21.2,0.6838709677419355,9,0,9.248387096774193,25.69677419354839,0,0,11.158401075268818,29,1,19.011290322580646,26,14,0,0,,,,,,,,0.0,0.0,0.0,0.0,75.93788553649313,,,,45.645899103174706,
西安,2016,9,34.3416,108.9398,30,22.18,26.863333333333333,17.776666666666664,9.086666666666666,23.026666666666664,0.846666666666667,62.766666666666666,101.3,3.3766666666666665,12,1,7.246666666666667,21.113333333333333,0,0,7.361438703703703,16,9,14.155666666666667,6,0,0,0,,,,,,,,0.0,0.0,0.0,0.0,85.86024040464916,,,,,
西安,2016,10,34.3416,108.9398,31,14.961290322580645,18.758064516129032,11.687096774193549,7.070967741935484,14.329032258064515,-0.6322580645161291,73.0,77.6,2.5032258064516126,15,0,9.087096774193547,23.532258064516128,0,1,4.831541129032257,10,14,8.38774193548387,1,0,0,0,,,,,,,,0.0,0.0,0.0,0.0,74.68714942550335,,,,,
西安,2016,11,34.3416,108.9398,30,8.35,13.65,3.7866666666666666,9.863333333333333,6.16,-2.19,67.16666666666667,35.3,1.1766666666666665,10,0,7.846666666666667,20.783333333333335,0,0,6.985067222222223,15,4,9.537666666666667,0,0,7,2,,,,,,,,0.0,0.0,0.0,0.0,64.6705593075314,,,,,
西安,2016,12,34.3416,108.9398,31,4.645161290322581,10.258064516129032,0.1129032258064516,10.14516129032258,1.6129032258064515,-3.032258064516129,64.29032258064517,18.9,0.6096774193548387,6,0,8.861290322580645,23.34193548387097,0,0,7.771647311827957,22,3,9.131935483870967,0,0,15,1,,,,,,,,0.0,0.0,0.0,0.0,57.33938684372935,,,,,69.85144566565461
西安,2017,1,34.3416,108.9398,31,2.064516129032258,7.300000000000001,-2.148387096774193,9.448387096774193,-1.7677419354838708,-3.832258064516129,62.29032258064516,4.3,0.13870967741935483,5,0,13.241935483870968,27.60967741935484,1,1,7.024996684587814,17,5,9.27290322580645,0,0,27,1,,,,,,,,0.0,0.0,0.0,0.0,52.56950229451914,,,,,61.03588301701224
西安,2017,2,34.3416,108.9398,28,4.95,11.382142857142856,-0.5285714285714286,11.910714285714286,1.3464285714285715,-3.603571428571428,58.607142857142854,16.2,0.5785714285714285,8,0,14.339285714285714,29.092857142857145,0,0,8.601142956349205,23,3,13.501428571428573,0,0,18,1,,,,,,,,0.0,0.0,0.0,0.0,56.460388252523266,,,,,67.77867760282143
西安,2017,3,34.3416,108.9398,31,9.219354838709679,15.009677419354839,3.693548387096774,11.316129032258065,6.112903225806452,-3.106451612903226,56.45161290322581,48.199999999999996,1.5548387096774192,9,0,15.406451612903227,32.012903225806454,0,0,8.350448476702509,19,4,15.29967741935484,0,0,2,0,,,,,,,,0.0,0.0,0.0,0.0,61.975318321998586,,,,,
西安,2017,4,34.3416,108.9398,30,16.246666666666666,22.65,10.026666666666667,12.623333333333333,14.646666666666667,-1.5999999999999999,59.666666666666664,59.599999999999994,1.9866666666666666,11,0,14.620000000000001,30.12,1,1,8.928479259259259,21,6,18.080333333333332,2,0,0,0,,,,,,,,0.0,0.0,0.0,0.0,76.19567622278582,,,,,
西安,2017,5,34.3416,108.9398,31,21.738709677419354,28.561290322580643,15.019354838709678,13.541935483870969,20.81935483870968,-0.9193548387096782,50.54838709677419,58.800000000000004,1.8967741935483873,11,1,15.703225806451613,31.996774193548386,1,3,10.30449112903226,24,2,21.863225806451613,14,2,0,0,,,,,,,,0.0,0.0,0.0,0.0,83.06315101122709,,,,,
西安,2017,6,34.3416,108.9398,30,25.910000000000004,31.506666666666668,20.28666666666667,11.22,26.84333333333333,0.933333333333333,56.0,95.8,3.1933333333333334,15,1,15.13,32.126666666666665,0,0,10.898185092592593,24,3,22.140333333333334,21,7,0,0,,,,,,,,0.0,0.0,0.0,0.0,78.27319677257384,,,,54.729914022981134,
西安,2017,7,34.3416,108.9398,31,31.241935483870968,37.58064516129032,25.335483870967742,12.245161290322581,33.26451612903226,2.0225806451612915,48.74193548387097,65.3,2.106451612903226,17,0,15.503225806451614,34.79677419354839,0,2,11.185378763440859,27,3,21.325161290322583,28,23,0,0,,,,,,,,0.0,0.0,0.0,0.0,68.15285442695487,,,,42.90229622513101,
西安,2017,8,34.3416,108.9398,31,26.896774193548385,31.76451612903226,22.25483870967742,9.509677419354839,29.016129032258064,2.1193548387096772,63.354838709677416,125.0,4.032258064516129,19,2,14.848387096774195,31.061290322580643,0,1,9.37612329749104,24,5,16.800967741935484,22,10,0,0,,,,,,,,0.0,0.0,0.0,0.0,75.66724783868798,,,,49.1481958045035,
西安,2017,9,34.3416,108.9398,30,20.903333333333332,24.790000000000003,17.273333333333333,7.516666666666667,22.173333333333336,1.2699999999999998,76.96666666666667,91.1,3.0366666666666666,14,0,13.106666666666666,27.203333333333333,0,0,6.173103981481481,14,10,12.095666666666666,0,0,0,0,,,,,,,,0.0,0.0,0.0,0.0,83.84250312418418,,,,,
西安,2017,10,34.3416,108.9398,31,13.641935483870967,17.029032258064515,10.841935483870968,6.187096774193549,12.596774193548388,-1.0451612903225804,80.06451612903226,135.9,4.383870967741935,18,2,13.241935483870968,27.003225806451614,0,0,4.427198387096774,10,16,7.871290322580645,0,0,0,0,,,,,,,,0.0,0.0,0.0,0.0,69.15674740318643,,,,,
西安,2017,11,34.3416,108.9398,30,8.073333333333332,13.07,3.9633333333333334,9.106666666666666,5.1866666666666665,-2.8866666666666663,64.76666666666667,8.1,0.26999999999999996,5,0,12.806666666666667,26.476666666666667,0,0,6.933233796296296,14,5,9.730333333333334,0,0,4,0,,,,,,,,0.0,0.0,0.0,0.0,62.20329073470494,,,,,
西安,2017,12,34.3416,108.9398,31,1.8161290322580643,7.796774193548386,-2.729032258064516,10.525806451612903,-2.170967741935484,-3.987096774193548,53.354838709677416,0.3,0.00967741935483871,1,0,11.687096774193549,23.80322580645161,0,0,8.218812992831541,27,1,9.98225806451613,0,0,29,2,,,,,,,,0.0,0.0,0.0,0.0,54.7349210725715,,,,,62.376206995784955
西安,2018,1,34.3416,108.9398,31,-2.1580645161290324,2.583870967741935,-6.122580645161291,8.706451612903225,-6.432258064516129,-4.274193548387097,63.87096774193548,23.3,0.7516129032258064,11,0,13.516129032258064,26.948387096774194,0,0,6.607580286738351,17,8,9.057096774193548,0,0,31,19,,,,,,,,0.0,0.0,0.0,0.0,52.22223493656152,,,,,51.84922688795596
西安,2018,2,34.3416,108.9398,28,3.3428571428571425,9.957142857142857,-1.792857142857143,11.75,-0.45,-3.792857142857143,50.0,8.8,0.31428571428571433,7,0,12.15,24.332142857142856,0,0,8.662614087301588,21,2,13.708928571428572,0,0,18,8,,,,,,,,0.0,0.0,0.0,0.0,55.29993180238505,,,,,64.0991460985078
西安,2018,3,34.3416,108.9398,31,12.59032258064516,19.55806451612903,6.451612903225806,13.106451612903227,10.080645161290322,-2.509677419354839,60.516129032258064,28.400000000000002,0.9161290322580646,12,0,15.77741935483871,32.91612903225806,2,3,8.80089041218638,24,4,15.889354838709677,0,0,1,0,,,,,,,,0.0,0.0,0.0,0.0,69.29219234097896,,,,,
西安,2018,4,34.3416,108.9398,30,17.75,24.223333333333336,11.83,12.393333333333334,15.766666666666667,-1.9833333333333334,52.333333333333336,49.800000000000004,1.6600000000000001,12,0,16.78666666666667,34.72666666666667,2,4,8.301225833333334,20,7,17.035,3,1,0,0,,,,,,,,0.0,0.0,0.0,0.0,77.2370983032769,,,,,
西安,2018,5,34.3416,108.9398,31,21.63225806451613,27.53548387096774,16.029032258064515,11.506451612903225,20.799999999999997,-0.8322580645161292,54.516129032258064,43.699999999999996,1.4096774193548385,15,0,17.567741935483873,34.770967741935486,1,3,7.5707487455197136,17,5,17.107741935483872,11,0,0,0,,,,,,,,0.0,0.0,0.0,0.0,83.91014420823275,,,,,
西安,2018,6,34.3416,108.9398,30,26.566666666666666,32.61,20.7,11.91,27.57,1.0033333333333336,54.7,87.1,2.9033333333333333,11,1,16.193333333333335,32.92333333333333,0,0,9.416518981481481,23,4,19.895333333333333,22,9,0,0,,,,,,,,0.0,0.0,0.0,0.0,77.26000133204965,,,,51.71082296983473,
西安,2018,7,34.3416,108.9398,31,28.94516129032258,33.593548387096774,24.61935483870968,8.974193548387097,32.35806451612903,3.4129032258064513,66.83870967741936,93.7,3.02258064516129,17,1,16.177419354838708,32.851612903225806,0,0,9.277502508960573,23,7,18.25483870967742,22,15,0,0,,,,,,,,0.0,0.0,0.0,0.0,71.12026432851968,,,,42.76581363749339,
西安,2018,8,34.3416,108.9398,31,30.65806451612903,36.067741935483866,25.325806451612905,10.741935483870968,32.94193548387097,2.283870967741935,51.83870967741935,20.4,0.6580645161290322,16,0,15.641935483870967,33.932258064516134,0,0,11.550904749103942,30,0,20.69935483870968,30,26,0,0,,,,,,,,0.0,0.0,0.0,0.0,71.72464592668886,,,,42.605603450465445,
西安,2018,9,34.3416,108.9398,30,20.8,25.496666666666666,16.720000000000002,8.776666666666667,20.683333333333334,-0.11666666666666685,64.1,87.0,2.9,14,1,14.360000000000001,29.5,0,0,6.728515185185185,15,8,13.687999999999999,4,1,0,0,,,,,,,,0.0,0.0,0.0,0.0,82.45706704560956,,,,,
西安,2018,10,34.3416,108.9398,31,15.038709677419355,21.187096774193545,9.670967741935485,11.516129032258064,12.735483870967743,-2.303225806451613,53.12903225806452,7.0,0.22580645161290322,5,0,13.874193548387098,29.24516129032258,0,1,8.552645609318995,21,1,13.626451612903226,0,0,0,0,,,,,,,,0.0,0.0,0.0,0.0,75.48998690023747,,,,,
西安,2018,11,34.3416,108.9398,30,7.786666666666666,12.836666666666668,3.4566666666666666,9.379999999999999,4.8533333333333335,-2.933333333333333,66.56666666666666,23.8,0.7933333333333333,9,0,13.113333333333333,25.98,1,2,5.6981603703703705,15,10,8.745333333333333,0,0,4,0,,,,,,,,0.0,0.0,0.0,0.0,59.605217259685745,,,,,
西安,2018,12,34.3416,108.9398,31,0.9225806451612903,5.361290322580645,-2.7225806451612904,8.083870967741936,-3.3161290322580643,-4.238709677419355,46.83870967741935,5.0,0.16129032258064516,5,0,12.996774193548386,26.57741935483871,0,0,6.436811917562724,16,6,8.110645161290323,0,0,26,11,,,,,,,,0.0,0.0,0.0,0.0,53.83449974603116,,,,,58.03529975003716
西安,2019,1,34.3416,108.9398,31,0.35806451612903223,5.877419354838709,-3.774193548387097,9.651612903225805,-3.8548387096774195,-4.212903225806452,52.903225806451616,8.4,0.2709677419354839,5,0,12.287096774193548,25.35483870967742,0,0,7.290881093189964,19,3,8.986451612903226,0,0,28,9,,,,,,,,0.0,0.0,0.0,0.0,54.07000690840558,,,,,58.63328077425563
西安,2019,2,34.3416,108.9398,28,3.15,9.017857142857142,-1.5107142857142857,10.528571428571428,-0.6107142857142858,-3.7607142857142857,61.285714285714285,12.0,0.42857142857142855,12,0,13.5,28.625,0,1,6.862075,14,3,11.343928571428572,0,0,21,2,,,,,,,,0.0,0.0,0.0,0.0,55.361715043806626,,,,,63.708995545830284
西安,2019,3,34.3416,108.9398,31,11.851612903225806,18.56451612903226,5.316129032258065,13.248387096774193,8.396774193548387,-3.454838709677419,42.193548387096776,6.0,0.1935483870967742,7,0,14.187096774193549,29.835483870967742,0,0,8.359600268817204,23,4,15.525161290322579,0,0,2,0,,,,,,,,0.0,0.0,0.0,0.0,65.41649796888925,,,,,
西安,2019,4,34.3416,108.9398,30,18.066666666666666,24.976666666666667,11.729999999999999,13.246666666666668,16.033333333333335,-2.0333333333333337,53.166666666666664,40.2,1.34,11,0,18.35,36.55333333333333,0,5,7.934397407407407,20,6,16.659,8,0,0,0,,,,,,,,0.0,0.0,0.0,0.0,77.95625105822964,,,,,
西安,2019,5,34.3416,108.9398,31,21.038709677419355,27.416129032258063,15.077419354838709,12.338709677419354,19.74516129032258,-1.2935483870967746,50.903225806451616,41.7,1.3451612903225807,14,0,15.416129032258064,32.01935483870968,0,1,7.635857078853046,18,5,17.50774193548387,9,4,0,0,,,,,,,,0.0,0.0,0.0,0.0,82.54379839553833,,,,,
西安,2019,6,34.3416,108.9398,30,25.576666666666664,31.19,20.18,11.01,26.4,0.8233333333333331,58.06666666666667,94.1,3.1366666666666663,12,1,15.270000000000001,32.36333333333333,0,0,7.997998055555556,18,5,17.270333333333333,20,7,0,0,,,,,,,,0.0,0.0,0.0,0.0,80.15479837899433,,,,53.57784349319073,
西安,2019,7,34.3416,108.9398,31,27.39032258064516,32.645161290322584,22.187096774193545,10.458064516129033,29.690322580645162,2.2999999999999994,61.38709677419355,64.9,2.0935483870967744,11,0,14.33548387096774,28.51290322580645,0,0,9.399313978494623,21,5,19.71193548387097,25,9,0,0,,,,,,,,0.0,0.0,0.0,0.0,76.9973570823586,,,,47.33671681592904,
西安,2019,8,34.3416,108.9398,31,26.67096774193548,31.76774193548387,22.0,9.76774193548387,28.95483870967742,2.2838709677419358,64.96774193548387,110.3,3.5580645161290323,15,0,14.577419354838709,29.970967741935485,0,1,9.206610931899641,23,2,17.806129032258063,22,5,0,0,,,,,,,,0.0,0.0,0.0,0.0,77.60056449565124,,,,48.873529982949606,
西安,2019,9,34.3416,108.9398,30,20.540000000000003,25.353333333333335,16.12,9.233333333333333,21.523333333333333,0.9833333333333327,75.3,163.6,5.453333333333333,14,1,13.273333333333333,27.553333333333335,0,0,8.044481666666666,20,5,14.854333333333333,3,0,0,0,,,,,,,,0.0,0.0,0.0,0.0,81.62886934837653,,,,,
西安,2019,10,34.3416,108.9398,31,14.280645161290321,18.616129032258065,10.63225806451613,7.983870967741935,13.30967741935484,-0.9709677419354842,76.3225806451613,80.0,2.5806451612903225,17,0,13.606451612903227,27.55806451612903,0,0,5.606502688172043,14,10,9.724193548387097,1,0,0,0,,,,,,,,0.0,0.0,0.0,0.0,72.01580052009484,,,,,
西安,2019,11,34.3416,108.9398,30,8.2,13.19,3.993333333333333,9.196666666666665,5.666666666666667,-2.533333333333333,72.03333333333333,14.9,0.4966666666666667,11,0,13.233333333333333,27.73,0,1,5.9345804629629635,15,10,8.664,0,0,4,0,,,,,,,,0.0,0.0,0.0,0.0,60.471372280928456,,,,,
西安,2019,12,34.3416,108.9398,31,2.6806451612903226,8.441935483870967,-1.4483870967741934,9.890322580645162,-1.0774193548387097,-3.7580645161290325,62.29032258064516,2.6,0.08387096774193549,2,0,12.806451612903226,24.625806451612902,0,0,7.541385125448028,21,3,9.106774193548388,0,0,23,0,,,,,,,,0.0,0.0,0.0,0.0,54.02680583273764,,,,,64.27186754217739
西安,2020,1,34.3416,108.9398,31,1.6258064516129032,6.216129032258064,-1.8548387096774193,8.070967741935483,-1.7483870967741937,-3.3741935483870966,73.74193548387096,20.099999999999998,0.6483870967741935,15,0,10.8,22.429032258064513,0,0,5.771786111111111,14,9,7.694838709677419,0,0,24,1,,,,,,,,0.0,0.0,0.0,0.0,51.08375173221446,,,,,60.226077057401184
西安,2020,2,34.3416,108.9398,29,5.462068965517242,11.944827586206896,-0.0068965517241379145,11.951724137931036,1.9689655172413794,-3.493103448275862,60.275862068965516,13.399999999999999,0.4620689655172413,7,0,13.50344827586207,27.824137931034482,0,1,8.318733908045976,23,4,13.059310344827587,0,0,16,1,,,,,,,,0.0,0.0,0.0,0.0,56.21451947995416,,,,,68.3191569530802
西安,2020,3,34.3416,108.9398,31,12.245161290322581,18.661290322580644,5.983870967741935,12.67741935483871,9.077419354838709,-3.1677419354838707,49.38709677419355,18.0,0.5806451612903226,10,0,16.206451612903226,33.9483870967742,0,1,8.472107347670251,21,3,15.46967741935484,0,0,1,0,,,,,,,,0.0,0.0,0.0,0.0,67.91387886972603,,,,,
西安,2020,4,34.3416,108.9398,30,16.220000000000002,22.836666666666666,9.923333333333334,12.913333333333332,13.546666666666665,-2.6733333333333333,44.86666666666667,13.0,0.43333333333333335,6,0,14.556666666666667,30.7,0,0,8.355961296296297,20,3,17.71966666666667,4,0,0,0,,,,,,,,0.0,0.0,0.0,0.0,74.17245461095102,,,,,
西安,2020,5,34.3416,108.9398,31,22.84193548387097,29.506451612903227,16.37741935483871,13.129032258064516,21.6,-1.2419354838709677,46.87096774193548,53.5,1.7258064516129032,12,1,16.5258064516129,34.351612903225806,0,4,9.579081272401433,24,2,20.330322580645163,18,3,0,0,,,,,,,,0.0,0.0,0.0,0.0,81.716674255495,,,,,
西安,2020,6,34.3416,108.9398,30,24.853333333333335,30.173333333333336,20.003333333333334,10.17,26.033333333333335,1.1800000000000002,63.46666666666667,129.4,4.3133333333333335,13,1,14.393333333333334,29.35,0,1,7.422315925925926,17,9,16.841666666666665,17,5,0,0,,,,,,,,0.0,0.0,0.0,0.0,79.29186973476934,,,,53.9322072107392,
西安,2020,7,34.3416,108.9398,31,25.822580645161292,30.377419354838707,21.44193548387097,8.935483870967742,28.432258064516127,2.609677419354839,71.16129032258064,101.9,3.2870967741935484,16,0,14.587096774193547,29.806451612903224,0,0,8.194724014336918,18,7,17.365806451612904,17,4,0,0,,,,,,,,0.0,0.0,0.0,0.0,77.66428044542798,,,,50.089224698073984,
西安,2020,8,34.3416,108.9398,31,25.11935483870968,29.65806451612903,21.322580645161292,8.33548387096774,28.216129032258067,3.0967741935483866,77.6774193548387,149.1,4.809677419354839,20,1,16.141935483870967,33.329032258064515,0,3,8.489152240143369,19,3,17.54548387096774,14,0,0,0,,,,,,,,0.0,0.0,0.0,0.0,77.80977242989891,,,,50.516058185867045,
西安,2020,9,34.3416,108.9398,30,21.433333333333334,26.38,16.893333333333334,9.486666666666668,22.009999999999998,0.5766666666666668,67.8,45.1,1.5033333333333334,10,0,13.436666666666667,28.33,0,0,7.7688385185185185,18,6,14.663666666666666,4,0,0,0,,,,,,,,0.0,0.0,0.0,0.0,85.73840177658144,,,,,
西安,2020,10,34.3416,108.9398,31,13.325806451612904,17.200000000000003,9.97741935483871,7.22258064516129,12.02258064516129,-1.303225806451613,74.2258064516129,73.8,2.3806451612903223,18,0,11.951612903225806,24.774193548387096,0,0,5.29544623655914,11,11,9.453870967741935,0,0,0,0,,,,,,,,0.0,0.0,0.0,0.0,70.74851770909561,,,,,
西安,2020,11,34.3416,108.9398,30,8.833333333333334,13.56,4.843333333333334,8.716666666666667,6.133333333333334,-2.7,68.9,30.8,1.0266666666666666,12,0,13.473333333333333,27.923333333333336,0,0,6.518439166666667,18,7,9.495666666666667,0,0,4,0,,,,,,,,0.0,0.0,0.0,0.0,63.094378795355944,,,,,
西安,2020,12,34.3416,108.9398,31,0.2838709677419355,4.974193548387096,-3.648387096774193,8.62258064516129,-3.503225806451613,-3.7870967741935484,63.483870967741936,6.2,0.2,6,0,11.361290322580645,24.019354838709678,0,0,6.993987903225807,15,4,8.456129032258064,0,0,29,6,,,,,,,,0.0,0.0,0.0,0.0,52.78074813792516,,,,,57.767619852824986
西安,2021,1,34.3416,108.9398,31,1.270967741935484,7.541935483870968,-3.509677419354839,11.051612903225807,-2.987096774193548,-4.258064516129032,45.87096774193548,3.2,0.1032258064516129,2,0,13.480645161290322,27.580645161290324,0,0,8.492441845878137,26,2,10.833225806451612,0,0,30,7,,,,,,,,0.0,0.0,0.0,0.0,52.376875695869956,,,,,58.47895577283103
西安,2021,2,34.3416,108.9398,28,7.060714285714285,13.62857142857143,1.3857142857142857,12.242857142857144,3.3392857142857144,-3.7214285714285715,52.75,40.0,1.4285714285714286,6,0,14.424999999999999,29.25714285714286,0,0,7.495689087301587,17,5,12.035714285714286,0,0,8,0,,,,,,,,0.0,0.0,0.0,0.0,57.27959976955142,,,,,71.58527507471948
西安,2021,3,34.3416,108.9398,31,11.3,17.17096774193548,6.035483870967742,11.135483870967741,8.638709677419355,-2.661290322580645,62.29032258064516,24.599999999999998,0.7935483870967741,10,0,15.561290322580644,32.20645161290322,0,0,8.105370967741935,22,6,14.834838709677419,0,0,2,0,,,,,,,,0.0,0.0,0.0,0.0,67.09009094877605,,,,,
西安,2021,4,34.3416,108.9398,30,14.713333333333333,19.990000000000002,9.879999999999999,10.110000000000001,12.826666666666666,-1.8866666666666667,64.93333333333334,69.1,2.3033333333333332,14,1,16.523333333333333,34.63,0,1,6.013575833333333,14,10,14.040333333333333,1,0,0,0,,,,,,,,0.0,0.0,0.0,0.0,72.46266864826052,,,,,
西安,2021,5,34.3416,108.9398,31,21.87741935483871,28.39032258064516,15.254838709677419,13.135483870967741,20.703225806451613,-1.1741935483870964,49.225806451612904,38.7,1.2483870967741937,10,0,16.638709677419353,33.729032258064514,0,4,9.46585752688172,24,3,20.085483870967742,12,1,0,0,,,,,,,,0.0,0.0,0.0,0.0,83.58631534442691,,,,,
西安,2021,6,34.3416,108.9398,30,26.55,32.10333333333333,21.256666666666668,10.846666666666666,27.723333333333336,1.1733333333333333,55.4,66.9,2.23,11,1,15.023333333333333,30.806666666666665,0,2,8.776826111111111,21,4,18.829,23,10,0,0,,,,,,,,0.0,0.0,0.0,0.0,78.87287196237985,,,,51.24834220201435,
西安,2021,7,34.3416,108.9398,31,27.96451612903226,33.25806451612903,22.893548387096775,10.364516129032259,31.061290322580643,3.096774193548387,65.61290322580645,192.8,6.219354838709678,13,2,13.919354838709678,29.03548387096774,0,0,9.528247132616489,24,3,19.205806451612904,25,9,0,0,,,,,,,,0.0,0.0,0.0,0.0,75.14688621865433,,,,44.38886582737811,
西安,2021,8,34.3416,108.9398,31,26.138709677419353,31.25483870967742,21.625806451612902,9.629032258064516,28.306451612903224,2.1677419354838716,65.74193548387096,131.3,4.235483870967743,15,0,13.90967741935484,30.09032258064516,0,0,8.80448440860215,22,5,17.736451612903227,17,5,0,0,,,,,,,,0.0,0.0,0.0,0.0,78.90243343109991,,,,51.40959825656385,
西安,2021,9,34.3416,108.9398,30,21.459999999999997,25.64,17.983333333333334,7.656666666666666,23.043333333333333,1.5833333333333328,79.43333333333334,309.7,10.323333333333332,16,6,14.243333333333334,28.153333333333332,0,0,6.193273055555555,15,12,13.057333333333334,7,0,0,0,,,,,,,,0.0,0.0,0.0,0.0,81.1152448884694,,,,,
西安,2021,10,34.3416,108.9398,31,13.316129032258065,17.361290322580647,9.86774193548387,7.493548387096774,12.216129032258063,-1.1,81.0,74.5,2.403225806451613,20,0,13.912903225806453,27.30322580645161,0,0,5.046712544802867,10,10,9.215483870967741,0,0,0,0,,,,,,,,0.0,0.0,0.0,0.0,69.00276963348836,,,,,
西安,2021,11,34.3416,108.9398,30,6.8966666666666665,12.639999999999999,2.1033333333333335,10.536666666666667,3.7733333333333334,-3.1233333333333335,64.46666666666667,15.7,0.5233333333333333,6,0,13.370000000000001,26.39333333333333,0,1,7.282537129629629,20,4,10.368,0,0,8,0,,,,,,,,0.0,0.0,0.0,0.0,59.64573142746214,,,,,
西安,2021,12,34.3416,108.9398,31,2.390322580645161,7.864516129032259,-1.8709677419354838,9.735483870967743,-1.3161290322580643,-3.706451612903226,61.74193548387097,9.3,0.30000000000000004,4,0,12.080645161290322,22.387096774193548,0,0,6.765620430107527,19,5,8.389032258064516,0,0,25,3,,,,,,,,0.0,0.0,0.0,0.0,54.487237243580324,,,,,62.299034020537896
西安,2022,1,34.3416,108.9398,31,1.429032258064516,6.303225806451613,-2.138709677419355,8.441935483870967,-2.2806451612903227,-3.7096774193548385,71.19354838709677,15.4,0.4967741935483871,8,0,12.46774193548387,24.69677419354839,0,0,5.8469697132616485,17,10,7.9961290322580645,0,0,27,1,,,,,,,,0.0,0.0,0.0,0.0,50.53113387166639,,,,,59.003621838968584
西安,2022,2,34.3416,108.9398,28,2.732142857142857,8.546428571428573,-2.1142857142857143,10.660714285714286,-1.0071428571428573,-3.7392857142857143,63.07142857142857,5.7,0.20357142857142857,5,0,12.192857142857141,25.339285714285715,0,0,7.470472718253968,19,6,12.131785714285714,0,0,26,2,,,,,,,,0.0,0.0,0.0,0.0,54.16707053800128,,,,,61.54866255255335
西安,2022,3,34.3416,108.9398,31,12.419354838709678,18.73548387096774,6.661290322580645,12.074193548387097,9.725806451612904,-2.693548387096774,55.12903225806452,39.1,1.261290322580645,10,0,16.64516129032258,32.541935483870965,0,3,7.20231729390681,15,4,13.978064516129033,0,0,1,0,,,,,,,,0.0,0.0,0.0,0.0,69.75214400100808,,,,,
西安,2022,4,34.3416,108.9398,30,17.473333333333336,24.483333333333334,10.916666666666666,13.566666666666666,15.226666666666667,-2.246666666666667,48.333333333333336,55.7,1.8566666666666667,9,0,15.903333333333334,31.013333333333332,1,2,8.17676212962963,19,4,17.14,6,0,0,0,,,,,,,,0.0,0.0,0.0,0.0,78.17651758514535,,,,,
西安,2022,5,34.3416,108.9398,31,21.193548387096776,27.664516129032258,14.929032258064517,12.735483870967743,20.306451612903224,-0.8870967741935479,52.70967741935484,28.1,0.9064516129032258,8,0,15.225806451612904,29.53548387096774,0,1,9.024227419354839,24,3,19.761290322580646,9,0,0,0,,,,,,,,0.0,0.0,0.0,0.0,83.78200344600121,,,,,
西安,2022,6,34.3416,108.9398,30,28.513333333333332,35.6,21.790000000000003,13.81,29.043333333333333,0.5299999999999998,47.03333333333333,73.6,2.453333333333333,10,0,17.993333333333332,35.11666666666667,1,2,10.915175555555555,27,2,21.907666666666668,29,21,0,0,,,,,,,,0.0,0.0,0.0,0.0,74.69132374774578,,,,49.19386485781778,
西安,2022,7,34.3416,108.9398,31,27.993548387096773,33.512903225806454,22.848387096774193,10.66451612903226,30.76774193548387,2.7741935483870965,66.0,167.2,5.393548387096774,15,3,18.570967741935487,37.03225806451613,1,4,9.690043369175626,23,3,19.958387096774196,25,11,0,0,,,,,,,,0.0,0.0,0.0,0.0,72.66401267147205,,,,44.69707700640009,
西安,2022,8,34.3416,108.9398,31,28.312903225806455,33.02903225806452,23.845161290322583,9.183870967741935,31.432258064516127,3.1193548387096777,66.38709677419355,169.8,5.47741935483871,15,2,16.63225806451613,32.535483870967745,0,1,9.257167562724014,24,4,17.66290322580645,23,18,0,0,,,,,,,,0.0,0.0,0.0,0.0,71.81582881385863,,,,44.00718026290879,
西安,2022,9,34.3416,108.9398,30,20.89,25.69,16.563333333333333,9.126666666666667,21.836666666666666,0.9466666666666667,72.7,36.2,1.2066666666666668,11,0,12.770000000000001,25.57,0,0,7.89389212962963,18,6,14.318666666666667,1,0,0,0,,,,,,,,0.0,0.0,0.0,0.0,85.24050807195864,,,,,
西安,2022,10,34.3416,108.9398,31,14.05483870967742,18.490322580645163,10.306451612903226,8.183870967741935,12.87741935483871,-1.1774193548387097,75.7741935483871,99.3,3.203225806451613,18,2,13.86774193548387,27.296774193548387,2,2,5.655594086021505,12,11,10.15,0,0,0,0,,,,,,,,0.0,0.0,0.0,0.0,71.44437033737607,,,,,
西安,2022,11,34.3416,108.9398,30,9.58,13.896666666666667,5.846666666666667,8.05,7.513333333333334,-2.066666666666667,76.93333333333334,42.5,1.4166666666666667,11,0,14.386666666666665,28.59,0,0,5.059338425925926,8,9,7.890666666666666,0,0,2,0,,,,,,,,0.0,0.0,0.0,0.0,62.56525997309306,,,,,
西安,2022,12,34.3416,108.9398,31,0.9612903225806451,6.422580645161291,-3.232258064516129,9.654838709677419,-3.083870967741935,-4.04516129032258,57.96774193548387,6.0,0.1935483870967742,3,0,12.783870967741937,25.432258064516127,0,0,7.833544802867383,22,2,9.36225806451613,0,0,30,8,,,,,,,,0.0,0.0,0.0,0.0,53.43896423951317,,,,,58.36793913621731
西安,2023,1,34.3416,108.9398,31,0.7741935483870968,6.583870967741936,-3.512903225806452,10.096774193548388,-3.464516129032258,-4.238709677419355,50.774193548387096,3.3000000000000003,0.10645161290322581,4,0,13.416129032258064,26.177419354838708,0,0,7.577175896057348,22,4,9.643548387096773,0,0,30,10,77.9133064516129,115.44650537634409,2323.5913978494623,92.44677419354838,65.45013440860215,21.518817204301072,11.119623655913978,2.0,15.0,8.0,0.0,51.334871965854134,82.32884629184527,60.63306426365147,17.67115370815474,,62.660236699366614
西安,2023,2,34.3416,108.9398,28,4.757142857142857,10.325000000000001,0.11785714285714285,10.207142857142857,1.3964285714285716,-3.3607142857142853,68.17857142857143,17.8,0.6357142857142858,10,0,14.25357142857143,27.910714285714285,0,0,6.497420238095238,14,6,10.551785714285714,0,0,15,0,72.3389880952381,105.33943452380952,1947.2916666666665,72.91636904761904,50.259821428571435,24.684523809523807,5.717261904761904,0.0,12.0,3.0,0.0,54.70595220601775,84.45160635577766,63.629648450945716,15.548393644222344,,70.92724664328907
西安,2023,3,34.3416,108.9398,31,11.883870967741935,18.748387096774195,5.693548387096774,13.05483870967742,8.919354838709678,-2.9645161290322584,50.25806451612903,27.5,0.8870967741935484,4,0,14.593548387096773,28.451612903225808,1,3,8.652648207885305,24,3,15.728709677419355,0,0,1,0,50.3119623655914,76.35712365591398,667.880376344086,55.9885752688172,52.33024193548387,36.454301075268816,14.540322580645162,3.0,1.0,16.0,0.0,67.0987527894529,88.39888315862594,73.4887919002048,11.601116841374052,,
西安,2023,4,34.3416,108.9398,30,14.986666666666668,21.03666666666667,9.363333333333333,11.673333333333334,12.926666666666668,-2.06,60.7,92.6,3.0866666666666664,11,0,16.903333333333332,33.416666666666664,1,2,7.232919907407408,19,9,15.502333333333333,0,0,0,0,40.77194444444444,63.85208333333333,409.2805555555555,46.320277777777775,45.36875,43.29861111111111,18.861111111111107,12.0,1.0,16.0,0.0,72.74167008469176,89.99055165253974,77.91633455504615,10.009448347460273,,
西安,2023,5,34.3416,108.9398,31,19.567741935483873,25.074193548387097,14.709677419354838,10.364516129032259,19.34193548387097,-0.22580645161290328,66.83870967741936,101.1,3.261290322580645,17,0,14.535483870967743,28.190322580645162,0,0,5.873897670250896,15,13,14.609354838709677,9,0,0,0,47.68965053763441,71.30658602150537,490.883064516129,57.88387096774194,49.79099462365591,46.44758064516129,10.971774193548388,7.0,2.0,13.0,0.0,80.21824693570636,88.3499297557152,82.65775178170901,11.6500702442848,,
西安,2023,6,34.3416,108.9398,30,24.353333333333335,30.256666666666668,18.743333333333332,11.513333333333332,25.490000000000002,1.1366666666666665,62.9,79.5,2.65,12,0,14.153333333333332,27.98,0,0,8.205096203703704,19,5,18.692,19,5,0,0,45.07958333333333,66.64458333333333,483.6,61.48652777777777,53.13986111111111,70.76111111111112,7.070833333333334,5.0,0.0,7.0,7.0,81.15995253664576,87.24814686019694,82.9864108337111,12.75185313980307,55.537608120481316,
西安,2023,7,34.3416,108.9398,31,27.716129032258067,33.49354838709677,22.5258064516129,10.96774193548387,30.251612903225805,2.5354838709677416,62.935483870967744,99.7,3.2161290322580647,11,1,15.48709677419355,31.074193548387097,1,1,9.408578315412186,23,3,19.876451612903224,27,12,0,0,35.29247311827957,55.65967741935484,431.1102150537634,37.234005376344086,17.39543010752688,104.02688172043011,14.259408602150536,14.0,0.0,13.0,18.0,76.69045129877126,88.5731817854411,80.25527044477221,11.426818214558912,45.445405243295426,
西安,2023,8,34.3416,108.9398,31,26.17096774193548,30.916129032258063,21.796774193548387,9.119354838709677,29.387096774193548,3.216129032258065,72.64516129032258,120.2,3.8774193548387097,14,1,13.3,26.938709677419357,0,0,9.474127956989248,23,4,18.536451612903225,20,3,0,0,45.53508064516129,68.33709677419354,556.111559139785,48.181586021505375,21.733333333333334,85.21639784946237,10.11962365591398,3.0,0.0,8.0,8.0,76.45830718721938,87.60282002479231,79.80166103849125,12.397179975207703,47.98691671173888,
西安,2023,9,34.3416,108.9398,30,22.376666666666665,26.926666666666666,18.416666666666668,8.51,23.956666666666667,1.5800000000000003,73.9,81.3,2.71,17,0,13.196666666666665,27.166666666666668,0,0,7.217088888888889,17,8,13.998666666666667,12,0,0,0,45.97152777777777,66.86916666666667,637.7902777777778,46.365972222222226,25.342638888888885,55.59027777777778,2.5930555555555554,5.0,0.0,1.0,1.0,80.81154473919055,88.99392406959626,83.26625853831226,11.006075930403743,,
西安,2023,10,34.3416,108.9398,31,15.380645161290323,20.529032258064515,11.13225806451613,9.396774193548387,14.832258064516129,-0.5483870967741934,77.48387096774194,71.39999999999999,2.3032258064516125,10,0,11.661290322580646,22.36774193548387,0,0,7.076398745519714,17,7,11.389354838709677,0,0,0,0,48.6100806451613,71.27728494623656,777.0779569892474,46.80591397849462,31.455645161290324,27.583333333333336,4.255376344086021,6.0,1.0,3.0,0.0,74.85134106754997,89.79133377539513,79.33333887990351,10.208666224604867,,
西安,2023,11,34.3416,108.9398,30,8.163333333333334,13.583333333333334,3.6266666666666665,9.956666666666667,4.986666666666666,-3.176666666666667,58.8,17.4,0.58,6,0,14.653333333333334,27.766666666666666,0,0,7.370874259259259,18,3,10.185333333333334,0,0,3,0,45.40833333333333,67.75972222222222,879.5513888888889,42.59222222222222,37.82277777777778,21.145833333333332,7.779166666666667,5.0,0.0,7.0,0.0,61.75319251231132,90.46229068547345,70.36592196425997,9.537709314526543,,
西安,2023,12,34.3416,108.9398,31,1.6612903225806452,7.554838709677419,-2.6774193548387095,10.23225806451613,-2.545161290322581,-4.206451612903226,54.096774193548384,11.3,0.3645161290322581,7,0,13.951612903225806,27.774193548387096,0,0,7.346598835125447,21,4,8.90967741935484,0,0,22,9,63.71922043010753,92.50900537634409,1247.2889784946237,45.833198924731185,55.11666666666666,22.049731182795696,2.293010752688172,4.0,9.0,1.0,0.0,54.548957497530616,87.53577786981174,64.44500360921495,12.464222130188267,,67.81996624660466
西安,2024,1,34.3416,108.9398,31,0.5612903225806452,6.267741935483872,-3.803225806451613,10.070967741935483,-3.3193548387096774,-3.8806451612903223,60.645161290322584,6.1,0.19677419354838707,4,0,12.390322580645162,23.812903225806455,0,0,7.390372401433692,23,6,9.327096774193548,0,0,31,7,71.2627688172043,104.36438172043012,1269.3387096774193,46.516532258064515,53.846774193548384,25.548387096774192,3.4247311827956985,0.0,11.0,2.0,0.0,51.61201133221856,86.4483529962042,62.06291383141426,13.551647003795777,,64.39711507624271
西安,2024,2,34.3416,108.9398,29,2.627586206896552,7.8517241379310345,-1.5862068965517242,9.437931034482759,-1.2034482758620688,-3.8310344827586205,64.10344827586206,16.4,0.5655172413793103,16,0,14.10344827586207,27.896551724137932,0,1,5.66985296934866,14,11,10.020689655172415,0,0,22,1,56.46149425287356,88.83189655172414,869.8908045977012,39.34712643678161,35.82327586206897,38.34051724137931,21.021551724137932,3.0,5.0,8.0,0.0,53.442128835712964,88.46863900410271,63.95008188622988,11.531360995897296,,68.74324267713239
西安,2024,3,34.3416,108.9398,31,11.97741935483871,18.68064516129032,5.725806451612903,12.95483870967742,9.080645161290322,-2.896774193548387,53.645161290322584,25.3,0.8161290322580645,9,0,15.09032258064516,29.903225806451612,2,2,8.225119354838709,23,5,14.925161290322581,0,0,4,0,45.59166666666667,83.00631720430107,620.1438172043011,36.3611559139785,23.6619623655914,45.528225806451616,47.295698924731184,7.0,2.0,26.0,0.0,68.11270433032504,89.79211994456824,74.61652901459802,10.207880055431758,,
西安,2024,4,34.3416,108.9398,30,19.153333333333332,25.706666666666667,13.229999999999999,12.476666666666667,17.96333333333333,-1.1900000000000004,56.96666666666667,30.5,1.0166666666666666,11,0,16.24,32.36333333333333,0,0,7.266739537037037,16,5,16.13866666666667,5,0,0,0,40.21736111111111,68.49902777777778,497.325,34.429722222222225,18.566944444444445,59.856944444444444,32.415277777777774,12.0,1.0,23.0,0.0,84.2581224993265,90.12105740252802,86.01700297028697,9.878942597471985,,
西安,2024,5,34.3416,108.9398,31,23.496774193548386,30.20967741935484,16.822580645161292,13.387096774193548,23.16774193548387,-0.3290322580645159,52.935483870967744,45.9,1.4806451612903226,5,0,16.503225806451614,32.13870967741936,2,2,9.023068458781363,22,3,19.25032258064516,20,4,0,0,36.68387096774194,59.20752688172043,447.08333333333337,36.828629032258064,16.089381720430108,81.68010752688173,18.76478494623656,16.0,0.0,18.0,3.0,82.18681904075044,89.50582151152656,84.38251978198328,10.49417848847344,,
西安,2024,6,34.3416,108.9398,30,27.163333333333334,33.39666666666667,21.013333333333332,12.383333333333333,27.683333333333334,0.5199999999999999,50.03333333333333,28.1,0.9366666666666668,10,0,16.68,32.833333333333336,0,1,8.81810037037037,22,5,18.799333333333333,23,16,0,0,37.29680555555556,61.07694444444444,431.4222222222222,38.6125,17.247777777777777,92.40416666666667,21.927777777777774,16.0,0.0,16.0,11.0,78.67874904428012,88.79825743176235,81.7146015605248,11.201742568237641,52.28052887587898,
西安,2024,7,34.3416,108.9398,31,26.661290322580644,30.94193548387097,23.193548387096776,7.748387096774193,30.94193548387097,4.280645161290322,78.93548387096774,206.6,6.664516129032258,21,2,12.53225806451613,25.438709677419357,0,0,6.962337365591398,14,6,15.927741935483871,21,0,0,0,55.663575268817205,82.59704301075269,599.8145161290323,51.25067204301075,24.016263440860214,95.84005376344085,8.795698924731184,2.0,4.0,6.0,10.0,74.17690322275021,85.68936696623517,77.6306423457957,14.310633033764821,42.69607250887536,
西安,2024,8,34.3416,108.9398,31,28.648387096774194,34.064516129032256,23.88064516129032,10.183870967741935,31.925806451612903,3.27741935483871,64.74193548387096,50.1,1.6161290322580646,13,0,15.429032258064517,31.767741935483873,0,0,10.292708154121863,26,0,19.845161290322583,31,10,0,0,44.115860215053765,65.2614247311828,552.6263440860215,47.62083333333334,19.083736559139783,92.98655913978494,6.431451612903225,10.0,3.0,4.0,10.0,74.4346588750704,87.48193870847096,78.34884282509057,12.518061291529033,41.53019663197817,
西安,2024,9,34.3416,108.9398,30,26.43,32.10333333333333,21.543333333333333,10.559999999999999,27.029999999999998,0.5999999999999995,56.2,58.3,1.9433333333333331,12,1,21.313333333333333,41.47666666666667,4,6,9.859956296296296,27,2,17.186333333333334,21,7,0,0,33.94555555555556,49.53597222222222,470.4486111111111,31.36777777777778,16.26097222222222,69.70277777777778,3.9694444444444437,17.0,0.0,2.0,1.0,80.55389849265119,90.75490848215404,83.61420148950204,9.245091517845966,,
西安,2024,10,34.3416,108.9398,31,16.22258064516129,21.31935483870968,11.819354838709677,9.5,15.096774193548388,-1.1258064516129034,68.25806451612904,37.1,1.196774193548387,11,0,14.187096774193549,28.116129032258065,0,0,7.265999103942653,18,5,11.991935483870968,0,0,0,0,45.755913978494625,68.03682795698926,758.6424731182796,39.88185483870968,26.65739247311828,37.08467741935484,6.116935483870968,11.0,4.0,6.0,0.0,77.68322587885089,90.08899942879945,81.40495794383546,9.911000571200548,,
西安,2024,11,34.3416,108.9398,30,10.006666666666666,14.156666666666666,6.760000000000001,7.3966666666666665,8.116666666666667,-1.8900000000000001,77.06666666666666,42.6,1.4200000000000002,10,0,13.073333333333332,26.896666666666665,0,0,5.276298055555555,13,11,8.041,0,0,1,0,69.43625,87.64652777777778,1430.9444444444446,46.67097222222222,57.105694444444445,22.331944444444442,9.720833333333333,1.0,12.0,9.0,0.0,63.13453555950097,86.7621639555945,70.22282407832903,13.237836044405507,,
西安,2024,12,34.3416,108.9398,31,2.0129032258064514,6.709677419354839,-1.270967741935484,7.980645161290322,-1.6225806451612905,-3.635483870967742,59.096774193548384,2.1,0.06774193548387097,3,0,11.061290322580644,24.361290322580647,0,0,7.1847761648745525,20,6,9.064838709677419,0,0,22,0,94.19744623655914,96.5010752688172,2011.7903225806451,52.20927419354839,79.04368279569891,22.021505376344084,2.1908602150537635,0.0,23.0,0.0,0.0,55.57625489502965,83.07126097440802,63.824756718843155,16.928739025591987,,69.68856050053566
西安,2025,1,34.3416,108.9398,31,1.164516129032258,6.241935483870968,-2.754838709677419,8.996774193548386,-2.52258064516129,-3.6870967741935483,63.16129032258065,27.0,0.8709677419354839,6,0,11.541935483870969,24.693548387096776,0,0,7.912963799283154,20,4,9.743870967741936,0,0,29,4,86.4494623655914,90.60591397849463,2171.3454301075267,52.56693548387097,65.83629032258064,30.473118279569892,5.529569892473118,1.0,24.0,6.0,0.0,53.85790955515615,83.53086337808227,62.759795702033976,16.469136621917727,,66.32995135605707
西安,2025,2,34.3416,108.9398,28,3.607142857142857,8.985714285714286,-0.8107142857142857,9.796428571428573,0.0,-3.607142857142857,59.0,4.4,0.15714285714285717,4,0,12.071428571428571,27.707142857142856,0,0,7.2714034722222225,16,6,11.905714285714286,0,0,19,1,71.83973214285714,95.82410714285713,1345.1026785714287,43.640625,49.72752976190476,42.848214285714285,42.93005952380952,0.0,10.0,21.0,0.0,55.6404604085115,85.72290715580384,64.6651944326992,14.277092844196156,,70.77731914527548
西安,2025,3,34.3416,108.9398,31,11.212903225806452,17.551612903225806,5.087096774193548,12.464516129032257,7.903225806451613,-3.3096774193548386,47.25806451612903,34.2,1.103225806451613,7,0,14.54516129032258,32.04838709677419,0,0,8.271966577060931,22,4,15.361612903225806,1,0,2,0,52.92620967741935,97.04543010752688,802.7123655913978,41.06612903225806,29.856317204301074,52.471774193548384,81.26747311827957,5.0,4.0,29.0,0.0,64.09677627929396,87.98808674768053,71.26416941980993,12.011913252319468,,
西安,2025,4,34.3416,108.9398,30,20.976666666666667,28.35,13.983333333333333,14.366666666666667,18.09333333333333,-2.8833333333333333,31.066666666666666,6.0,0.2,5,0,18.366666666666667,41.53666666666666,1,8,8.923217407407407,23,3,18.435,11,1,0,0,40.95430555555556,97.60805555555557,540.1444444444445,35.525,20.07347222222222,70.72361111111111,107.67222222222222,11.0,0.0,30.0,1.0,78.50033524150078,88.89939795114672,81.62005405439456,11.100602048853284,,
西安,2025,5,34.3416,108.9398,31,24.38064516129032,31.14516129032258,17.58709677419355,13.558064516129033,22.932258064516127,-1.4483870967741936,40.774193548387096,50.5,1.6290322580645162,9,0,18.125806451612902,39.480645161290326,0,7,9.471593817204301,24,1,19.951290322580647,16,7,0,0,40.08293010752688,82.29260752688171,470.0510752688172,33.751747311827955,20.59731182795699,91.20967741935483,81.83602150537634,7.0,0.0,30.0,10.0,81.57574049110899,88.36640638254782,83.61294025854063,11.633593617452178,,
西安,2025,6,34.3416,108.9398,30,27.59,33.89666666666667,21.586666666666666,12.31,28.323333333333334,0.7333333333333335,50.4,48.7,1.6233333333333335,11,0,14.656666666666666,31.846666666666668,0,0,8.410804722222222,20,5,18.538333333333334,25,14,0,0,41.96652777777778,56.92319444444445,497.34722222222223,36.41861111111111,27.279166666666665,114.90277777777777,29.26527777777778,8.0,0.0,23.0,22.0,76.9020228343393,87.16103187724481,79.97972554721096,12.838968122755185,50.01489982830047,
西安,2025,7,34.3416,108.9398,31,31.20967741935484,36.76129032258064,26.009677419354837,10.751612903225807,34.23870967741936,3.0290322580645164,56.29032258064516,68.0,2.193548387096774,12,1,15.86774193548387,37.12580645161291,0,2,10.4786417562724,26,1,20.708064516129035,30,20,0,0,37.94879032258064,47.15107526881721,405.1397849462366,35.15510752688172,26.86236559139785,110.3252688172043,18.389784946236556,13.0,0.0,20.0,21.0,68.71027767024253,88.07489541260378,74.5196629929509,11.925104587396222,39.095292844151636,
西安,2025,8,34.3416,108.9398,31,29.370967741935484,34.49032258064516,24.774193548387096,9.716129032258063,32.39032258064516,3.0193548387096776,61.12903225806452,52.4,1.6903225806451612,19,0,14.396774193548387,33.10645161290322,0,0,9.065472401433691,23,4,17.74967741935484,25,15,0,0,39.44731182795699,47.093951612903226,491.3198924731183,37.20981182795699,28.54798387096774,101.83736559139786,15.029569892473116,13.0,0.0,15.0,17.0,72.56615195495644,88.1368221842295,77.23735302373835,11.863177815770507,42.57416492254927,
西安,2025,9,34.3416,108.9398,30,20.116666666666667,23.85666666666667,16.96333333333333,6.8933333333333335,21.78666666666667,1.6700000000000002,84.4,206.2,6.873333333333333,21,1,12.973333333333333,28.15666666666667,0,0,5.713587777777778,14,12,11.724666666666668,2,0,0,0,47.33305555555555,49.83958333333333,856.713888888889,49.82722222222222,34.93958333333333,50.72638888888889,4.697222222222222,6.0,0.0,6.0,0.0,78.97536767781148,88.76139852644921,81.9111769324028,11.238601473550792,,
西安,2025,10,34.3416,108.9398,31,14.541935483870969,17.74516129032258,12.180645161290323,5.564516129032258,14.270967741935483,-0.27096774193548395,85.12903225806451,136.2,4.393548387096774,20,1,11.32258064516129,25.200000000000003,0,0,3.2999649641577062,5,18,7.467096774193548,0,0,0,0,57.28360215053764,60.33548387096774,1100.4448924731182,45.391129032258064,46.05806451612903,24.971774193548388,5.466397849462366,2.0,5.0,7.0,0.0,70.66279524522943,88.72630049524712,76.08184682023473,11.273699504752885,,
西安,2025,11,34.3416,108.9398,30,9.22,14.44,5.04,9.4,6.733333333333333,-2.4866666666666664,66.46666666666667,11.0,0.36666666666666664,3,0,12.043333333333333,25.81,0,0,7.207079444444444,19,4,10.129,0,0,4,0,62.34777777777778,69.99125000000001,1594.7986111111109,49.14875,50.44263888888889,24.175,12.840277777777777,2.0,5.0,13.0,0.0,65.04967516160285,87.40538381573333,71.75638775784199,12.59461618426667,,
西安,2025,12,34.3416,108.9398,31,3.480645161290323,8.66451612903226,-0.43870967741935485,9.103225806451613,0.2258064516129032,-3.254838709677419,69.03225806451613,13.1,0.4225806451612903,5,0,11.787096774193548,25.870967741935484,0,0,7.570691129032259,23,4,9.185483870967742,0,0,18,0,85.29637096774194,88.32782258064516,2204.893817204301,51.98172043010753,74.0516129032258,21.586021505376344,3.8803763440860215,0.0,23.0,3.0,0.0,54.53562889800388,83.96778159637385,63.36527470751487,16.03221840362614,,70.8626174057059
重庆,2016,1,29.563,106.5516,31,8.0,10.64516129032258,5.538709677419354,5.106451612903226,5.909677419354838,-2.0903225806451613,77.45161290322581,51.1,1.6483870967741936,16,0,8.829032258064515,19.55806451612903,0,0,3.443945430107527,4,15,6.138064516129032,0,0,2,0,,,,,,,,0.0,0.0,0.0,0.0,59.341596991712095,,,,,71.85034295208797
重庆,2016,2,29.563,106.5516,29,9.720689655172412,13.927586206896551,5.727586206896552,8.200000000000001,7.724137931034483,-1.996551724137931,72.51724137931035,30.8,1.0620689655172415,10,0,9.572413793103449,20.124137931034483,0,0,6.010543486590039,11,8,10.528275862068964,0,0,0,0,,,,,,,,0.0,0.0,0.0,0.0,64.65882504211746,,,,,76.84758952119988
重庆,2016,3,29.563,106.5516,31,15.009677419354839,19.429032258064513,11.070967741935483,8.358064516129033,14.329032258064515,-0.6806451612903225,75.03225806451613,80.0,2.5806451612903225,17,0,9.95483870967742,21.9258064516129,0,0,6.4002499103942645,12,8,11.402258064516127,0,0,0,0,,,,,,,,0.0,0.0,0.0,0.0,74.88166803031675,,,,,
重庆,2016,4,29.563,106.5516,30,19.073333333333334,22.796666666666667,15.453333333333335,7.343333333333333,20.32,1.2466666666666664,81.76666666666667,171.8,5.7266666666666675,25,0,9.416666666666666,21.336666666666666,0,0,5.839961203703704,12,10,12.126333333333333,0,0,0,0,,,,,,,,0.0,0.0,0.0,0.0,81.88343269061434,,,,,
重庆,2016,5,29.563,106.5516,31,22.20967741935484,26.383870967741935,18.216129032258067,8.167741935483871,24.41290322580645,2.203225806451613,77.93548387096774,145.0,4.67741935483871,21,0,10.390322580645162,23.438709677419357,0,0,7.519384498207885,19,9,15.538709677419355,7,0,0,0,,,,,,,,0.0,0.0,0.0,0.0,81.57577204159038,,,,,
重庆,2016,6,29.563,106.5516,30,25.726666666666667,29.453333333333333,21.959999999999997,7.493333333333334,30.056666666666665,4.329999999999999,81.43333333333334,261.4,8.713333333333333,20,3,9.586666666666668,22.529999999999998,0,0,8.109219537037037,19,7,16.583333333333332,15,0,0,0,,,,,,,,0.0,0.0,0.0,0.0,73.95543897493653,,,,46.37104027123036,
重庆,2016,7,29.563,106.5516,31,29.14516129032258,33.26451612903226,25.164516129032258,8.1,34.89677419354839,5.751612903225806,77.54838709677419,202.1,6.519354838709678,17,2,11.506451612903225,27.24516129032258,0,0,10.828220698924731,25,1,20.78548387096774,29,8,0,0,,,,,,,,0.0,0.0,0.0,0.0,67.03015366658471,,,,35.55831316996126,
重庆,2016,8,29.563,106.5516,31,28.92258064516129,32.70645161290322,25.490322580645163,7.216129032258064,34.670967741935485,5.748387096774193,76.93548387096774,110.9,3.57741935483871,19,0,8.154838709677419,21.416129032258063,0,0,8.934985663082438,23,6,17.60451612903226,25,9,0,0,,,,,,,,0.0,0.0,0.0,0.0,68.45778937796337,,,,36.58926995608321,
重庆,2016,9,29.563,106.5516,30,23.57,26.82,20.616666666666667,6.203333333333333,26.94333333333333,3.3733333333333335,82.36666666666666,99.3,3.31,20,0,7.633333333333334,18.666666666666668,0,0,5.68941537037037,12,11,10.863666666666667,7,0,0,0,,,,,,,,0.0,0.0,0.0,0.0,79.71919827730174,,,,,
重庆,2016,10,29.563,106.5516,31,20.05483870967742,22.967741935483872,17.703225806451613,5.264516129032257,21.83225806451613,1.7774193548387098,82.06451612903226,81.2,2.6193548387096777,21,0,8.22258064516129,19.94193548387097,0,0,3.981776344086021,8,17,7.569677419354838,3,0,0,0,,,,,,,,0.0,0.0,0.0,0.0,78.75918688149298,,,,,
重庆,2016,11,29.563,106.5516,30,13.919999999999998,16.693333333333335,11.453333333333335,5.239999999999999,13.456666666666667,-0.4633333333333328,80.46666666666667,89.9,2.996666666666667,15,1,8.65,19.206666666666667,0,0,3.464627592592593,4,16,5.94,0,0,0,0,,,,,,,,0.0,0.0,0.0,0.0,71.24893239736367,,,,,
重庆,2016,12,29.563,106.5516,31,10.95483870967742,13.961290322580645,8.40967741935484,5.551612903225807,9.48709677419355,-1.467741935483871,78.3225806451613,19.0,0.6129032258064516,10,0,8.580645161290322,18.603225806451615,0,0,4.720639605734767,10,14,6.313870967741935,0,0,0,0,,,,,,,,0.0,0.0,0.0,0.0,65.4027689712463,,,,,75.79585699348823
重庆,2017,1,29.563,106.5516,31,10.02258064516129,12.32258064516129,7.83225806451613,4.490322580645161,8.290322580645162,-1.7322580645161292,78.35483870967742,20.099999999999998,0.6483870967741935,17,0,9.519354838709678,19.641935483870967,0,0,2.5335816308243726,2,20,5.113870967741936,0,0,0,0,,,,,,,,0.0,0.0,0.0,0.0,62.69218206060991,,,,,73.40524872237974
重庆,2017,2,29.563,106.5516,28,9.939285714285715,13.553571428571429,6.582142857142857,6.971428571428572,8.196428571428571,-1.742857142857143,77.92857142857143,50.2,1.792857142857143,19,0,9.978571428571428,21.07857142857143,0,0,4.626669642857143,7,12,8.663214285714286,0,0,0,0,,,,,,,,0.0,0.0,0.0,0.0,63.51930477848173,,,,,74.72285113803784
重庆,2017,3,29.563,106.5516,31,13.109677419354838,16.316129032258065,10.245161290322581,6.070967741935483,12.100000000000001,-1.0096774193548386,77.64516129032258,85.5,2.7580645161290325,22,0,10.293548387096775,21.780645161290323,0,0,3.533056630824373,6,17,8.546774193548387,0,0,0,0,,,,,,,,0.0,0.0,0.0,0.0,69.70746433336981,,,,,
重庆,2017,4,29.563,106.5516,30,18.84,22.68,15.136666666666667,7.543333333333334,19.48,0.6400000000000001,76.4,137.8,4.593333333333334,21,0,10.976666666666667,23.959999999999997,0,0,6.619546018518519,14,10,14.380333333333333,0,0,0,0,,,,,,,,0.0,0.0,0.0,0.0,81.48652654881957,,,,,
重庆,2017,5,29.563,106.5516,31,21.806451612903224,25.929032258064513,17.635483870967743,8.293548387096774,23.774193548387096,1.967741935483871,76.93548387096774,166.0,5.354838709677419,19,2,11.45483870967742,24.27741935483871,0,0,8.129831899641578,17,7,17.200322580645164,4,0,0,0,,,,,,,,0.0,0.0,0.0,0.0,81.67691610044322,,,,,
重庆,2017,6,29.563,106.5516,30,24.21333333333333,27.253333333333334,21.14333333333333,6.109999999999999,27.976666666666667,3.7633333333333336,83.2,158.0,5.266666666666667,25,0,8.956666666666667,21.263333333333332,0,0,7.097703148148148,15,8,14.306666666666667,5,0,0,0,,,,,,,,0.0,0.0,0.0,0.0,77.27488808743345,,,,52.66398063273113,
重庆,2017,7,29.563,106.5516,31,28.993548387096773,33.20967741935484,25.006451612903227,8.203225806451613,34.38387096774194,5.3903225806451625,75.12903225806451,127.5,4.112903225806452,19,1,11.2,25.825806451612905,0,0,10.909565949820788,27,1,21.260645161290324,28,8,0,0,,,,,,,,0.0,0.0,0.0,0.0,68.61401434814832,,,,37.24400386267472,
重庆,2017,8,29.563,106.5516,31,30.138709677419353,34.8258064516129,25.970967741935485,8.85483870967742,34.63548387096775,4.496774193548387,67.03225806451613,119.1,3.8419354838709676,19,1,12.641935483870967,28.538709677419355,0,0,8.947089336917562,22,5,17.537096774193547,27,17,0,0,,,,,,,,0.0,0.0,0.0,0.0,69.4303063377173,,,,37.16171062032344,
重庆,2017,9,29.563,106.5516,30,23.959999999999997,26.746666666666666,21.613333333333333,5.133333333333334,27.39333333333333,3.433333333333334,82.86666666666666,192.6,6.42,26,3,10.110000000000001,22.986666666666668,0,0,5.026551018518519,11,14,9.860999999999999,6,0,0,0,,,,,,,,0.0,0.0,0.0,0.0,77.98233575297249,,,,,
重庆,2017,10,29.563,106.5516,31,18.18064516129032,20.706451612903226,16.23548387096774,4.470967741935484,19.316129032258065,1.135483870967742,84.87096774193549,161.7,5.216129032258064,24,2,9.816129032258065,20.60967741935484,0,0,2.797032347670251,5,20,5.797096774193549,1,0,0,0,,,,,,,,0.0,0.0,0.0,0.0,76.64658036586927,,,,,
重庆,2017,11,29.563,106.5516,30,14.523333333333333,17.31,12.06,5.25,14.18,-0.34333333333333366,79.96666666666667,42.4,1.4133333333333333,20,0,8.85,17.7,0,0,3.774415925925926,10,16,6.653333333333333,0,0,0,0,,,,,,,,0.0,0.0,0.0,0.0,72.20969130851437,,,,,
重庆,2017,12,29.563,106.5516,31,9.54516129032258,12.62258064516129,6.890322580645161,5.732258064516128,7.780645161290322,-1.764516129032258,79.80645161290323,12.0,0.3870967741935484,13,0,9.5,18.88064516129032,0,0,3.7504482078853045,8,17,6.051290322580646,0,0,0,0,,,,,,,,0.0,0.0,0.0,0.0,61.40394163438439,,,,,73.55630031422457
重庆,2018,1,29.563,106.5516,31,7.203225806451614,9.899999999999999,4.6,5.3,4.835483870967742,-2.3677419354838714,77.16129032258064,40.5,1.3064516129032258,18,0,9.903225806451612,19.52258064516129,0,0,3.5841625448028673,9,19,6.22516129032258,0,0,0,0,,,,,,,,0.0,0.0,0.0,0.0,56.766330870896184,,,,,72.03832727581111
重庆,2018,2,29.563,106.5516,28,8.967857142857143,12.75357142857143,5.521428571428571,7.232142857142857,6.9071428571428575,-2.060714285714286,76.17857142857143,19.2,0.6857142857142857,16,0,10.328571428571427,21.62142857142857,0,0,4.11145119047619,6,13,8.481071428571429,0,0,1,0,,,,,,,,0.0,0.0,0.0,0.0,61.73753192919006,,,,,73.60639420047502
重庆,2018,3,29.563,106.5516,31,15.496774193548386,20.106451612903225,11.658064516129032,8.448387096774193,15.093548387096773,-0.4032258064516127,78.54838709677419,109.6,3.5354838709677416,22,0,11.374193548387098,24.612903225806452,0,1,6.357292741935484,16,10,11.34483870967742,0,0,0,0,,,,,,,,0.0,0.0,0.0,0.0,74.69515535307748,,,,,
重庆,2018,4,29.563,106.5516,30,19.676666666666666,24.336666666666666,15.436666666666667,8.9,20.706666666666667,1.0300000000000002,77.13333333333334,133.6,4.453333333333333,18,1,11.95,26.44,0,1,7.7525916666666665,20,7,15.164,1,0,0,0,,,,,,,,0.0,0.0,0.0,0.0,80.95621533697926,,,,,
重庆,2018,5,29.563,106.5516,31,22.506451612903227,26.741935483870968,18.89032258064516,7.851612903225806,24.851612903225806,2.3451612903225807,79.0,168.4,5.432258064516129,22,2,11.551612903225807,26.48709677419355,0,0,6.131173745519713,13,13,14.178387096774195,7,0,0,0,,,,,,,,0.0,0.0,0.0,0.0,81.26280911378622,,,,,
重庆,2018,6,29.563,106.5516,30,25.209999999999997,28.926666666666666,21.766666666666666,7.16,29.15,3.94,80.6,133.6,4.453333333333333,22,1,10.486666666666668,24.043333333333333,0,0,7.462585092592592,15,4,16.425333333333334,11,0,0,0,,,,,,,,0.0,0.0,0.0,0.0,77.07561457623333,,,,49.12472894350851,
重庆,2018,7,29.563,106.5516,31,29.809677419354838,33.806451612903224,26.016129032258064,7.790322580645161,35.12580645161291,5.316129032258064,73.25806451612904,99.5,3.2096774193548385,21,0,12.47741935483871,28.74516129032258,0,0,9.198847222222224,20,4,19.272903225806452,28,13,0,0,,,,,,,,0.0,0.0,0.0,0.0,68.20961299170085,,,,35.26492653160102,
重庆,2018,8,29.563,106.5516,31,29.519354838709678,33.648387096774194,25.661290322580644,7.987096774193549,34.78064516129032,5.261290322580645,72.48387096774194,97.5,3.1451612903225805,26,0,11.35483870967742,26.687096774193545,0,0,10.897224372759856,30,0,19.96,30,7,0,0,,,,,,,,0.0,0.0,0.0,0.0,69.07829119602164,,,,36.297211438098905,
重庆,2018,9,29.563,106.5516,30,23.73,27.003333333333334,21.21333333333333,5.79,26.5,2.77,79.03333333333333,152.3,5.076666666666667,27,1,10.876666666666667,25.226666666666667,0,0,4.190019537037037,8,16,9.944999999999999,6,5,0,0,,,,,,,,0.0,0.0,0.0,0.0,79.0795138245571,,,,,
重庆,2018,10,29.563,106.5516,31,17.364516129032257,20.18064516129032,15.096774193548388,5.083870967741936,18.17096774193548,0.8064516129032253,84.58064516129032,87.6,2.825806451612903,27,0,8.683870967741935,18.938709677419357,0,0,2.843900448028674,3,20,7.155161290322581,0,0,0,0,,,,,,,,0.0,0.0,0.0,0.0,77.54451306564599,,,,,
重庆,2018,11,29.563,106.5516,30,12.733333333333333,16.046666666666667,9.976666666666667,6.069999999999999,11.76,-0.9733333333333329,81.46666666666667,47.6,1.5866666666666667,16,0,9.823333333333332,20.293333333333333,0,0,3.8236519444444443,7,15,7.087,0,0,0,0,,,,,,,,0.0,0.0,0.0,0.0,68.05041609295341,,,,,
重庆,2018,12,29.563,106.5516,31,8.793548387096775,11.17741935483871,6.925806451612903,4.251612903225807,6.870967741935484,-1.9225806451612903,78.74193548387096,23.4,0.7548387096774193,18,0,9.551612903225807,19.09032258064516,0,0,2.5811155017921146,3,20,4.856774193548387,0,0,0,0,,,,,,,,0.0,0.0,0.0,0.0,59.938508194294535,,,,,72.36815605949144
重庆,2019,1,29.563,106.5516,31,7.790322580645161,10.525806451612903,5.519354838709678,5.006451612903226,5.67741935483871,-2.1129032258064515,78.54838709677419,14.2,0.45806451612903226,11,0,8.754838709677419,18.538709677419355,0,0,3.3016901433691754,4,18,5.921290322580645,0,0,0,0,,,,,,,,0.0,0.0,0.0,0.0,58.45195266702562,,,,,72.23329172110657
重庆,2019,2,29.563,106.5516,28,10.203571428571427,13.65,7.3999999999999995,6.25,8.117857142857144,-2.085714285714286,71.82142857142857,7.9,0.28214285714285714,17,0,10.903571428571428,22.25357142857143,0,0,4.958299206349207,5,7,8.526785714285714,0,0,0,0,,,,,,,,0.0,0.0,0.0,0.0,66.17002447062137,,,,,76.53356907371179
重庆,2019,3,29.563,106.5516,31,13.716129032258063,17.635483870967743,10.361290322580645,7.274193548387097,12.85483870967742,-0.861290322580645,77.61290322580645,83.39999999999999,2.690322580645161,24,1,10.264516129032257,22.725806451612904,0,0,5.111940770609319,10,15,10.900645161290322,0,0,0,0,,,,,,,,0.0,0.0,0.0,0.0,71.04029718536134,,,,,
重庆,2019,4,29.563,106.5516,30,20.513333333333332,25.483333333333334,16.076666666666668,9.406666666666666,21.8,1.2866666666666675,77.03333333333333,98.3,3.2766666666666664,20,0,12.223333333333333,25.333333333333332,0,0,8.292607777777778,18,5,16.47533333333333,5,0,0,0,,,,,,,,0.0,0.0,0.0,0.0,80.76667194368898,,,,,
重庆,2019,5,29.563,106.5516,31,20.870967741935484,24.661290322580644,17.509677419354837,7.151612903225806,22.73548387096774,1.864516129032258,81.09677419354838,160.5,5.17741935483871,25,1,11.306451612903226,25.616129032258065,0,0,5.697325089605735,12,11,13.821290322580644,1,0,0,0,,,,,,,,0.0,0.0,0.0,0.0,81.97761135231531,,,,,
重庆,2019,6,29.563,106.5516,30,24.69,28.186666666666667,21.513333333333332,6.673333333333333,28.59333333333333,3.903333333333333,83.7,185.0,6.166666666666667,24,1,10.663333333333332,23.65,0,0,6.227511111111111,13,10,14.300333333333333,6,0,0,0,,,,,,,,0.0,0.0,0.0,0.0,76.9953857434198,,,,50.60450033826192,
重庆,2019,7,29.563,106.5516,31,26.799999999999997,30.248387096774195,23.761290322580646,6.487096774193549,32.05483870967742,5.2548387096774185,83.70967741935483,307.9,9.932258064516128,27,2,9.270967741935483,23.693548387096776,0,0,6.833146594982079,15,8,15.899354838709677,16,3,0,0,,,,,,,,0.0,0.0,0.0,0.0,71.70307149898086,,,,41.716671401701355,
重庆,2019,8,29.563,106.5516,31,28.86774193548387,32.98064516129032,24.796774193548387,8.183870967741935,33.88387096774194,5.016129032258065,73.70967741935483,67.2,2.167741935483871,14,0,10.461290322580645,23.238709677419354,0,0,9.587830107526882,24,2,19.095483870967744,27,11,0,0,,,,,,,,0.0,0.0,0.0,0.0,70.5092131803013,,,,38.0310122556215,
重庆,2019,9,29.563,106.5516,30,23.84,27.6,20.56,7.040000000000001,27.013333333333332,3.1733333333333333,80.0,109.7,3.6566666666666667,20,1,10.31,24.90666666666667,0,0,7.325783518518518,17,8,13.966000000000001,10,0,0,0,,,,,,,,0.0,0.0,0.0,0.0,79.39480975002468,,,,,
重庆,2019,10,29.563,106.5516,31,19.106451612903225,22.493548387096773,16.406451612903226,6.087096774193548,20.483870967741936,1.3774193548387095,84.2258064516129,140.2,4.52258064516129,26,0,10.196774193548388,22.796774193548387,0,0,4.888358512544803,11,14,9.37483870967742,1,0,0,0,,,,,,,,0.0,0.0,0.0,0.0,79.09552270196575,,,,,
重庆,2019,11,29.563,106.5516,30,13.686666666666667,16.133333333333333,11.533333333333333,4.6,13.116666666666667,-0.5700000000000001,81.9,54.9,1.8299999999999998,21,0,9.193333333333333,19.57,0,0,3.1009480555555555,5,18,5.8886666666666665,0,0,0,0,,,,,,,,0.0,0.0,0.0,0.0,69.9888765714155,,,,,
重庆,2019,12,29.563,106.5516,31,9.838709677419354,12.72258064516129,7.519354838709678,5.203225806451614,8.329032258064515,-1.5096774193548386,82.16129032258064,39.2,1.2645161290322582,18,0,8.574193548387097,17.361290322580647,0,0,3.597165053763441,5,16,5.998064516129032,0,0,0,0,,,,,,,,0.0,0.0,0.0,0.0,62.2832740407167,,,,,73.21014928062817
重庆,2020,1,29.563,106.5516,31,9.26774193548387,11.90967741935484,6.887096774193548,5.02258064516129,7.512903225806451,-1.7548387096774194,80.48387096774194,47.5,1.532258064516129,21,0,8.874193548387098,18.396774193548385,0,0,3.526191577060932,7,17,6.202258064516129,0,0,0,0,,,,,,,,0.0,0.0,0.0,0.0,60.93764005642624,,,,,73.00958779890767
重庆,2020,2,29.563,106.5516,29,10.558620689655172,14.110344827586207,7.672413793103448,6.43793103448276,9.124137931034484,-1.4344827586206894,81.34482758620689,64.1,2.2103448275862068,20,0,9.441379310344828,19.724137931034484,0,0,3.8952721264367822,6,16,7.8,0,0,0,0,,,,,,,,0.0,0.0,0.0,0.0,63.86268005178569,,,,,73.97661601788994
重庆,2020,3,29.563,106.5516,31,15.01290322580645,19.206451612903226,11.580645161290322,7.625806451612903,14.464516129032257,-0.5483870967741935,77.96774193548387,73.8,2.3806451612903223,22,0,11.45483870967742,25.183870967741935,0,0,5.9265560035842295,13,12,11.483870967741936,0,0,0,0,,,,,,,,0.0,0.0,0.0,0.0,73.91105034674133,,,,,
重庆,2020,4,29.563,106.5516,30,17.153333333333332,20.803333333333335,13.526666666666667,7.276666666666667,17.426666666666666,0.27333333333333354,78.86666666666666,117.3,3.9099999999999997,21,0,10.596666666666666,22.573333333333334,0,0,5.63696675925926,11,12,12.456,0,0,0,0,,,,,,,,0.0,0.0,0.0,0.0,77.63720044565055,,,,,
重庆,2020,5,29.563,106.5516,31,23.20967741935484,27.24516129032258,19.23548387096774,8.009677419354839,25.845161290322583,2.635483870967742,78.61290322580645,198.4,6.4,17,3,11.490322580645161,25.335483870967742,0,0,8.213430197132617,20,5,17.635483870967743,9,0,0,0,,,,,,,,0.0,0.0,0.0,0.0,81.01987862618482,,,,,
重庆,2020,6,29.563,106.5516,30,25.466666666666665,29.206666666666667,22.206666666666667,7.0,29.756666666666668,4.290000000000001,82.96666666666667,242.1,8.07,23,4,10.656666666666666,24.546666666666667,0,0,7.797360277777778,14,5,16.091666666666665,10,1,0,0,,,,,,,,0.0,0.0,0.0,0.0,75.16659327461024,,,,48.13522739856746,
重庆,2020,7,29.563,106.5516,31,26.9,30.17096774193548,24.06451612903226,6.106451612903226,32.12903225806452,5.229032258064516,84.06451612903226,319.1,10.293548387096775,28,4,10.364516129032259,24.94516129032258,0,0,6.819022222222222,12,9,15.249677419354839,15,1,0,0,,,,,,,,0.0,0.0,0.0,0.0,71.13287117527436,,,,41.78224124421924,
重庆,2020,8,29.563,106.5516,31,29.916129032258063,34.37419354838709,25.716129032258067,8.658064516129032,34.145161290322584,4.2290322580645165,66.12903225806451,39.3,1.2677419354838708,14,0,13.680645161290323,30.112903225806452,0,0,10.657854032258065,28,1,20.23548387096774,28,16,0,0,,,,,,,,0.0,0.0,0.0,0.0,70.15709092722685,,,,38.747205719381455,
重庆,2020,9,29.563,106.5516,30,23.113333333333333,25.946666666666665,20.673333333333336,5.273333333333334,25.986666666666668,2.8733333333333335,81.9,194.5,6.483333333333333,25,0,10.413333333333332,22.02,0,0,4.939944537037037,7,14,10.551333333333334,4,1,0,0,,,,,,,,0.0,0.0,0.0,0.0,80.2145490445421,,,,,
重庆,2020,10,29.563,106.5516,31,17.58709677419355,20.06451612903226,15.474193548387097,4.590322580645161,18.425806451612903,0.8387096774193552,84.03225806451613,100.2,3.232258064516129,27,0,8.796774193548387,18.887096774193548,0,0,3.2578051075268815,4,18,7.2458064516129035,0,0,0,0,,,,,,,,0.0,0.0,0.0,0.0,77.8306802576278,,,,,
重庆,2020,11,29.563,106.5516,30,14.293333333333333,17.826666666666664,11.303333333333335,6.5233333333333325,13.72,-0.5733333333333334,79.8,38.0,1.2666666666666666,16,0,9.606666666666666,19.546666666666667,0,0,5.255811574074074,12,12,8.445666666666666,0,0,0,0,,,,,,,,0.0,0.0,0.0,0.0,72.02171186852232,,,,,
重庆,2020,12,29.563,106.5516,31,8.006451612903225,10.100000000000001,6.032258064516129,4.0677419354838715,5.925806451612903,-2.0806451612903225,78.51612903225806,24.0,0.7741935483870968,16,0,8.990322580645161,18.56451612903226,0,0,2.8010203405017924,2,18,5.153225806451613,0,0,0,0,,,,,,,,0.0,0.0,0.0,0.0,58.657124500604134,,,,,71.9946500551667
重庆,2021,1,29.563,106.5516,31,6.967741935483871,10.22258064516129,4.116129032258065,6.106451612903225,4.645161290322581,-2.3225806451612905,79.3225806451613,38.3,1.2354838709677418,15,0,10.051612903225807,20.806451612903224,0,0,3.771729211469534,8,19,7.101935483870967,0,0,3,0,,,,,,,,0.0,0.0,0.0,0.0,56.04726934780427,,,,,70.31590861839766
重庆,2021,2,29.563,106.5516,28,12.674999999999999,17.007142857142856,8.721428571428572,8.285714285714286,11.589285714285714,-1.0857142857142856,78.17857142857143,57.0,2.0357142857142856,14,0,9.99642857142857,20.567857142857143,0,0,5.762574206349206,12,10,10.567857142857141,0,0,0,0,,,,,,,,0.0,0.0,0.0,0.0,69.21782642221157,,,,,77.6337693335281
重庆,2021,3,29.563,106.5516,31,15.016129032258064,19.190322580645162,11.432258064516128,7.758064516129032,14.519354838709678,-0.4967741935483866,78.58064516129032,108.1,3.487096774193548,21,0,11.54516129032258,23.84193548387097,0,0,6.214948207885304,11,8,11.973548387096775,0,0,0,0,,,,,,,,0.0,0.0,0.0,0.0,74.45584778630013,,,,,
重庆,2021,4,29.563,106.5516,30,17.646666666666665,21.05666666666667,14.733333333333333,6.323333333333334,18.276666666666664,0.63,81.46666666666667,116.0,3.8666666666666667,25,0,10.376666666666667,22.196666666666665,0,0,4.38476175925926,6,13,11.592333333333332,0,0,0,0,,,,,,,,0.0,0.0,0.0,0.0,78.97583773430736,,,,,
重庆,2021,5,29.563,106.5516,31,21.92258064516129,25.432258064516127,18.958064516129035,6.474193548387097,24.345161290322583,2.4225806451612906,81.54838709677419,209.7,6.764516129032257,27,4,10.025806451612903,23.13225806451613,0,1,5.964760483870968,11,11,14.329677419354839,3,0,0,0,,,,,,,,0.0,0.0,0.0,0.0,82.56420038055764,,,,,
重庆,2021,6,29.563,106.5516,30,25.583333333333332,29.373333333333335,22.09333333333333,7.28,29.563333333333333,3.98,79.26666666666667,84.9,2.83,24,1,10.536666666666667,23.59,0,0,8.245906851851851,18,3,17.199,12,2,0,0,,,,,,,,0.0,0.0,0.0,0.0,76.74534683885014,,,,48.72326238727574,
重庆,2021,7,29.563,106.5516,31,27.96451612903226,31.56451612903226,24.835483870967742,6.729032258064516,33.66129032258065,5.696774193548387,81.74193548387096,289.6,9.341935483870968,26,4,9.896774193548387,23.96451612903226,0,0,8.677758154121864,20,3,17.84161290322581,23,2,0,0,,,,,,,,0.0,0.0,0.0,0.0,69.55903731368873,,,,37.90972059033906,
重庆,2021,8,29.563,106.5516,31,27.203225806451616,30.596774193548388,24.083870967741937,6.5129032258064505,32.12258064516129,4.919354838709677,80.51612903225806,328.2,10.587096774193547,24,5,11.261290322580646,26.94516129032258,0,0,7.393893279569892,18,9,15.393548387096773,21,5,0,0,,,,,,,,0.0,0.0,0.0,0.0,70.72561080779369,,,,40.607727439589986,
重庆,2021,9,29.563,106.5516,30,25.573333333333334,29.58,22.1,7.48,29.259999999999998,3.6866666666666665,78.8,206.8,6.8933333333333335,17,3,12.123333333333333,28.09,0,0,8.731120462962963,21,2,16.118666666666666,13,0,0,0,,,,,,,,0.0,0.0,0.0,0.0,76.72429554646463,,,,,
重庆,2021,10,29.563,106.5516,31,18.74516129032258,21.66774193548387,16.267741935483873,5.4,19.799999999999997,1.0548387096774192,81.35483870967742,101.5,3.274193548387097,22,0,10.44516129032258,21.248387096774195,0,0,4.066741577060932,9,17,8.499032258064515,4,0,0,0,,,,,,,,0.0,0.0,0.0,0.0,76.07652254889057,,,,,
重庆,2021,11,29.563,106.5516,30,11.65,14.67,8.886666666666667,5.783333333333333,10.633333333333333,-1.0166666666666668,83.16666666666667,65.6,2.1866666666666665,20,0,10.233333333333333,19.85666666666667,0,0,2.9753042592592593,4,18,6.187333333333333,0,0,0,0,,,,,,,,0.0,0.0,0.0,0.0,65.33867679548796,,,,,
重庆,2021,12,29.563,106.5516,31,9.596774193548388,12.548387096774194,6.925806451612903,5.622580645161291,7.922580645161291,-1.6741935483870969,79.87096774193549,29.4,0.9483870967741935,12,0,8.793548387096775,17.325806451612905,0,0,3.058909946236559,5,18,5.916129032258064,0,0,0,0,,,,,,,,0.0,0.0,0.0,0.0,61.79969562684491,,,,,73.16469573437301
重庆,2022,1,29.563,106.5516,31,8.52258064516129,11.674193548387096,5.767741935483872,5.906451612903226,6.551612903225807,-1.9709677419354839,81.0,46.7,1.506451612903226,18,0,9.287096774193548,17.825806451612905,0,0,2.801587724014337,5,20,5.9480645161290315,0,0,0,0,,,,,,,,0.0,0.0,0.0,0.0,59.03309685012866,,,,,71.72714522341951
重庆,2022,2,29.563,106.5516,28,8.10357142857143,11.685714285714285,5.007142857142857,6.678571428571429,5.689285714285715,-2.414285714285714,73.17857142857143,34.1,1.217857142857143,15,0,10.228571428571428,20.357142857142858,0,0,3.3806013888888886,5,16,8.231785714285715,0,0,1,0,,,,,,,,0.0,0.0,0.0,0.0,60.34904443276264,,,,,73.04496513996688
重庆,2022,3,29.563,106.5516,31,17.203225806451613,22.032258064516128,12.94516129032258,9.087096774193547,17.106451612903225,-0.09677419354838687,75.83870967741936,142.4,4.593548387096774,18,2,12.316129032258065,24.970967741935485,0,0,6.3359603046594986,13,9,12.350322580645162,2,0,0,0,,,,,,,,0.0,0.0,0.0,0.0,77.99356958040485,,,,,
重庆,2022,4,29.563,106.5516,30,18.57,23.203333333333333,14.196666666666667,9.006666666666666,19.196666666666665,0.6266666666666666,78.03333333333333,169.7,5.656666666666666,23,2,12.45,24.993333333333332,0,1,6.405344444444444,14,9,14.163,2,0,0,0,,,,,,,,0.0,0.0,0.0,0.0,79.19188121522501,,,,,
重庆,2022,5,29.563,106.5516,31,21.212903225806453,25.23225806451613,17.625806451612902,7.606451612903226,23.216129032258067,2.003225806451612,80.54838709677419,201.9,6.512903225806451,24,2,10.316129032258065,20.870967741935484,0,0,6.411420967741936,15,9,14.3,2,0,0,0,,,,,,,,0.0,0.0,0.0,0.0,81.478183213375,,,,,
重庆,2022,6,29.563,106.5516,30,25.83,29.60666666666667,22.433333333333334,7.173333333333334,30.41,4.58,82.63333333333334,145.4,4.846666666666667,24,1,9.186666666666667,20.43,0,0,7.12228175925926,13,7,16.053,13,1,0,0,,,,,,,,0.0,0.0,0.0,0.0,75.08123378307694,,,,45.86079509782509,
重庆,2022,7,29.563,106.5516,31,29.580645161290324,33.8258064516129,25.567741935483873,8.258064516129032,34.71290322580645,5.132258064516129,72.09677419354838,101.4,3.270967741935484,13,1,11.716129032258063,24.574193548387097,0,0,10.452160483870967,23,1,21.078709677419354,25,14,0,0,,,,,,,,0.0,0.0,0.0,0.0,69.15788188765607,,,,37.82289512234619,
重庆,2022,8,29.563,106.5516,31,33.73870967741936,38.5258064516129,28.96129032258065,9.564516129032258,36.63870967741936,2.9000000000000004,47.87096774193548,23.200000000000003,0.7483870967741937,7,0,15.219354838709679,30.503225806451614,0,0,10.781030555555557,28,2,20.95741935483871,29,28,0,0,,,,,,,,0.0,0.0,0.0,0.0,63.87196980769986,,,,36.684238798971194,
重庆,2022,9,29.563,106.5516,30,24.013333333333332,27.913333333333334,20.706666666666667,7.206666666666666,26.703333333333333,2.6899999999999995,76.23333333333333,121.7,4.056666666666667,20,0,10.566666666666666,22.263333333333332,0,0,6.08647037037037,13,9,12.404333333333334,10,0,0,0,,,,,,,,0.0,0.0,0.0,0.0,80.72440226089638,,,,,
重庆,2022,10,29.563,106.5516,31,19.664516129032258,23.461290322580645,16.503225806451614,6.958064516129032,20.241935483870968,0.5774193548387099,72.61290322580645,38.9,1.2548387096774194,16,0,11.003225806451614,21.861290322580647,0,0,4.96678476702509,10,13,10.003548387096775,3,0,0,0,,,,,,,,0.0,0.0,0.0,0.0,81.96660204359776,,,,,
重庆,2022,11,29.563,106.5516,30,16.470000000000002,20.41,13.356666666666666,7.053333333333333,16.453333333333333,-0.01666666666666655,79.73333333333333,40.3,1.3433333333333333,13,0,10.913333333333332,22.216666666666665,0,0,4.603121388888889,6,13,7.713666666666667,0,0,0,0,,,,,,,,0.0,0.0,0.0,0.0,77.14822989284228,,,,,
重庆,2022,12,29.563,106.5516,31,8.55483870967742,11.36774193548387,5.770967741935484,5.596774193548387,6.461290322580646,-2.0935483870967744,77.64516129032258,43.7,1.4096774193548387,15,0,9.764516129032257,19.164516129032258,0,0,2.4915810931899642,4,21,5.442258064516129,0,0,0,0,,,,,,,,0.0,0.0,0.0,0.0,59.6500385527208,,,,,72.25841776489503
重庆,2023,1,29.563,106.5516,31,7.248387096774193,11.341935483870968,3.5903225806451613,7.751612903225806,4.958064516129032,-2.2903225806451615,78.0,14.0,0.45161290322580644,11,0,9.525806451612903,18.358064516129033,0,0,4.599200179211469,10,14,7.801290322580646,0,0,4,0,89.6228494623656,128.59260752688172,2543.393817204301,75.4486559139785,83.55618279569893,25.491935483870968,1.5483870967741935,2.0,20.0,1.0,0.0,57.849562266522575,81.1941454408678,64.85293721882614,18.805854559132204,,73.65955199360056
重庆,2023,2,29.563,106.5516,28,11.021428571428572,15.039285714285715,7.846428571428571,7.192857142857143,9.217857142857143,-1.8035714285714286,75.32142857142857,33.0,1.1785714285714286,18,0,11.00357142857143,21.224999999999998,0,0,3.532466865079365,2,14,8.237142857142857,0,0,0,0,70.74196428571429,101.25892857142857,1886.095238095238,66.82425595238095,50.13883928571429,25.337797619047617,0.32589285714285715,2.0,14.0,0.0,0.0,66.0170835056987,85.00314387605862,71.71290161680666,14.996856123941384,,77.68223836145667
重庆,2023,3,29.563,106.5516,31,14.535483870967743,18.774193548387096,10.832258064516129,7.941935483870968,13.993548387096775,-0.5419354838709677,80.3225806451613,139.70000000000002,4.506451612903226,23,1,10.874193548387098,21.822580645161292,0,0,4.933881989247312,10,13,10.473225806451614,0,0,0,0,64.36666666666666,92.24569892473119,1013.0981182795698,56.23118279569893,63.08293010752688,37.10349462365591,1.5228494623655915,5.0,13.0,1.0,0.0,72.40859082942124,86.305162814857,76.57756242505195,13.694837185143005,,
重庆,2023,4,29.563,106.5516,30,19.64333333333333,24.293333333333333,15.629999999999999,8.663333333333334,20.52,0.8766666666666668,76.2,135.9,4.53,22,1,12.773333333333333,25.933333333333334,0,0,7.440811018518518,19,5,15.665333333333333,2,0,0,0,50.2925,72.54361111111112,672.1736111111111,47.53486111111111,51.865138888888886,52.30277777777778,2.5444444444444443,6.0,3.0,2.0,0.0,81.54340381924995,88.12533768835324,83.51798397998093,11.874662311646768,,
重庆,2023,5,29.563,106.5516,31,22.661290322580644,26.870967741935484,19.17096774193548,7.7,24.958064516129035,2.296774193548387,77.64516129032258,142.4,4.593548387096774,24,1,11.887096774193548,24.312903225806455,0,0,6.63436335125448,13,6,15.449677419354838,5,0,0,0,52.44905913978495,75.46491935483871,611.5362903225806,47.98037634408602,48.530913978494624,59.33467741935484,2.2701612903225805,5.0,2.0,2.0,2.0,82.63152658876626,87.62764482172385,84.13036205865355,12.372355178276166,,
重庆,2023,6,29.563,106.5516,30,24.433333333333334,28.023333333333333,21.13,6.8933333333333335,27.990000000000002,3.5566666666666666,81.4,248.2,8.273333333333333,18,4,10.520000000000001,21.266666666666666,0,0,5.728060185185186,11,9,14.298333333333334,8,0,0,0,58.464444444444446,83.87375,784.3083333333333,68.68680555555555,60.94625,55.28888888888889,1.6986111111111113,4.0,6.0,0.0,1.0,78.36668292883255,85.71822998808017,80.57214704660684,14.281770011919836,50.9915211007834,
重庆,2023,7,29.563,106.5516,31,27.770967741935483,31.90967741935484,24.164516129032258,7.7451612903225815,33.28064516129032,5.509677419354839,81.70967741935483,366.4,11.819354838709677,21,6,11.361290322580645,23.32903225806452,0,0,8.678241129032259,19,4,18.396451612903224,24,3,0,0,46.20779569892473,67.23239247311828,551.9341397849462,51.321102150537634,24.950806451612902,99.5013440860215,3.4032258064516125,4.0,1.0,2.0,18.0,69.57172598433677,86.65597991231624,74.69700216273061,13.344020087683758,38.100525305776365,
重庆,2023,8,29.563,106.5516,31,28.080645161290324,31.896774193548385,24.861290322580647,7.035483870967742,33.84516129032258,5.764516129032258,81.45161290322581,158.7,5.119354838709677,28,0,10.929032258064517,23.451612903225808,0,0,9.246756899641577,24,1,18.410645161290322,24,5,0,0,44.0125,63.361424731182794,569.4771505376344,52.7494623655914,24.927284946236558,93.44623655913979,1.653225806451613,5.0,0.0,0.0,12.0,69.53828795392334,87.12818936839443,74.81525837826467,12.871810631605562,37.67461232583845,
重庆,2023,9,29.563,106.5516,30,25.62,29.566666666666666,22.136666666666667,7.4300000000000015,29.266666666666666,3.646666666666667,77.23333333333333,245.2,8.173333333333334,17,4,10.99,21.44,0,0,7.670101296296296,16,7,14.850999999999999,17,2,0,0,35.44291666666666,50.910694444444445,550.2444444444444,50.22972222222222,23.125555555555554,54.483333333333334,0.42916666666666664,17.0,1.0,0.0,0.0,76.6799125944803,90.1989274221914,80.73561704279362,9.801072577808595,,
重庆,2023,10,29.563,106.5516,31,19.690322580645162,22.887096774193548,17.135483870967743,5.751612903225807,21.34193548387097,1.651612903225806,84.19354838709677,177.9,5.738709677419355,25,0,9.422580645161291,18.661290322580644,0,0,5.040159856630824,11,11,9.37258064516129,0,0,0,0,40.54072580645161,58.58857526881721,654.7755376344087,47.11572580645161,28.523924731182795,28.416666666666664,1.361559139784946,12.0,3.0,1.0,0.0,81.2390668325393,90.84778576830534,84.1216825132691,9.152214231694646,,
重庆,2023,11,29.563,106.5516,30,15.606666666666666,19.25,12.76,6.489999999999999,15.55,-0.056666666666666525,82.1,70.2,2.3400000000000003,17,0,10.933333333333334,20.816666666666666,0,0,5.2655454629629626,9,10,8.461333333333334,0,0,0,0,50.87375,73.57111111111111,826.3833333333333,45.33763888888889,39.55166666666666,22.355555555555554,1.2430555555555556,7.0,4.0,1.0,0.0,74.77255631710894,89.69457506310101,79.24916194090656,10.305424936898989,,
重庆,2023,12,29.563,106.5516,31,9.716129032258063,13.080645161290322,6.735483870967743,6.345161290322581,8.083870967741936,-1.632258064516129,80.12903225806451,15.6,0.5032258064516129,11,0,10.135483870967741,19.53548387096774,0,0,3.693097849462365,4,14,6.530322580645161,0,0,0,0,74.43481182795698,107.22096774193548,1212.491935483871,45.66518817204301,66.87096774193549,20.322580645161292,0.41666666666666663,4.0,17.0,0.0,0.0,62.69785883614451,86.24307116191919,69.76142253387692,13.756928838080798,,76.70058724932237
重庆,2024,1,29.563,106.5516,31,9.67741935483871,12.716129032258063,7.151612903225806,5.564516129032258,8.187096774193549,-1.4903225806451614,81.87096774193549,42.9,1.3838709677419354,17,0,8.529032258064515,17.093548387096774,0,0,2.659176612903226,2,19,5.8751612903225805,0,0,0,0,67.02674731182795,96.61922043010752,1157.983870967742,43.62889784946237,52.12903225806452,22.981182795698924,0.5994623655913978,5.0,13.0,0.0,0.0,61.93682553400693,87.367592418725,69.56605559942234,12.632407581275011,,76.229996352884
重庆,2024,2,29.563,106.5516,29,9.786206896551725,13.751724137931035,6.403448275862068,7.348275862068966,7.841379310344828,-1.9448275862068964,75.10344827586206,18.0,0.6206896551724138,16,0,11.196551724137931,21.144827586206898,0,0,4.1963027777777775,8,14,9.040344827586207,0,0,0,0,48.617816091954026,70.6852011494253,804.6537356321838,37.46350574712643,35.34985632183908,33.7198275862069,3.0258620689655173,7.0,4.0,1.0,0.0,63.07287391008738,89.87978141469594,71.11494616146996,10.120218585304055,,78.63933341050199
重庆,2024,3,29.563,106.5516,31,15.567741935483872,20.032258064516128,11.774193548387096,8.258064516129032,15.067741935483872,-0.5000000000000001,75.54838709677419,41.8,1.3483870967741935,20,0,12.416129032258064,23.970967741935485,0,0,6.251999462365592,14,10,12.654516129032258,0,0,0,0,48.40860215053764,71.68400537634407,687.2056451612904,40.09086021505376,25.238978494623655,42.01344086021505,5.561827956989247,5.0,1.0,4.0,0.0,76.06937582211104,89.62735318323026,80.1367690304468,10.372646816769747,,
重庆,2024,4,29.563,106.5516,30,20.546666666666667,24.646666666666665,17.296666666666667,7.35,22.35,1.8033333333333335,82.23333333333333,299.9,9.996666666666666,28,3,11.823333333333332,25.176666666666666,0,1,6.1834427777777785,13,9,13.870000000000001,1,0,0,0,40.065555555555555,58.271111111111104,541.0680555555556,43.03652777777778,20.389444444444447,52.21944444444444,4.3375,10.0,0.0,5.0,0.0,82.03671297661147,90.18001075145122,84.4797023090634,9.819989248548785,,
重庆,2024,5,29.563,106.5516,31,22.706451612903226,26.919354838709676,19.177419354838708,7.741935483870968,25.461290322580645,2.754838709677419,81.51612903225806,209.8,6.767741935483872,23,3,10.95483870967742,22.806451612903224,0,0,7.152115322580645,17,7,16.09774193548387,6,1,0,0,43.131182795698926,63.681989247311826,522.3131720430107,46.30456989247312,21.7872311827957,67.58467741935483,6.645161290322581,9.0,0.0,7.0,2.0,80.003735904737,88.88871983799447,82.66923108471424,11.111280162005523,,
重庆,2024,6,29.563,106.5516,30,24.913333333333334,28.12,21.966666666666665,6.153333333333334,29.14,4.226666666666667,83.7,175.4,5.846666666666667,22,3,9.389999999999999,19.716666666666665,0,0,6.3520929629629626,13,8,14.277333333333333,10,0,0,0,48.14013888888889,69.78444444444445,545.2763888888888,51.60347222222222,26.966527777777777,74.4236111111111,3.3,4.0,0.0,2.0,4.0,76.46925009024636,87.62108726352518,79.81480124223002,12.378912736474811,48.465759638025695,
重庆,2024,7,29.563,106.5516,31,29.135483870967743,32.97096774193548,25.80322580645161,7.16774193548387,34.74516129032258,5.6096774193548375,78.58064516129032,268.7,8.667741935483871,18,3,13.412903225806453,26.93548387096774,0,0,8.40349399641577,19,1,17.78774193548387,26,11,0,0,34.685887096774195,49.9614247311828,420.3655913978494,39.303763440860216,19.043010752688172,82.83870967741936,1.228494623655914,19.0,0.0,1.0,6.0,68.24707871123415,89.64043588072526,74.66508586208148,10.35956411927474,35.18474159589574,
重庆,2024,8,29.563,106.5516,31,31.629032258064516,36.438709677419354,27.048387096774192,9.390322580645162,36.37096774193548,4.741935483870969,63.45161290322581,60.7,1.9580645161290324,13,0,12.829032258064515,25.65806451612903,0,0,11.369937186379927,29,0,21.07967741935484,30,21,0,0,37.421505376344086,54.468010752688166,491.502688172043,43.89260752688172,19.74045698924731,101.63440860215054,2.794354838709677,15.0,0.0,2.0,12.0,65.56340832540404,88.08552482362357,72.32004327486989,11.91447517637642,35.02200298746012,
重庆,2024,9,29.563,106.5516,30,30.889999999999997,35.93333333333333,26.186666666666667,9.746666666666668,34.26,3.37,57.96666666666667,78.6,2.6199999999999997,16,1,14.97,30.176666666666666,0,0,10.127231018518518,25,2,17.524,28,23,0,0,31.134166666666665,44.72625,413.2277777777778,33.07666666666667,16.984027777777776,79.7,0.1611111111111111,21.0,0.0,0.0,5.0,70.27674527655662,90.5618864186604,76.36228761918775,9.438113581339616,,
重庆,2024,10,29.563,106.5516,31,19.274193548387096,22.461290322580645,16.700000000000003,5.761290322580645,20.448387096774194,1.1741935483870969,80.2258064516129,141.6,4.567741935483871,20,1,9.461290322580645,19.006451612903227,0,0,3.900582347670251,6,14,8.636774193548387,0,0,0,0,42.311290322580646,61.05766129032258,693.8346774193549,48.94569892473118,28.691532258064516,26.805107526881716,1.6384408602150538,10.0,0.0,1.0,0.0,82.85008759170523,90.59095627599096,85.17234819699095,9.409043724009047,,
重庆,2024,11,29.563,106.5516,30,15.113333333333333,17.583333333333332,13.213333333333333,4.37,15.423333333333334,0.30999999999999983,87.0,94.4,3.146666666666667,23,0,8.383333333333333,18.720000000000002,0,0,2.1978704629629626,1,19,5.403333333333333,0,0,0,0,67.35625,77.54152777777777,1068.411111111111,49.535833333333336,57.65263888888889,20.813888888888886,0.7458333333333333,3.0,8.0,0.0,0.0,71.8563282497474,87.37155798490811,76.51089717029562,12.6284420150919,,
重庆,2024,12,29.563,106.5516,31,8.922580645161291,11.51290322580645,6.887096774193548,4.625806451612903,7.374193548387097,-1.5483870967741933,82.16129032258064,39.0,1.2580645161290323,16,0,7.161290322580645,17.835483870967742,0,0,3.170910752688172,6,18,5.887741935483871,0,0,0,0,114.72016129032258,115.42311827956989,1446.7405913978496,50.62983870967742,100.84206989247313,26.41801075268817,0.9206989247311829,0.0,24.0,0.0,0.0,60.15648012998903,80.8794404441721,66.37336822424395,19.120559555827892,,74.51866047497215
重庆,2025,1,29.563,106.5516,31,8.858064516129033,12.148387096774194,6.219354838709678,5.929032258064517,7.280645161290322,-1.5774193548387097,84.41935483870968,53.8,1.7354838709677418,19,0,8.519354838709678,20.016129032258064,0,0,3.532998924731183,8,18,6.3506451612903225,0,0,0,0,114.27379032258065,115.54126344086022,1429.4879032258063,49.35416666666667,87.50631720430107,27.977150537634408,1.8991935483870968,0.0,28.0,0.0,0.0,58.95564797618383,81.14910424112531,65.61368485566628,18.850895758874685,,74.17106585414162
重庆,2025,2,29.563,106.5516,28,9.421428571428573,12.660714285714286,6.953571428571428,5.707142857142857,7.8,-1.6214285714285712,79.14285714285714,35.4,1.2642857142857142,18,0,8.335714285714285,20.332142857142856,0,0,3.1648303571428573,4,17,7.754642857142857,0,0,0,0,81.46488095238094,86.35565476190477,1022.9196428571429,40.28422619047619,64.90550595238095,35.78720238095238,8.434523809523808,3.0,16.0,5.0,0.0,61.92512611762551,85.53274747401782,69.0074125245432,14.467252525982174,,76.37671652484873
重庆,2025,3,29.563,106.5516,31,12.970967741935485,16.990322580645163,9.706451612903225,7.283870967741936,12.119354838709677,-0.8516129032258066,79.3225806451613,80.2,2.5870967741935487,22,0,8.98709677419355,22.870967741935484,0,0,4.730121684587814,9,14,10.673225806451613,0,0,0,0,73.91693548387096,84.58481182795698,789.9180107526881,44.73884408602151,44.36922043010753,46.079301075268816,19.423387096774192,4.0,13.0,18.0,0.0,69.25466238163368,86.10865232373366,74.31085936426366,13.891347676266328,,
重庆,2025,4,29.563,106.5516,30,19.84333333333333,24.55666666666667,15.860000000000001,8.696666666666665,21.203333333333333,1.3599999999999999,77.86666666666666,197.10000000000002,6.570000000000001,20,3,9.870000000000001,24.81,0,1,7.323508888888889,18,6,15.124333333333334,3,0,0,0,75.50999999999999,104.08333333333333,784.5805555555556,51.81861111111111,40.70902777777778,65.32916666666667,53.408333333333324,2.0,14.0,26.0,0.0,81.32324934408386,84.41865457087964,82.25187091212258,15.581345429120356,,
重庆,2025,5,29.563,106.5516,31,23.26774193548387,27.567741935483873,19.53548387096774,8.03225806451613,26.216129032258067,2.9483870967741934,79.3225806451613,207.20000000000002,6.683870967741936,21,3,9.19032258064516,24.364516129032257,0,0,7.278098118279569,19,8,16.307096774193546,6,0,0,0,58.77607526881721,74.81720430107528,646.2876344086022,50.124193548387105,37.0869623655914,70.38709677419355,30.342741935483872,6.0,8.0,23.0,2.0,81.0442031683531,86.48086324047229,82.67520118998885,13.519136759527719,,
重庆,2025,6,29.563,106.5516,30,26.273333333333333,30.503333333333334,22.61,7.8933333333333335,30.573333333333334,4.3,79.13333333333334,157.0,5.233333333333333,21,2,9.456666666666667,25.040000000000003,0,0,7.904623518518519,17,7,17.331,17,3,0,0,55.25472222222222,61.58513888888889,606.4611111111111,48.085972222222225,35.50819444444445,84.56805555555555,12.215277777777777,5.0,6.0,12.0,7.0,74.2421542336136,86.49401644240716,77.91771289625167,13.505983557592852,45.1307518147511,
重庆,2025,7,29.563,106.5516,31,30.270967741935483,35.08709677419355,26.225806451612904,8.861290322580645,36.09032258064516,5.819354838709677,73.35483870967742,225.5,7.274193548387097,21,4,10.348387096774195,28.274193548387096,0,0,10.10126353046595,23,1,20.338387096774195,30,17,0,0,48.14623655913979,48.44543010752688,547.7043010752687,46.15819892473118,35.44408602150538,101.47849462365592,0.3924731182795699,6.0,3.0,0.0,15.0,66.56412529768457,86.69674781163747,72.60391205187042,13.303252188362537,33.41103358098839,
重庆,2025,8,29.563,106.5516,31,31.177419354838708,36.02903225806452,26.858064516129033,9.170967741935483,35.65161290322581,4.474193548387097,63.16129032258065,183.0,5.903225806451613,22,2,12.438709677419356,32.42258064516129,0,0,10.028700448028674,27,1,18.927096774193547,29,17,0,0,35.11021505376344,35.450403225806454,450.9233870967742,37.8739247311828,29.1244623655914,95.43951612903226,0.5376344086021506,17.0,2.0,0.0,13.0,67.14272011648228,89.03706743208171,73.71102431116209,10.96293256791829,35.82879110044207,
重庆,2025,9,29.563,106.5516,30,26.293333333333333,30.483333333333334,23.153333333333332,7.33,30.653333333333332,4.359999999999999,79.8,172.8,5.760000000000001,24,2,9.870000000000001,26.13,0,0,6.232773888888889,12,7,13.219333333333333,18,5,0,0,41.6875,42.03013888888889,574.8152777777777,45.311249999999994,35.73458333333333,57.233333333333334,0.5194444444444444,11.0,1.0,0.0,4.0,74.88139537238094,89.5794811828925,79.2908211155344,10.420518817107517,,
重庆,2025,10,29.563,106.5516,31,21.39032258064516,24.774193548387096,18.9,5.874193548387097,23.725806451612904,2.335483870967743,81.25806451612904,176.1,5.680645161290323,26,3,9.580645161290322,23.41290322580645,0,0,5.098389068100358,9,11,9.96774193548387,8,0,0,0,44.73978494623656,44.99166666666666,659.6438172043011,40.200940860215056,37.49287634408602,36.18682795698924,0.33064516129032256,14.0,4.0,0.0,0.0,77.16608100203102,90.42311274769291,81.14319052572958,9.576887252307085,,
重庆,2025,11,29.563,106.5516,30,13.870000000000001,16.783333333333335,11.75,5.033333333333333,13.833333333333334,-0.036666666666666715,85.63333333333334,77.60000000000001,2.586666666666667,20,0,7.45,18.85666666666667,0,0,3.6243163888888885,7,18,7.040666666666667,0,0,0,0,92.27638888888889,94.02944444444444,1313.2847222222222,50.989583333333336,75.51861111111111,21.194444444444443,2.7375,2.0,22.0,0.0,0.0,69.75992454301728,84.11451184347706,74.06630073315522,15.885488156522928,,
重庆,2025,12,29.563,106.5516,31,11.061290322580644,13.448387096774193,9.13225806451613,4.316129032258065,10.174193548387096,-0.8870967741935486,85.80645161290323,44.9,1.4483870967741934,19,0,7.867741935483871,18.98709677419355,0,0,2.2443660394265232,2,21,5.14258064516129,0,0,0,0,123.5518817204301,124.73763440860215,1704.4327956989246,50.739650537634404,109.20470430107527,19.830645161290324,1.810483870967742,0.0,29.0,0.0,0.0,63.459018735676906,79.83392847048194,68.37149165611841,20.166071529518064,,74.38063550887074
青岛,2016,1,36.0671,120.3826,31,-0.10000000000000002,2.4322580645161294,-2.5999999999999996,5.032258064516129,-5.429032258064517,-5.329032258064516,59.903225806451616,1.4,0.04516129032258064,3,0,22.980645161290322,36.97741935483871,5,3,8.803525089605735,27,0,10.507741935483871,0,0,25,8,,,,,,,,0.0,0.0,0.0,0.0,52.32165048531761,,,,,58.89941657653167
青岛,2016,2,36.0671,120.3826,29,2.1620689655172414,5.096551724137932,-0.6793103448275862,5.775862068965517,-2.596551724137931,-4.758620689655173,67.17241379310344,18.3,0.6310344827586207,4,0,22.420689655172417,36.327586206896555,3,3,8.83424042145594,25,2,13.912413793103447,0,0,19,1,,,,,,,,0.0,0.0,0.0,0.0,51.31940988001527,,,,,63.29755067473601
青岛,2016,3,36.0671,120.3826,31,6.506451612903225,9.03225806451613,3.7580645161290325,5.274193548387097,2.674193548387097,-3.832258064516129,70.12903225806451,10.5,0.3387096774193548,4,0,21.041935483870965,35.0516129032258,3,1,10.67675940860215,28,0,19.283548387096772,0,0,5,0,,,,,,,,0.0,0.0,0.0,0.0,54.811605515605216,,,,,
青岛,2016,4,36.0671,120.3826,30,11.976666666666667,14.073333333333332,9.993333333333334,4.08,9.3,-2.6766666666666667,75.76666666666667,25.3,0.8433333333333334,4,0,23.89,38.266666666666666,6,4,9.847697962962963,24,3,19.962,0,0,0,0,,,,,,,,0.0,0.0,0.0,0.0,63.89478468052399,,,,,
青岛,2016,5,36.0671,120.3826,31,16.34193548387097,18.325806451612905,14.341935483870968,3.9838709677419355,15.138709677419355,-1.2032258064516133,76.80645161290323,49.1,1.5838709677419356,10,1,21.103225806451615,33.99677419354839,4,2,9.982010035842293,23,5,20.699032258064516,0,0,0,0,,,,,,,,0.0,0.0,0.0,0.0,73.3047457843354,,,,,
青岛,2016,6,36.0671,120.3826,30,20.586666666666666,22.146666666666665,19.05,3.0966666666666662,21.636666666666667,1.0499999999999998,86.56666666666666,71.5,2.3833333333333333,9,1,20.83,34.026666666666664,1,0,10.712781944444446,25,1,21.425666666666665,0,0,0,0,,,,,,,,0.0,0.0,0.0,0.0,78.68916258060905,,,,66.08273954304629,
青岛,2016,7,36.0671,120.3826,31,25.348387096774193,26.77741935483871,23.990322580645163,2.787096774193549,29.287096774193547,3.9387096774193546,89.83870967741936,81.6,2.6322580645161286,18,1,19.635483870967743,32.24516129032258,3,2,10.03694229390681,24,4,18.96709677419355,0,0,0,0,,,,,,,,0.0,0.0,0.0,0.0,71.31265292447515,,,,52.173102225253245,
青岛,2016,8,36.0671,120.3826,31,27.396774193548385,29.34193548387097,25.661290322580644,3.680645161290323,31.219354838709677,3.8225806451612914,77.2258064516129,62.3,2.009677419354839,15,1,18.154838709677417,29.90967741935484,3,1,10.610219982078853,26,1,18.92774193548387,9,0,0,0,,,,,,,,0.0,0.0,0.0,0.0,71.9048795775494,,,,47.652799825279665,
青岛,2016,9,36.0671,120.3826,30,23.366666666666667,25.34333333333333,21.466666666666665,3.8766666666666665,24.66,1.2933333333333334,73.46666666666667,47.1,1.57,13,1,19.746666666666666,32.236666666666665,1,1,9.64414814814815,24,3,16.478,0,0,0,0,,,,,,,,0.0,0.0,0.0,0.0,80.84211105203147,,,,,
青岛,2016,10,36.0671,120.3826,31,17.393548387096775,19.309677419354838,15.290322580645162,4.019354838709678,16.12258064516129,-1.2709677419354841,72.64516129032258,80.6,2.5999999999999996,14,1,21.62258064516129,35.25483870967742,4,3,6.540216397849463,17,10,10.68774193548387,0,0,0,0,,,,,,,,0.0,0.0,0.0,0.0,77.17839631635822,,,,,
青岛,2016,11,36.0671,120.3826,30,9.906666666666666,12.003333333333334,7.4399999999999995,4.5633333333333335,6.33,-3.5766666666666667,67.33333333333333,13.7,0.45666666666666667,6,0,23.896666666666665,38.236666666666665,5,4,7.3839550925925925,18,3,9.904666666666666,0,0,0,0,,,,,,,,0.0,0.0,0.0,0.0,63.23873145225894,,,,,
青岛,2016,12,36.0671,120.3826,31,4.95483870967742,7.254838709677419,2.5161290322580645,4.738709677419355,0.5064516129032258,-4.448387096774193,68.19354838709677,29.3,0.9451612903225807,9,0,22.225806451612904,36.13225806451613,6,5,6.911062365591397,18,5,8.07258064516129,0,0,10,0,,,,,,,,0.0,0.0,0.0,0.0,54.985234612858605,,,,,68.89130233906421
青岛,2017,1,36.0671,120.3826,31,1.7645161290322582,4.83225806451613,-1.5741935483870966,6.406451612903226,-2.796774193548387,-4.561290322580645,67.74193548387096,36.3,1.1709677419354838,6,0,21.593548387096774,37.23870967741936,8,8,7.87911935483871,24,5,9.950645161290323,0,0,22,4,,,,,,,,0.0,0.0,0.0,0.0,51.45841639061628,,,,,61.16004463271816
青岛,2017,2,36.0671,120.3826,28,2.7142857142857144,6.021428571428571,-0.7785714285714286,6.8,-2.0571428571428574,-4.771428571428571,64.92857142857143,15.1,0.5392857142857143,7,0,24.625,42.56428571428571,7,8,8.663397123015873,21,3,13.352142857142857,0,0,18,1,,,,,,,,0.0,0.0,0.0,0.0,52.16011689612593,,,,,64.10048942422823
青岛,2017,3,36.0671,120.3826,31,6.732258064516128,10.751612903225807,2.770967741935484,7.980645161290322,2.929032258064516,-3.8032258064516125,65.96774193548387,21.6,0.6967741935483871,6,0,23.364516129032257,41.667741935483875,4,7,9.5102832437276,25,2,17.631612903225808,0,0,5,0,,,,,,,,0.0,0.0,0.0,0.0,56.412963297503175,,,,,
青岛,2017,4,36.0671,120.3826,30,13.286666666666667,16.976666666666667,9.6,7.376666666666667,10.553333333333335,-2.7333333333333334,67.93333333333334,22.5,0.75,11,0,25.77,45.13333333333333,8,9,10.453747592592594,26,1,21.65233333333333,0,0,0,0,,,,,,,,0.0,0.0,0.0,0.0,67.67061288315176,,,,,
青岛,2017,5,36.0671,120.3826,31,18.29032258064516,21.758064516129032,15.077419354838709,6.680645161290323,16.958064516129035,-1.3322580645161293,70.03225806451613,32.2,1.038709677419355,5,0,25.44193548387097,44.91290322580645,3,5,11.44357652329749,27,3,23.336129032258064,0,0,0,0,,,,,,,,0.0,0.0,0.0,0.0,76.88616488750968,,,,,
青岛,2017,6,36.0671,120.3826,30,21.60666666666667,24.413333333333334,18.833333333333332,5.58,22.52,0.9133333333333338,78.13333333333334,38.0,1.2666666666666666,11,1,24.240000000000002,43.4,4,4,11.910591851851851,26,1,23.688,0,0,0,0,,,,,,,,0.0,0.0,0.0,0.0,80.54779382641634,,,,65.89964900603019,
青岛,2017,7,36.0671,120.3826,31,26.887096774193548,28.703225806451613,25.183870967741935,3.519354838709677,31.661290322580644,4.774193548387097,87.87096774193549,188.1,6.067741935483871,21,3,21.845161290322583,39.29354838709677,3,4,8.897158960573476,22,4,18.765483870967742,6,0,0,0,,,,,,,,0.0,0.0,0.0,0.0,68.21663043593645,,,,45.55455188237231,
青岛,2017,8,36.0671,120.3826,31,26.42258064516129,28.648387096774194,24.164516129032258,4.483870967741935,30.448387096774194,4.025806451612904,83.61290322580645,136.0,4.387096774193548,20,1,20.561290322580643,36.73225806451613,4,4,9.116878673835124,23,3,17.81032258064516,7,0,0,0,,,,,,,,0.0,0.0,0.0,0.0,71.58032821238355,,,,48.179621579345564,
青岛,2017,9,36.0671,120.3826,30,22.743333333333332,25.31,19.6,5.71,24.216666666666665,1.4733333333333334,77.3,83.2,2.7733333333333334,10,1,19.666666666666668,34.486666666666665,2,2,9.29865611111111,23,3,16.419666666666668,0,0,0,0,,,,,,,,0.0,0.0,0.0,0.0,82.19818344080909,,,,,
青岛,2017,10,36.0671,120.3826,31,15.870967741935484,18.916129032258063,12.874193548387096,6.041935483870968,14.048387096774194,-1.82258064516129,69.64516129032258,30.5,0.9838709677419355,8,0,20.748387096774195,35.42258064516129,5,5,7.014646505376343,18,7,11.503548387096775,0,0,0,0,,,,,,,,0.0,0.0,0.0,0.0,75.62688013317435,,,,,
青岛,2017,11,36.0671,120.3826,30,9.110000000000001,12.21,5.556666666666667,6.653333333333333,5.08,-4.03,59.53333333333333,2.8,0.09333333333333332,4,0,24.03666666666667,40.70666666666667,6,6,8.053977407407407,21,1,10.206,0,0,3,0,,,,,,,,0.0,0.0,0.0,0.0,63.26516648834676,,,,,
青岛,2017,12,36.0671,120.3826,31,2.7193548387096773,5.974193548387096,-0.5741935483870968,6.548387096774194,-2.07741935483871,-4.796774193548386,59.225806451612904,0.6,0.01935483870967742,3,0,22.338709677419356,38.47741935483871,5,5,8.051078673835125,23,1,9.071290322580644,0,0,22,0,,,,,,,,0.0,0.0,0.0,0.0,54.09977374287311,,,,,64.39824998158636
青岛,2018,1,36.0671,120.3826,31,-0.4387096774193549,2.696774193548387,-3.4419354838709677,6.138709677419355,-5.658064516129032,-5.219354838709678,58.41935483870968,4.7,0.15161290322580645,7,0,22.92258064516129,39.50322580645161,8,8,7.45777670250896,20,3,9.47258064516129,0,0,26,10,,,,,,,,0.0,0.0,0.0,0.0,51.35487989490268,,,,,56.29561480327223
青岛,2018,2,36.0671,120.3826,28,1.0785714285714285,4.603571428571429,-2.3285714285714287,6.932142857142857,-3.832142857142857,-4.910714285714286,60.214285714285715,2.3,0.08214285714285714,2,0,25.832142857142856,43.978571428571435,10,9,8.297511111111112,20,2,12.538571428571428,0,0,21,7,,,,,,,,0.0,0.0,0.0,0.0,51.256340931849536,,,,,59.01946076228052
青岛,2018,3,36.0671,120.3826,31,6.619354838709677,9.76774193548387,3.609677419354839,6.158064516129032,2.616129032258064,-4.0032258064516135,74.93548387096774,31.200000000000003,1.006451612903226,5,0,24.58709677419355,42.73225806451613,8,8,8.445115143369176,21,5,15.052903225806451,0,0,5,0,,,,,,,,0.0,0.0,0.0,0.0,54.28319415848835,,,,,
青岛,2018,4,36.0671,120.3826,30,11.82,15.433333333333334,8.813333333333333,6.62,8.389999999999999,-3.4299999999999997,68.06666666666666,25.0,0.8333333333333334,8,0,27.0,46.419999999999995,7,7,9.010184907407409,22,4,18.049,0,0,0,0,,,,,,,,0.0,0.0,0.0,0.0,63.61730753688884,,,,,
青岛,2018,5,36.0671,120.3826,31,16.73548387096774,19.993548387096773,13.825806451612904,6.16774193548387,15.829032258064515,-0.9064516129032258,81.19354838709677,59.599999999999994,1.9225806451612901,12,0,23.61935483870968,41.36774193548387,5,5,8.793525089605735,22,4,19.39741935483871,0,0,0,0,,,,,,,,0.0,0.0,0.0,0.0,73.81264574204208,,,,,
青岛,2018,6,36.0671,120.3826,30,21.283333333333335,23.813333333333333,18.91,4.903333333333334,22.423333333333336,1.1400000000000001,84.8,63.300000000000004,2.1100000000000003,10,1,22.863333333333333,41.42666666666666,1,2,9.647158148148149,23,2,20.139333333333333,1,0,0,0,,,,,,,,0.0,0.0,0.0,0.0,79.85139489218024,,,,64.07106700951016,
青岛,2018,7,36.0671,120.3826,31,25.787096774193547,27.4741935483871,24.316129032258065,3.158064516129032,29.65806451612903,3.8709677419354844,89.7741935483871,146.49999999999997,4.725806451612902,19,2,23.48709677419355,41.08064516129032,3,3,9.632364784946235,24,3,19.761935483870968,1,0,0,0,,,,,,,,0.0,0.0,0.0,0.0,70.1436827761817,,,,50.72563547187565,
青岛,2018,8,36.0671,120.3826,31,27.596774193548388,29.919354838709676,25.309677419354838,4.609677419354839,31.580645161290324,3.9838709677419355,81.29032258064517,156.1,5.035483870967742,17,1,23.370967741935484,41.07419354838709,6,7,9.950949731182796,23,2,19.328064516129032,17,0,0,0,,,,,,,,0.0,0.0,0.0,0.0,69.62825542603443,,,,43.58781898469651,
青岛,2018,9,36.0671,120.3826,30,22.03666666666667,25.016666666666666,19.12,5.8966666666666665,23.033333333333335,0.9966666666666668,72.93333333333334,77.10000000000001,2.5700000000000003,12,0,17.553333333333335,31.290000000000003,1,1,8.73353925925926,22,5,15.815666666666667,0,0,0,0,,,,,,,,0.0,0.0,0.0,0.0,83.5412929415884,,,,,
青岛,2018,10,36.0671,120.3826,31,15.570967741935483,19.219354838709677,11.66451612903226,7.554838709677419,13.245161290322581,-2.325806451612903,62.225806451612904,21.099999999999998,0.6806451612903225,5,0,20.519354838709678,35.748387096774195,3,5,9.681569265232975,27,0,14.493548387096775,0,0,0,0,,,,,,,,0.0,0.0,0.0,0.0,76.52519640814994,,,,,
青岛,2018,11,36.0671,120.3826,30,10.226666666666667,13.426666666666668,6.9433333333333325,6.483333333333333,7.376666666666667,-2.85,72.0,23.9,0.7966666666666666,9,0,18.226666666666667,31.233333333333334,2,2,6.873726203703703,17,3,9.011333333333333,0,0,0,0,,,,,,,,0.0,0.0,0.0,0.0,64.2147252026866,,,,,
青岛,2018,12,36.0671,120.3826,31,2.3548387096774195,5.34516129032258,-0.6483870967741936,5.993548387096775,-2.390322580645161,-4.745161290322581,64.38709677419355,23.0,0.7419354838709677,8,0,22.822580645161292,38.63870967741936,8,8,6.592222670250896,16,6,7.964516129032258,0,0,20,4,,,,,,,,0.0,0.0,0.0,0.0,53.755636298779926,,,,,61.52468215524063
青岛,2019,1,36.0671,120.3826,31,0.8129032258064516,4.448387096774193,-2.490322580645161,6.938709677419355,-3.7516129032258063,-4.564516129032258,62.645161290322584,6.699999999999999,0.21612903225806449,5,0,18.451612903225808,31.996774193548386,3,3,7.785425985663083,20,4,9.833548387096775,0,0,29,2,,,,,,,,0.0,0.0,0.0,0.0,52.742324033694885,,,,,59.69486942582818
青岛,2019,2,36.0671,120.3826,28,1.7642857142857142,5.192857142857143,-1.667857142857143,6.860714285714286,-2.667857142857143,-4.432142857142857,65.92857142857143,9.0,0.32142857142857145,10,0,20.432142857142857,35.31785714285714,3,3,6.581833234126984,13,5,11.029285714285715,0,0,21,2,,,,,,,,0.0,0.0,0.0,0.0,52.420493661485644,,,,,60.76105880717313
青岛,2019,3,36.0671,120.3826,31,7.696774193548387,11.480645161290322,3.838709677419355,7.641935483870968,3.5999999999999996,-4.096774193548387,65.2258064516129,16.9,0.5451612903225806,4,0,25.864516129032257,44.92580645161291,8,9,9.394341577060931,25,3,16.35258064516129,0,0,0,0,,,,,,,,0.0,0.0,0.0,0.0,57.03832991308942,,,,,
青岛,2019,4,36.0671,120.3826,30,11.663333333333332,14.783333333333333,8.55,6.233333333333333,8.743333333333334,-2.92,72.86666666666666,47.4,1.5799999999999998,14,0,24.133333333333333,42.07,5,6,8.298047777777777,20,5,17.067,0,0,0,0,,,,,,,,0.0,0.0,0.0,0.0,64.98348093081418,,,,,
青岛,2019,5,36.0671,120.3826,31,17.822580645161292,21.606451612903225,13.948387096774193,7.658064516129032,16.15483870967742,-1.6677419354838707,67.80645161290323,23.8,0.767741935483871,7,0,26.56451612903226,45.58709677419355,6,7,9.90062535842294,26,3,21.23967741935484,0,0,0,0,,,,,,,,0.0,0.0,0.0,0.0,77.25834306572203,,,,,
青岛,2019,6,36.0671,120.3826,30,20.936666666666667,23.503333333333334,18.903333333333332,4.6,21.803333333333335,0.8666666666666668,84.26666666666667,68.9,2.296666666666667,7,1,22.523333333333333,41.279999999999994,1,4,10.006089907407407,24,2,20.732000000000003,0,0,0,0,,,,,,,,0.0,0.0,0.0,0.0,80.49778115989997,,,,65.5295185261644,
青岛,2019,7,36.0671,120.3826,31,25.73225806451613,28.0258064516129,23.738709677419354,4.287096774193548,29.580645161290324,3.8483870967741933,86.0,56.0,1.8064516129032258,20,0,20.9,38.40967741935484,1,2,10.324396774193549,27,0,20.20451612903226,3,0,0,0,,,,,,,,0.0,0.0,0.0,0.0,72.58661447823404,,,,51.34094329611756,
青岛,2019,8,36.0671,120.3826,31,25.903225806451612,28.470967741935485,23.416129032258063,5.05483870967742,29.02258064516129,3.1193548387096772,79.58064516129032,105.4,3.4000000000000004,17,1,22.516129032258064,40.17741935483871,4,5,9.379760573476702,22,3,18.63806451612903,2,0,0,0,,,,,,,,0.0,0.0,0.0,0.0,74.60065394540754,,,,52.88112984011831,
青岛,2019,9,36.0671,120.3826,30,23.39333333333333,27.30666666666667,19.813333333333333,7.493333333333334,24.043333333333333,0.6500000000000001,67.1,9.3,0.31,5,0,20.779999999999998,37.24666666666667,2,2,10.439552129629629,29,1,17.927666666666667,2,0,0,0,,,,,,,,0.0,0.0,0.0,0.0,84.61219383842489,,,,,
青岛,2019,10,36.0671,120.3826,31,16.712903225806453,20.370967741935484,12.94516129032258,7.425806451612904,15.112903225806452,-1.6,67.06451612903226,18.5,0.5967741935483871,8,0,20.687096774193545,35.81290322580645,5,5,8.359905645161291,23,3,12.921290322580646,0,0,0,0,,,,,,,,0.0,0.0,0.0,0.0,77.97397444519396,,,,,
青岛,2019,11,36.0671,120.3826,30,10.51,14.08,6.42,7.66,6.95,-3.56,64.53333333333333,26.099999999999998,0.8699999999999999,6,0,25.03666666666667,42.50333333333333,8,8,7.267642777777778,19,5,9.397333333333334,0,0,4,0,,,,,,,,0.0,0.0,0.0,0.0,65.25918716843087,,,,,
青岛,2019,12,36.0671,120.3826,31,4.0677419354838715,7.258064516129032,0.23225806451612904,7.025806451612904,-0.267741935483871,-4.335483870967742,70.16129032258064,22.7,0.732258064516129,7,0,22.48709677419355,38.36774193548387,4,4,7.030579121863799,19,5,8.138387096774194,0,0,15,1,,,,,,,,0.0,0.0,0.0,0.0,53.34736854832282,,,,,65.53642863160964
青岛,2020,1,36.0671,120.3826,31,2.1258064516129034,5.551612903225807,-0.8806451612903226,6.432258064516129,-2.3806451612903223,-4.506451612903225,71.09677419354838,43.8,1.4129032258064516,7,1,20.106451612903225,34.91612903225807,4,4,6.946274193548387,20,5,8.714193548387096,0,0,24,0,,,,,,,,0.0,0.0,0.0,0.0,51.41681256637685,,,,,60.905344200374955
青岛,2020,2,36.0671,120.3826,29,3.865517241379311,7.068965517241379,0.3551724137931035,6.713793103448276,-0.3896551724137931,-4.255172413793104,76.13793103448276,43.2,1.4896551724137932,10,0,23.524137931034485,39.95862068965517,3,3,7.277475287356322,16,5,11.152413793103449,0,0,15,0,,,,,,,,0.0,0.0,0.0,0.0,51.61570866520234,,,,,63.886688329824665
青岛,2020,3,36.0671,120.3826,31,7.864516129032259,11.454838709677418,4.041935483870968,7.412903225806451,3.9129032258064513,-3.9516129032258065,68.70967741935483,7.8,0.25161290322580643,8,0,26.138709677419353,44.63870967741936,9,9,8.713510573476702,20,4,15.789032258064516,0,0,3,0,,,,,,,,0.0,0.0,0.0,0.0,57.17487451896286,,,,,
青岛,2020,4,36.0671,120.3826,30,11.656666666666666,16.023333333333333,7.6033333333333335,8.42,8.06,-3.5966666666666667,58.4,21.2,0.7066666666666667,6,0,25.42,45.2,7,9,9.927315462962962,24,3,19.645333333333333,0,0,0,0,,,,,,,,0.0,0.0,0.0,0.0,64.77822074723225,,,,,
青岛,2020,5,36.0671,120.3826,31,16.799999999999997,19.519354838709678,14.364516129032259,5.15483870967742,15.55483870967742,-1.2451612903225808,80.83870967741936,120.6,3.890322580645161,15,1,26.693548387096776,45.95483870967742,10,9,9.187233512544804,23,3,19.193225806451615,0,0,0,0,,,,,,,,0.0,0.0,0.0,0.0,73.19987357596251,,,,,
青岛,2020,6,36.0671,120.3826,30,21.48,23.94333333333333,19.25,4.693333333333333,23.029999999999998,1.55,86.4,89.3,2.9766666666666666,11,2,22.073333333333334,38.79,1,2,8.824504444444445,20,4,18.858666666666668,0,0,0,0,,,,,,,,0.0,0.0,0.0,0.0,80.80838824077554,,,,62.736592954670826,
青岛,2020,7,36.0671,120.3826,31,23.20967741935484,25.5258064516129,21.125806451612902,4.4,25.541935483870965,2.332258064516129,86.6774193548387,271.7,8.764516129032257,17,3,23.03548387096774,40.92903225806452,4,4,8.576749014336919,20,6,18.266451612903225,0,0,0,0,,,,,,,,0.0,0.0,0.0,0.0,77.83053330382337,,,,57.917374196189854,
青岛,2020,8,36.0671,120.3826,31,26.23225806451613,28.112903225806452,24.490322580645163,3.6225806451612903,30.567741935483873,4.335483870967742,89.41935483870968,221.5,7.145161290322581,22,1,21.716129032258067,38.4741935483871,1,1,7.993584408602151,18,5,16.69516129032258,0,0,0,0,,,,,,,,0.0,0.0,0.0,0.0,70.41648943053325,,,,48.670030730581374,
青岛,2020,9,36.0671,120.3826,30,22.573333333333334,25.57,19.61,5.96,24.066666666666666,1.4933333333333336,76.36666666666666,32.8,1.0933333333333333,14,0,18.206666666666667,32.36333333333333,0,0,10.230557037037038,25,0,17.43133333333333,0,0,0,0,,,,,,,,0.0,0.0,0.0,0.0,83.49715165314137,,,,,
青岛,2020,10,36.0671,120.3826,31,16.025806451612905,19.35483870967742,12.212903225806452,7.141935483870968,14.241935483870968,-1.7838709677419353,65.41935483870968,6.800000000000001,0.21935483870967745,3,0,18.13225806451613,31.677419354838708,1,2,7.413567741935484,18,4,12.098064516129034,0,0,0,0,,,,,,,,0.0,0.0,0.0,0.0,78.2543984018292,,,,,
青岛,2020,11,36.0671,120.3826,30,10.293333333333333,13.253333333333334,6.913333333333333,6.34,6.986666666666666,-3.3066666666666666,67.6,36.300000000000004,1.2100000000000002,5,1,21.716666666666665,37.059999999999995,5,5,7.0390597222222215,19,4,9.399000000000001,0,0,2,0,,,,,,,,0.0,0.0,0.0,0.0,64.91226522405513,,,,,
青岛,2020,12,36.0671,120.3826,31,1.8548387096774193,5.290322580645161,-1.5451612903225806,6.835483870967742,-2.9451612903225803,-4.800000000000001,62.58064516129032,11.5,0.3709677419354839,3,0,21.883870967741935,37.58387096774193,6,7,7.302455376344086,18,2,8.778387096774193,0,0,20,3,,,,,,,,0.0,0.0,0.0,0.0,53.330086449887276,,,,,62.55609549170021
青岛,2021,1,36.0671,120.3826,31,0.4032258064516129,4.019354838709678,-3.0612903225806454,7.080645161290323,-4.651612903225807,-5.05483870967742,64.70967741935483,2.6,0.08387096774193549,3,0,24.293548387096774,41.09032258064516,4,7,8.364996326164874,23,2,10.302903225806451,0,0,24,9,,,,,,,,0.0,0.0,0.0,0.0,50.583249014984624,,,,,57.558881101310554
青岛,2021,2,36.0671,120.3826,28,4.103571428571429,7.528571428571429,0.39285714285714285,7.135714285714285,-0.31785714285714295,-4.421428571428572,68.71428571428571,30.400000000000002,1.0857142857142859,5,0,23.542857142857144,40.05714285714286,6,6,8.28454117063492,23,4,12.336428571428572,0,0,12,1,,,,,,,,0.0,0.0,0.0,0.0,52.512392967005255,,,,,66.72932596457633
青岛,2021,3,36.0671,120.3826,31,7.509677419354839,11.135483870967741,4.109677419354839,7.025806451612904,3.9,-3.609677419354839,72.70967741935483,34.7,1.1193548387096774,6,0,23.283870967741933,40.42903225806452,5,4,8.85485152329749,22,3,16.02774193548387,0,0,4,0,,,,,,,,0.0,0.0,0.0,0.0,56.819088274218515,,,,,
青岛,2021,4,36.0671,120.3826,30,11.856666666666666,14.963333333333333,8.913333333333332,6.05,8.93,-2.9266666666666667,71.43333333333334,77.3,2.5766666666666667,15,1,24.116666666666667,41.97666666666667,5,5,8.691073333333332,20,5,17.303,0,0,0,0,,,,,,,,0.0,0.0,0.0,0.0,64.83636347061945,,,,,
青岛,2021,5,36.0671,120.3826,31,16.612903225806452,20.003225806451614,13.503225806451614,6.5,14.712903225806452,-1.9000000000000001,73.25806451612904,51.6,1.664516129032258,14,0,28.761290322580646,48.84516129032258,14,13,9.063642562724015,20,5,19.927419354838708,0,0,0,0,,,,,,,,0.0,0.0,0.0,0.0,73.68035652560818,,,,,
青岛,2021,6,36.0671,120.3826,30,21.38,23.796666666666667,19.14333333333333,4.653333333333333,22.456666666666667,1.0766666666666667,84.93333333333334,54.300000000000004,1.81,13,0,23.779999999999998,41.28666666666666,5,5,8.416068425925927,19,6,19.151666666666664,0,0,0,0,,,,,,,,0.0,0.0,0.0,0.0,79.73400849491831,,,,63.35649672043946,
青岛,2021,7,36.0671,120.3826,31,25.296774193548387,27.15806451612903,23.59032258064516,3.5677419354838706,28.635483870967743,3.338709677419355,88.2258064516129,114.4,3.6903225806451614,18,2,24.448387096774194,42.23548387096774,6,7,8.841553494623657,20,5,18.82,1,0,0,0,,,,,,,,0.0,0.0,0.0,0.0,72.4124601206193,,,,52.27644806829666,
青岛,2021,8,36.0671,120.3826,31,25.612903225806452,27.787096774193547,23.229032258064517,4.558064516129033,29.374193548387098,3.7612903225806456,83.45161290322581,273.7,8.829032258064515,24,2,19.916129032258063,36.593548387096774,2,3,8.826817831541218,21,7,17.911290322580644,0,0,0,0,,,,,,,,0.0,0.0,0.0,0.0,72.78708286861179,,,,52.07828183465497,
青岛,2021,9,36.0671,120.3826,30,23.12,25.543333333333333,20.603333333333335,4.94,24.773333333333333,1.6533333333333329,82.56666666666666,172.6,5.753333333333333,14,2,23.133333333333333,39.973333333333336,5,5,8.20103537037037,18,6,14.911333333333333,0,0,0,0,,,,,,,,0.0,0.0,0.0,0.0,80.36272813691312,,,,,
青岛,2021,10,36.0671,120.3826,31,16.212903225806453,19.396774193548385,13.180645161290323,6.216129032258064,15.003225806451614,-1.2096774193548385,74.48387096774194,52.4,1.6903225806451612,11,0,20.870967741935484,35.08064516129032,5,5,7.518810663082437,18,4,12.165161290322581,0,0,0,0,,,,,,,,0.0,0.0,0.0,0.0,74.56482627810614,,,,,
青岛,2021,11,36.0671,120.3826,30,10.49,13.606666666666666,6.95,6.656666666666666,7.1066666666666665,-3.3833333333333333,70.06666666666666,41.1,1.37,10,0,24.313333333333333,40.64,8,8,7.71909,19,3,10.102666666666666,0,0,0,0,,,,,,,,0.0,0.0,0.0,0.0,63.54832349872709,,,,,
青岛,2021,12,36.0671,120.3826,31,3.935483870967742,7.529032258064516,0.1870967741935484,7.341935483870968,-0.5225806451612904,-4.458064516129033,65.90322580645162,2.5,0.08064516129032258,4,0,22.37741935483871,37.11290322580645,7,6,7.685181899641577,20,3,8.93741935483871,0,0,12,4,,,,,,,,0.0,0.0,0.0,0.0,54.96262891414637,,,,,66.6814855039224
青岛,2022,1,36.0671,120.3826,31,0.7806451612903227,4.296774193548386,-2.574193548387097,6.870967741935484,-3.8,-4.580645161290323,68.45161290322581,6.3,0.2032258064516129,4,0,20.293548387096774,33.58064516129032,3,3,7.795176254480286,21,3,9.83290322580645,0,0,30,2,,,,,,,,0.0,0.0,0.0,0.0,51.76516130681976,,,,,58.35655448919218
青岛,2022,2,36.0671,120.3826,28,0.975,4.460714285714286,-2.582142857142857,7.042857142857143,-3.692857142857143,-4.667857142857143,62.0,0.8,0.028571428571428574,2,0,21.45357142857143,36.364285714285714,5,4,8.941485615079365,24,1,13.671428571428573,0,0,24,4,,,,,,,,0.0,0.0,0.0,0.0,52.50625866365174,,,,,60.221882861413306
青岛,2022,3,36.0671,120.3826,31,7.238709677419355,10.890322580645162,3.8451612903225807,7.04516129032258,3.1322580645161286,-4.106451612903226,70.83870967741936,27.8,0.8967741935483872,8,0,27.274193548387096,45.21290322580645,10,9,8.423585842293907,22,4,15.523548387096774,0,0,4,0,,,,,,,,0.0,0.0,0.0,0.0,55.755990761269494,,,,,
青岛,2022,4,36.0671,120.3826,30,12.403333333333334,16.356666666666666,9.129999999999999,7.2266666666666675,9.55,-2.853333333333333,71.6,7.0,0.23333333333333334,5,0,25.540000000000003,43.03333333333333,6,6,9.731040555555555,24,1,19.749666666666666,0,0,0,0,,,,,,,,0.0,0.0,0.0,0.0,66.17107114573523,,,,,
青岛,2022,5,36.0671,120.3826,31,17.538709677419355,20.787096774193547,14.238709677419354,6.548387096774194,15.816129032258065,-1.7225806451612902,69.54838709677419,13.5,0.43548387096774194,7,0,27.580645161290324,45.935483870967744,11,11,10.586896684587813,26,1,22.13,0,0,0,0,,,,,,,,0.0,0.0,0.0,0.0,76.7387998622141,,,,,
青岛,2022,6,36.0671,120.3826,30,21.936666666666667,24.583333333333332,19.983333333333334,4.6000000000000005,23.35666666666667,1.4200000000000004,87.86666666666666,263.3,8.776666666666667,17,4,25.246666666666666,42.769999999999996,5,4,8.736914814814815,21,4,18.810666666666666,1,0,0,0,,,,,,,,0.0,0.0,0.0,0.0,78.0749395579443,,,,61.076920491577056,
青岛,2022,7,36.0671,120.3826,31,25.429032258064513,27.548387096774192,23.541935483870965,4.006451612903226,29.41290322580645,3.9838709677419355,89.70967741935483,159.6,5.148387096774194,22,2,21.94193548387097,37.29677419354839,3,4,8.443418279569892,20,5,18.582903225806454,1,0,0,0,,,,,,,,0.0,0.0,0.0,0.0,71.7451724851091,,,,50.59714938373316,
青岛,2022,8,36.0671,120.3826,31,26.20967741935484,28.44516129032258,23.903225806451612,4.541935483870968,30.212903225806453,4.003225806451613,83.03225806451613,233.9,7.54516129032258,16,4,19.68064516129032,33.13548387096775,0,0,7.872056899641576,17,6,17.33967741935484,9,0,0,0,,,,,,,,0.0,0.0,0.0,0.0,72.2370304481175,,,,47.298986271444996,
青岛,2022,9,36.0671,120.3826,30,21.90666666666667,24.740000000000002,18.776666666666664,5.963333333333334,22.876666666666665,0.9700000000000001,75.96666666666667,177.1,5.903333333333333,6,2,20.236666666666668,34.49,5,5,9.742889814814815,26,2,17.814,0,0,0,0,,,,,,,,0.0,0.0,0.0,0.0,82.16584871457874,,,,,
青岛,2022,10,36.0671,120.3826,31,15.229032258064517,18.38064516129032,11.761290322580646,6.619354838709677,13.316129032258065,-1.9129032258064513,70.29032258064517,34.7,1.1193548387096774,5,0,21.638709677419353,36.34838709677419,8,6,8.014265860215053,21,4,12.949032258064516,0,0,0,0,,,,,,,,0.0,0.0,0.0,0.0,73.96432986422496,,,,,
青岛,2022,11,36.0671,120.3826,30,11.9,14.82,8.283333333333333,6.536666666666666,9.273333333333333,-2.6266666666666665,76.36666666666666,33.9,1.13,13,0,22.65666666666667,37.39,6,6,5.974353981481482,11,7,8.533999999999999,0,0,2,0,,,,,,,,0.0,0.0,0.0,0.0,66.10409115205272,,,,,
青岛,2022,12,36.0671,120.3826,31,0.9483870967741935,4.341935483870968,-2.0806451612903225,6.422580645161291,-4.293548387096774,-5.241935483870968,58.516129032258064,1.5,0.04838709677419355,2,0,24.22258064516129,39.487096774193546,7,7,7.90311541218638,23,1,9.231290322580646,0,0,26,1,,,,,,,,0.0,0.0,0.0,0.0,52.84486203062345,,,,,60.66980209915976
青岛,2023,1,36.0671,120.3826,31,0.9741935483870966,4.393548387096774,-2.6451612903225805,7.038709677419354,-3.9741935483870967,-4.948387096774193,64.93548387096774,9.4,0.3032258064516129,6,0,24.14516129032258,39.170967741935485,6,6,8.08623817204301,22,2,10.112903225806452,0,0,25,6,46.814112903225805,72.75336021505376,641.3790322580645,40.3369623655914,47.56465053763441,37.9771505376344,8.114247311827956,13.0,5.0,9.0,0.0,51.51593828099474,89.61655437892207,62.94612311037294,10.38344562107793,,66.4240984517659
青岛,2023,2,36.0671,120.3826,28,2.4678571428571425,5.9678571428571425,-1.0035714285714286,6.971428571428571,-2.0,-4.4678571428571425,69.53571428571429,7.0,0.25,4,0,22.24285714285714,37.153571428571425,4,3,8.516960218253969,22,2,12.861785714285714,0,0,19,0,44.13407738095238,67.91443452380952,480.13541666666663,38.89523809523809,39.58571428571429,47.279761904761905,1.0267857142857142,11.0,3.0,0.0,0.0,51.05715356870433,89.85595564963758,62.69679419298429,10.144044350362426,,69.76817346700362
青岛,2023,3,36.0671,120.3826,31,8.32258064516129,11.883870967741935,4.274193548387097,7.609677419354839,4.448387096774193,-3.874193548387097,67.19354838709677,17.8,0.5741935483870968,2,0,24.990322580645163,41.82258064516129,8,7,9.435892204301075,26,3,16.478387096774192,0,0,1,0,61.37916666666666,95.9087365591398,525.872311827957,40.80524193548387,41.66787634408602,56.80510752688172,9.688172043010752,6.0,9.0,13.0,1.0,58.068982266780274,87.17608386432998,66.80111274604518,12.82391613567002,,
青岛,2023,4,36.0671,120.3826,30,12.743333333333334,16.233333333333334,9.553333333333335,6.680000000000001,9.263333333333332,-3.48,66.0,63.9,2.13,10,1,28.540000000000003,47.013333333333335,10,9,8.632545555555556,20,7,18.06566666666667,0,0,0,0,52.02111111111112,81.19097222222221,336.28472222222223,34.27208333333333,33.86083333333333,70.24861111111112,10.981944444444444,9.0,4.0,10.0,4.0,65.69200747158351,88.25050805127883,72.45955764549211,11.749491948721165,,
青岛,2023,5,36.0671,120.3826,31,18.038709677419355,21.35483870967742,15.119354838709677,6.235483870967743,16.848387096774193,-1.1903225806451614,74.03225806451613,59.5,1.9193548387096775,11,1,25.84516129032258,43.480645161290326,9,8,8.53479982078853,21,4,19.249032258064517,0,0,0,0,47.80752688172043,72.40322580645162,328.252688172043,41.26061827956989,33.88306451612903,71.10349462365592,2.5497311827956985,11.0,3.0,1.0,3.0,77.51355080774353,88.39694439802932,80.77856888482926,11.603055601970688,,
青岛,2023,6,36.0671,120.3826,30,22.59333333333333,26.086666666666666,19.676666666666666,6.409999999999999,23.716666666666665,1.1233333333333333,78.23333333333333,93.0,3.1,12,1,24.483333333333334,42.64666666666667,3,3,9.868465462962964,24,2,20.862000000000002,4,0,0,0,47.48236111111111,71.20722222222223,338.5722222222222,35.288333333333334,32.31777777777778,96.30277777777778,1.340277777777778,9.0,4.0,1.0,12.0,81.43326192421928,87.53140756364498,83.26270561604699,12.468592436355012,61.6220718766894,
青岛,2023,7,36.0671,120.3826,31,26.296774193548387,29.1,23.74516129032258,5.354838709677419,29.90967741935484,3.6129032258064515,83.90322580645162,187.6,6.051612903225807,20,3,22.75483870967742,42.593548387096774,6,8,9.638052150537634,24,1,20.104193548387098,7,0,0,0,28.676075268817204,44.88333333333333,340.5712365591398,23.51451612903226,11.19744623655914,109.39650537634408,1.7728494623655915,20.0,0.0,2.0,19.0,72.27780582044582,89.9933796571346,77.59247797145244,10.006620342865405,49.18652722580606,
青岛,2023,8,36.0671,120.3826,31,26.406451612903226,29.858064516129033,23.338709677419356,6.519354838709678,29.693548387096776,3.2870967741935484,78.16129032258064,206.8,6.670967741935484,15,3,20.35483870967742,38.932258064516134,1,3,10.526425,27,2,20.481290322580644,18,0,0,0,27.32540322580645,43.807123655913976,477.08870967741933,23.482795698924733,16.642876344086023,113.60752688172043,2.1169354838709675,24.0,0.0,2.0,18.0,73.35915481963366,89.7111888520416,78.26476502935604,10.288811147958397,47.29638472022791,
青岛,2023,9,36.0671,120.3826,30,23.19333333333333,26.703333333333333,20.046666666666667,6.656666666666666,25.14333333333333,1.95,76.7,92.60000000000001,3.086666666666667,9,1,16.773333333333333,32.016666666666666,1,1,8.694483425925927,21,5,16.277,1,0,0,0,27.07875,44.26819444444445,418.45694444444445,29.054027777777776,19.63,88.44861111111112,4.558333333333334,24.0,0.0,3.0,11.0,82.11907852616952,90.6794993010421,84.68720475863128,9.320500698957911,,
青岛,2023,10,36.0671,120.3826,31,18.51290322580645,22.35483870967742,14.30967741935484,8.04516129032258,17.296774193548387,-1.2161290322580647,63.41935483870968,0.7000000000000001,0.022580645161290325,3,0,18.56451612903226,34.593548387096774,0,0,9.097464964157707,25,1,14.09741935483871,0,0,0,0,30.663306451612904,48.74543010752688,426.2647849462366,31.817069892473118,22.07486559139785,52.071236559139784,4.30241935483871,20.0,0.0,3.0,0.0,83.20085716801974,91.86671090601875,85.80061328941943,8.133289093981247,,
青岛,2023,11,36.0671,120.3826,30,9.806666666666667,12.906666666666666,6.41,6.496666666666667,5.926666666666666,-3.8800000000000003,61.53333333333333,27.7,0.9233333333333333,7,0,25.9,47.026666666666664,8,10,7.038542777777778,19,4,9.422,0,0,3,0,24.975416666666668,40.348194444444445,425.15138888888885,25.109444444444442,19.565416666666668,44.12361111111111,4.775,22.0,0.0,5.0,0.0,63.63989403977549,93.29347703413602,72.53596893808366,6.706522965863977,,
青岛,2023,12,36.0671,120.3826,31,1.8548387096774193,5.16774193548387,-1.467741935483871,6.635483870967741,-3.1903225806451614,-5.04516129032258,62.70967741935484,21.400000000000002,0.6903225806451614,7,0,23.82903225806452,43.00322580645161,11,13,7.059415322580645,17,4,8.16258064516129,0,0,21,8,33.711290322580645,51.291935483870965,574.1841397849462,29.946370967741935,25.94260752688172,37.68010752688172,1.0739247311827955,17.0,2.0,1.0,0.0,53.40741440092872,92.13674132330229,65.02621247764078,7.863258676697724,,68.0047650652511
青岛,2024,1,36.0671,120.3826,31,0.9354838709677419,4.470967741935484,-2.5483870967741935,7.019354838709678,-3.832258064516129,-4.767741935483871,68.80645161290323,13.4,0.432258064516129,7,0,21.490322580645163,39.50967741935484,5,6,6.935311917562724,19,7,8.72741935483871,0,0,27,4,38.73817204301075,60.8875,613.5510752688172,32.02432795698925,25.05779569892473,34.72446236559139,1.1680107526881722,16.0,1.0,0.0,0.0,50.37621997252338,91.54606438216294,62.72717329541525,8.453935617837066,,66.05340774755813
青岛,2024,2,36.0671,120.3826,29,1.1344827586206896,4.93448275862069,-2.103448275862069,7.037931034482758,-4.175862068965517,-5.310344827586207,65.86206896551724,31.1,1.0724137931034483,11,0,24.768965517241377,45.58965517241379,6,9,6.9396439655172415,17,7,11.239310344827587,0,0,24,2,38.49396551724138,60.484195402298845,644.551724137931,26.606896551724137,21.489224137931036,44.94540229885057,3.1781609195402294,17.0,3.0,1.0,0.0,51.476137030729845,91.37550618424869,63.445947776785495,8.62449381575131,,67.14820136864877
青岛,2024,3,36.0671,120.3826,31,7.048387096774194,11.183870967741935,3.2225806451612904,7.961290322580645,2.861290322580645,-4.187096774193549,65.19354838709677,28.0,0.9032258064516129,11,0,24.738709677419354,45.26451612903226,4,8,9.00965340501792,25,3,16.53451612903226,0,0,6,0,36.65443548387096,64.21760752688172,506.81586021505376,25.738575268817204,17.230779569892473,55.13844086021505,17.9247311827957,12.0,0.0,17.0,0.0,56.49175713434664,91.22975765664135,66.91315729103505,8.770242343358648,,
青岛,2024,4,36.0671,120.3826,30,12.866666666666667,17.30666666666667,9.646666666666667,7.66,10.393333333333334,-2.4733333333333336,73.83333333333333,39.1,1.3033333333333335,7,0,21.863333333333333,40.666666666666664,3,4,9.021671388888889,22,3,18.566333333333333,0,0,0,0,34.26722222222222,57.17305555555556,395.89166666666665,28.813888888888886,14.279166666666667,58.21527777777778,10.359722222222222,17.0,0.0,9.0,1.0,66.9410714006208,91.41255409853528,74.28251620999512,8.58744590146473,,
青岛,2024,5,36.0671,120.3826,31,17.496774193548386,21.896774193548385,13.983870967741936,7.912903225806452,16.15806451612903,-1.338709677419355,72.2258064516129,48.2,1.5548387096774194,11,0,24.70967741935484,45.78064516129032,6,9,10.109148207885305,25,1,21.359354838709677,0,0,0,0,30.84408602150538,51.08897849462365,363.35483870967744,27.000940860215056,11.308602150537634,78.75537634408602,8.817204301075268,22.0,0.0,7.0,5.0,76.29017928338978,90.99171460213113,80.70063987901217,9.008285397868875,,
青岛,2024,6,36.0671,120.3826,30,22.63,26.32,19.466666666666665,6.8533333333333335,23.836666666666666,1.2066666666666663,77.3,42.7,1.4233333333333333,10,0,21.763333333333332,42.36,0,3,10.06656277777778,25,2,21.684,1,0,0,0,26.300833333333333,43.97986111111111,317.66111111111115,25.893472222222222,9.869027777777777,94.14722222222221,5.169444444444443,24.0,0.0,6.0,14.0,81.57872182415935,90.89912905814218,84.3748439943542,9.100870941857814,62.71053990398746,
青岛,2024,7,36.0671,120.3826,31,25.68064516129032,28.083870967741937,23.629032258064516,4.45483870967742,29.325806451612905,3.6451612903225805,87.6774193548387,483.6,15.600000000000001,21,8,24.548387096774192,44.961290322580645,7,11,7.964643548387097,18,7,17.73709677419355,3,0,0,0,30.5252688172043,46.77150537634409,425.59811827956986,27.263978494623654,11.501344086021506,100.23655913978494,0.13440860215053763,24.0,1.0,0.0,20.0,71.06327719875728,89.96569861679579,76.73400362416884,10.03430138320421,49.69066357173925,
青岛,2024,8,36.0671,120.3826,31,27.929032258064513,30.438709677419357,25.43548387096774,5.003225806451613,33.31612903225806,5.387096774193548,84.90322580645162,261.9,8.448387096774193,21,3,17.84193548387097,34.351612903225806,2,3,10.088736559139784,26,3,19.383870967741935,21,0,0,0,32.87567204301075,51.329301075268816,407.13709677419354,25.8119623655914,15.90524193548387,128.0752688172043,1.2311827956989247,15.0,0.0,1.0,25.0,66.8507500435766,88.33406665845918,73.29574502804137,11.665933341540814,39.04685505387644,
青岛,2024,9,36.0671,120.3826,30,24.220000000000002,27.326666666666664,20.886666666666667,6.44,26.373333333333335,2.1533333333333333,76.43333333333334,55.0,1.8333333333333333,15,0,19.706666666666667,36.583333333333336,3,4,9.97902361111111,25,1,17.281,3,0,0,0,19.056805555555556,31.3,383.40277777777777,24.967499999999998,15.753333333333334,82.14583333333333,0.4402777777777778,28.0,0.0,0.0,8.0,78.73520005692583,92.240754013482,82.78686624389269,7.759245986518,,
青岛,2024,10,36.0671,120.3826,31,16.387096774193548,20.161290322580644,12.790322580645162,7.370967741935484,14.8,-1.5870967741935484,70.51612903225806,96.8,3.1225806451612903,11,1,20.951612903225808,38.303225806451614,4,5,7.86744829749104,21,5,12.830645161290322,0,0,0,0,27.950537634408605,49.00013440860215,361.2069892473118,25.6,16.328494623655914,64.65188172043011,9.866935483870968,21.0,0.0,9.0,3.0,76.63520631584797,91.97474827264159,81.23706890288605,8.025251727358404,,
青岛,2024,11,36.0671,120.3826,30,11.496666666666666,14.756666666666666,8.166666666666666,6.59,8.783333333333333,-2.7133333333333334,64.9,15.4,0.5133333333333333,4,0,18.456666666666667,39.04666666666667,5,8,7.486999907407408,17,3,9.794,0,0,1,0,29.84777777777778,43.28569444444444,517.1263888888889,26.20111111111111,21.897916666666667,50.95972222222222,7.291666666666667,21.0,0.0,9.0,0.0,67.7372677642094,92.262506028352,75.09483924345218,7.737493971647982,,
青岛,2024,12,36.0671,120.3826,31,3.358064516129032,6.45483870967742,0.5741935483870968,5.880645161290323,-1.232258064516129,-4.590322580645162,52.45161290322581,0.0,0.0,0,0,18.299999999999997,42.377419354838715,1,10,8.339082437275986,23,0,9.304193548387097,0,0,15,0,36.152284946236556,39.84126344086022,702.8951612903226,31.804301075268814,34.17580645161291,40.99193548387097,3.5524193548387095,15.0,0.0,2.0,0.0,55.634660922752374,91.51957773468787,66.40013596633302,8.480422265312132,,74.58356635243364
青岛,2025,1,36.0671,120.3826,31,2.161290322580645,5.387096774193548,-0.7612903225806451,6.148387096774194,-2.3096774193548386,-4.470967741935484,56.774193548387096,0.7,0.02258064516129032,2,0,17.638709677419353,41.89677419354839,3,10,8.122186648745519,22,3,10.011612903225807,0,0,19,3,41.0877688172043,45.94852150537634,719.9825268817204,34.06223118279569,27.489381720430107,40.163978494623656,4.978494623655914,13.0,2.0,5.0,0.0,52.54048918143125,90.98452167574347,64.07369892972491,9.015478324256543,,70.8225941012226
青岛,2025,2,36.0671,120.3826,28,1.8964285714285716,5.107142857142857,-1.0928571428571427,6.2,-2.8000000000000003,-4.696428571428571,53.67857142857143,5.6,0.19999999999999998,4,0,20.142857142857142,47.660714285714285,2,10,9.411815674603174,26,1,13.898214285714285,0,0,19,3,36.24107142857143,42.66755952380952,561.2752976190476,25.474553571428572,20.65967261904762,56.63541666666667,7.785714285714286,18.0,1.0,5.0,0.0,52.45879913895002,91.38571314620188,64.13687334112556,8.614286853798124,,70.6521884757619
青岛,2025,3,36.0671,120.3826,31,8.596774193548388,12.825806451612904,4.706451612903226,8.119354838709677,4.696774193548387,-3.9000000000000004,59.87096774193548,74.7,2.4096774193548387,10,1,21.641935483870967,48.70967741935484,2,15,8.899750985663083,22,3,15.897096774193548,0,0,1,0,40.847311827956986,56.8616935483871,482.43951612903226,29.114784946236558,20.79516129032258,63.52150537634408,24.712365591397848,15.0,4.0,15.0,0.0,59.24035281837675,90.28368269905246,68.55335178257945,9.716317300947539,,
青岛,2025,4,36.0671,120.3826,30,13.84,17.84,10.103333333333333,7.736666666666666,10.833333333333334,-3.006666666666667,59.36666666666667,27.6,0.92,9,0,22.826666666666664,51.81333333333334,3,16,10.937894444444446,29,0,20.919,0,0,0,0,35.969027777777775,47.46208333333333,432.075,32.32180555555556,17.68125,71.70416666666667,16.086111111111112,18.0,0.0,20.0,2.0,70.50909812822168,90.42847164258592,76.48491018253095,9.571528357414088,,
青岛,2025,5,36.0671,120.3826,31,17.92258064516129,21.338709677419356,14.780645161290321,6.558064516129033,16.46451612903226,-1.4580645161290322,67.38709677419355,62.6,2.0193548387096776,8,0,20.9,47.619354838709675,1,11,9.735443906810035,25,3,21.066129032258065,0,0,0,0,35.806989247311826,46.53172043010753,383.6720430107527,29.125672043010756,13.670967741935485,89.47311827956989,15.637096774193548,16.0,0.0,15.0,11.0,78.07064348741133,89.86276792098917,81.60828081748467,10.137232079010834,,
青岛,2025,6,36.0671,120.3826,30,23.063333333333333,26.596666666666668,20.35666666666667,6.239999999999999,24.709999999999997,1.646666666666667,76.53333333333333,152.2,5.073333333333333,16,2,19.05,43.019999999999996,0,5,9.19013787037037,22,2,20.669666666666668,3,0,0,0,34.54472222222223,41.62652777777778,388.0111111111111,32.891666666666666,13.76361111111111,93.1125,9.808333333333334,17.0,0.0,7.0,11.0,81.52572153599412,89.68303084189661,83.97291432776485,10.316969158103392,60.26440378654194,
青岛,2025,7,36.0671,120.3826,31,28.309677419354838,31.138709677419353,25.83225806451613,5.306451612903226,32.5258064516129,4.216129032258065,77.0,94.2,3.0387096774193547,16,1,18.716129032258067,44.47096774193548,0,8,11.70515546594982,28,0,22.783870967741933,21,1,0,0,28.871505376344086,32.130510752688174,280.57526881720435,22.834811827956987,12.33790322580645,97.32392473118279,0.5537634408602151,19.0,0.0,0.0,15.0,68.68852219896448,90.7971494160963,75.32111036410403,9.202850583903698,42.46712275957506,
青岛,2025,8,36.0671,120.3826,31,28.470967741935485,30.770967741935483,26.39032258064516,4.380645161290323,33.65161290322581,5.180645161290323,80.74193548387096,139.0,4.483870967741935,25,1,16.799999999999997,40.403225806451616,0,3,9.815238440860217,24,0,18.929354838709674,20,0,0,0,24.52755376344086,26.969623655913978,364.9516129032258,20.733064516129033,14.248924731182795,108.70430107526882,0.35215053763440857,25.0,0.0,0.0,20.0,67.81324638667736,90.72074365445805,74.68549556701157,9.279256345541965,39.40180589422562,
青岛,2025,9,36.0671,120.3826,30,23.103333333333335,25.886666666666667,20.626666666666665,5.260000000000001,25.52,2.4166666666666665,80.43333333333334,240.2,8.006666666666666,19,4,15.113333333333333,34.74,1,3,7.440046018518518,17,6,14.403666666666668,0,0,0,0,26.265416666666667,31.72611111111111,440.13055555555553,26.678611111111113,18.403194444444445,93.28472222222221,8.179166666666667,22.0,0.0,9.0,12.0,79.4804242363251,90.79084644692922,82.87355089950634,9.209153553070783,,
青岛,2025,10,36.0671,120.3826,31,16.616129032258065,19.348387096774193,14.19032258064516,5.158064516129032,15.66451612903226,-0.9516129032258063,75.41935483870968,102.89999999999999,3.319354838709677,18,0,19.190322580645162,42.44193548387097,1,6,6.273576792114695,14,6,10.66451612903226,0,0,0,0,20.23293010752688,23.77782258064516,403.79973118279565,22.135349462365593,18.20725806451613,68.95430107526882,3.9206989247311825,28.0,0.0,3.0,5.0,75.44208153235317,92.94051183846975,80.69161062418814,7.059488161530255,,
青岛,2025,11,36.0671,120.3826,30,11.17,14.82,7.233333333333333,7.586666666666667,8.146666666666667,-3.0233333333333334,61.36666666666667,6.8,0.22666666666666666,3,0,18.493333333333332,42.54333333333333,4,9,8.286472592592594,24,2,10.476333333333335,0,0,0,0,40.75277777777777,55.10444444444445,565.5402777777778,27.41347222222222,26.19263888888889,50.572222222222216,21.975,13.0,3.0,19.0,0.0,67.37294575233405,90.86852299254038,74.42161892439594,9.131477007459633,,
青岛,2025,12,36.0671,120.3826,31,4.609677419354839,7.7,1.261290322580645,6.438709677419355,0.28064516129032263,-4.329032258064516,60.67741935483871,17.2,0.5548387096774193,5,0,20.345161290322583,45.667741935483875,0,13,7.373787903225806,21,3,8.646451612903226,0,0,13,0,31.736962365591395,34.90779569892473,633.9274193548387,24.61263440860215,26.24072580645161,47.61559139784946,2.939516129032258,23.0,2.0,1.0,0.0,55.833602453045025,92.24974238751675,66.75844443338654,7.750257612483241,,74.67928942266998
